{
  "type": "materials",
  "path": "Gebäudetechnik / Nutzung / Nutzung Beförderungstechnik",
  "items": [
    {
      "UUID": "5212102b-44bc-4928-9ef7-aeb364657c76",
      "Name": "Usage - elevator high usage (400.000 rides/a)",
      "Standard Conformity": "'EN 15804+A2 (EF 3.1)'",
      "Country Code": "DE",
      "Declaration owner": "Sphera Solutions GmbH",
      "Reference Quantity": "8765.77840112202",
      "Reference": "a"
    },
    {
      "UUID": "52d31f1f-d533-47c3-997c-4ca9d126054f",
      "Name": "Usage - elevator low usage (100.000 rides/a)",
      "Standard Conformity": "'EN 15804+A2 (EF 3.1)'",
      "Country Code": "DE",
      "Declaration owner": "Sphera Solutions GmbH",
      "Reference Quantity": "8765.77840112202",
      "Reference": "a"
    },
    {
      "UUID": "6aa6f5f7-6b02-443a-8ed5-15073bcc81f2",
      "Name": "Kerberos Tripod Barrier-E01",
      "Standard Conformity": "'DIN EN 15804+A2' / 'ISO 14025'",
      "Country Code": "GLO",
      "Declaration owner": "dormakaba International Holding GmbH",
      "Register Number": "EPD-DOR-20240125-CBA1-EN",
      "Reference Quantity": "1",
      "Reference": "pcs."
    },
    {
      "UUID": "fd1c8776-ae52-47ca-8be0-2b933d1a78c5",
      "Name": "Usage - elevator average usage (200.000 rides/a)",
      "Standard Conformity": "'EN 15804+A2 (EF 3.1)'",
      "Country Code": "DE",
      "Declaration owner": "Sphera Solutions GmbH",
      "Reference Quantity": "8765.77840112202",
      "Reference": "a"
    }
  ]
}