{
  "type": "materials",
  "path": "Dämmstoffe / Siliziumdioxid-basiert / Hydrophobe Platten",
  "items": [
    {
      "UUID": "0d1d1452-7492-4508-b634-5bd0cff7edd8",
      "Name": "MICROTHERM® Flexible panels range: (Semi-)Overstitched Panels, (Semi-)Quilted Panels, Slatted Panels, Aeroguard (>160 kg/m3) and Slimflex",
      "Standard Conformity": "'DIN EN 15804+A2' / 'ISO 14025'",
      "Country Code": "RER",
      "Declaration owner": "Etex Building Performance International",
      "Register Number": "EPD-ETE-20230096-IBA1-EN",
      "Reference Quantity": "2.2",
      "Reference": "kg",
      "Area Weight (kg/m2)": "2.2",
      "Density (kg/m3)": "220.0"
    }
  ]
}