{
  "type": "materials",
  "path": "Gebäudetechnik / Beförderung / Fahrstuhl",
  "items": [
    {
      "UUID": "c583414f-e4a8-440e-a01f-cf2f31a2d7b2",
      "Name": "Elevator basic component (independent of floor)",
      "Standard Conformity": "'EN 15804+A2 (EF 3.1)'",
      "Country Code": "DE",
      "Declaration owner": "Sphera Solutions GmbH",
      "Reference Quantity": "1",
      "Reference": "pcs."
    },
    {
      "UUID": "ed2d739a-67e4-4d37-89b4-6b91ab57651c",
      "Name": "Elevator basic component (dependent of floor)",
      "Standard Conformity": "'EN 15804+A2 (EF 3.1)'",
      "Country Code": "DE",
      "Declaration owner": "Sphera Solutions GmbH",
      "Reference Quantity": "1",
      "Reference": "pcs."
    }
  ]
}