{
  "type": "materials",
  "path": "Holz / Holzböden / Parkett",
  "items": [
    {
      "UUID": "19c8f194-c3ab-4797-9b1a-8f1788bf12d8",
      "Name": "Multi layer parquet (generic)",
      "Standard Conformity": "'EN 15804+A2 (EF 3.1)'",
      "Country Code": "DE",
      "Declaration owner": "Sphera Solutions GmbH",
      "Reference Quantity": "1",
      "Reference": "qm",
      "Area Weight (kg/m2)": "6.5"
    },
    {
      "UUID": "2b389c60-468e-4f3e-abfa-f279262ecd5d",
      "Name": "Strip parquet (generic)",
      "Standard Conformity": "'EN 15804+A2 (EF 3.1)'",
      "Country Code": "DE",
      "Declaration owner": "Sphera Solutions GmbH",
      "Reference Quantity": "1",
      "Reference": "qm",
      "Area Weight (kg/m2)": "11.5"
    },
    {
      "UUID": "53b9dc3a-0128-40b9-b363-750bf86e342b",
      "Name": "Multi-layered engineered wood flooring",
      "Standard Conformity": "'DIN EN 15804+A2' / 'ISO 14025'",
      "Country Code": "RER",
      "Declaration owner": "Parador GmbH",
      "Register Number": "EPD-PAR-20230067-IBC1-DE",
      "Reference Quantity": "1",
      "Reference": "qm",
      "Area Weight (kg/m2)": "7.01",
      "Density (kg/m3)": "539.0"
    },
    {
      "UUID": "6b316150-e55c-4c57-ba3f-128768599784",
      "Name": "Multi-layer parquet",
      "Standard Conformity": "'DIN EN 15804+A2' / 'ISO 14025'",
      "Country Code": "RER",
      "Declaration owner": "VdP - Verband der Deutschen Parkettindustrie e.V.",
      "Register Number": "EPD-VDP-20210112-IBG1-DE",
      "Reference Quantity": "1",
      "Reference": "qm",
      "Area Weight (kg/m2)": "7.37",
      "Density (kg/m3)": "410.0"
    },
    {
      "UUID": "9cd7c3e7-6959-4f28-aa80-ede9b40bf22f",
      "Name": "Longlife parquet",
      "Standard Conformity": "'DIN EN 15804+A2' / 'ISO 14025'",
      "Country Code": "DE",
      "Declaration owner": "MeisterWerke Schulte GmbH",
      "Register Number": "EPD-MWS-20220201-ICA1-DE",
      "Reference Quantity": "1",
      "Reference": "qm",
      "Area Weight (kg/m2)": "11.0",
      "Density (kg/m3)": "500.0"
    },
    {
      "UUID": "bbbae8e3-3023-42b1-a58b-3cae9d482e10",
      "Name": "Solid wood parquet (German average)",
      "Standard Conformity": "'EN 15804+A2' / 'EN 16485'",
      "Country Code": "DE",
      "Declaration owner": "Thünen-Institut für Holzforschung",
      "Reference Quantity": "1",
      "Reference": "qm",
      "Area Weight (kg/m2)": "11.71",
      "Density (kg/m3)": "665.34"
    },
    {
      "UUID": "bfa87d42-18f1-4d7c-8786-ee60826b5050",
      "Name": "Multi-layer parquet (German average)",
      "Standard Conformity": "'EN 15804+A2' / 'EN 16485'",
      "Country Code": "DE",
      "Declaration owner": "Thünen-Institut für Holzforschung",
      "Reference Quantity": "1",
      "Reference": "qm",
      "Area Weight (kg/m2)": "8.88",
      "Density (kg/m3)": "667.67"
    }
  ]
}