{
  "type": "materials",
  "path": "Beschichtungen / Reaktionsharze / Reaktionsharze auf Epoxidharzbasis",
  "items": [
    {
      "UUID": "08200e30-b0b9-4a66-bf3d-e369ed234e72",
      "Name": "Products based on epoxy-resin, group 2",
      "Standard Conformity": "'DIN EN 15804+A2' / 'ISO 14025'",
      "Country Code": "RER",
      "Declaration owner": "FEICA - Association of the European Adhesive and Sealant Industry",
      "Register Number": "EPD-DBC-20220175-IBF1-EN",
      "Reference Quantity": "1",
      "Reference": "kg"
    },
    {
      "UUID": "3ad99306-7e2d-4f70-a86a-acb8c93a04ed",
      "Name": "Products based on epoxy-resin, group 3",
      "Standard Conformity": "'DIN EN 15804+A2' / 'ISO 14025'",
      "Country Code": "RER",
      "Declaration owner": "FEICA - Association of the European Adhesive and Sealant Industry",
      "Register Number": "EPD-DBC-20220176-IBF1-EN",
      "Reference Quantity": "1",
      "Reference": "kg"
    },
    {
      "UUID": "57e60724-96e8-4c62-9ccc-5d3be755ec1a",
      "Name": "Products based on epoxy-resin, group 4",
      "Standard Conformity": "'DIN EN 15804+A2' / 'ISO 14025'",
      "Country Code": "RER",
      "Declaration owner": "FEICA - Association of the European Adhesive and Sealant Industry",
      "Register Number": "EPD-DBC-20220177-IBF1-EN",
      "Reference Quantity": "1",
      "Reference": "kg"
    },
    {
      "UUID": "5916a356-69a8-457e-9b54-1232d6af5da9",
      "Name": "Reactive resin based on epoxy resin, filled",
      "Standard Conformity": "'EN 15804+A2 (EF 3.1)'",
      "Country Code": "DE",
      "Declaration owner": "Sphera Solutions GmbH",
      "Reference Quantity": "1",
      "Reference": "kg"
    },
    {
      "UUID": "87cc61ae-d50d-4d5f-8daa-d62e1e118427",
      "Name": "Products based on epoxy-resin, group 5",
      "Standard Conformity": "'DIN EN 15804+A2' / 'ISO 14025'",
      "Country Code": "RER",
      "Declaration owner": "FEICA - Association of the European Adhesive and Sealant Industry",
      "Register Number": "EPD-DBC-20220178-IBF1-EN",
      "Reference Quantity": "1",
      "Reference": "kg"
    },
    {
      "UUID": "a8955021-e75e-4a98-9ed5-e3c0ad719588",
      "Name": "HIT-RE 500 V3",
      "Standard Conformity": "'DIN EN 15804+A2' / 'ISO 14025'",
      "Country Code": "DE",
      "Declaration owner": "Hilti Aktiengesellschaft",
      "Register Number": "EPD-HIL-20230519-IBA1-EN",
      "Reference Quantity": "1",
      "Reference": "kg",
      "Density (kg/m3)": "1420.0"
    },
    {
      "UUID": "ec688cc6-1713-47eb-af5d-e53dbe44cf1d",
      "Name": "HIT-RE 500 V4",
      "Standard Conformity": "'DIN EN 15804+A2' / 'ISO 14025'",
      "Country Code": "DE",
      "Declaration owner": "Hilti Aktiengesellschaft",
      "Register Number": "EPD-HIL-20220125-IBA3-EN",
      "Reference Quantity": "1",
      "Reference": "kg",
      "Density (kg/m3)": "1420.0"
    }
  ]
}