{
  "type": "materials",
  "path": "Beschichtungen / Lacke und Lasuren / Parkettlack",
  "items": [
    {
      "UUID": "4332d46b-434c-4dd4-9896-4f5d00fafdfb",
      "Name": "eukula® strato nature 484",
      "Standard Conformity": "'EN 15804+A2' / 'ISO 14025'",
      "Country Code": "DE",
      "Declaration owner": "Dr. Schutz GmbH",
      "Register Number": "EPD-Dr. Schutz-283-EN",
      "Reference Quantity": "1",
      "Reference": "qm",
      "Area Weight (kg/m2)": "0.2"
    },
    {
      "UUID": "43d72a8a-3f3c-49ab-91fc-b4b9b409d987",
      "Name": "Parquet top-coating transparent",
      "Standard Conformity": "'EN 15804+A2 (EF 3.1)'",
      "Country Code": "DE",
      "Declaration owner": "Sphera Solutions GmbH",
      "Reference Quantity": "1",
      "Reference": "kg"
    },
    {
      "UUID": "76331b58-1ec3-4dd2-a87c-3736e774ca07",
      "Name": "Parquet primer, water diluted",
      "Standard Conformity": "'EN 15804+A2 (EF 3.1)'",
      "Country Code": "DE",
      "Declaration owner": "Sphera Solutions GmbH",
      "Reference Quantity": "1",
      "Reference": "kg"
    },
    {
      "UUID": "83696aee-c834-4d37-a2a1-b8126b95ae96",
      "Name": "Dr. Schutz® PU Wood Invisible",
      "Standard Conformity": "'EN 15804+A2' / 'ISO 14025'",
      "Country Code": "DE",
      "Declaration owner": "Dr. Schutz GmbH",
      "Register Number": "EPD-Dr. Schutz-305-EN",
      "Reference Quantity": "1",
      "Reference": "qm",
      "Area Weight (kg/m2)": "0.2"
    }
  ]
}