{
  "type": "materials",
  "path": "Beschichtungen / Lacke und Lasuren / Lacksysteme Holzfenster",
  "items": [
    {
      "UUID": "152ff22b-522e-400e-baee-812a9c6443d9",
      "Name": "Application primer water based (windows, white)",
      "Standard Conformity": "'EN 15804+A2 (EF 3.1)'",
      "Country Code": "DE",
      "Declaration owner": "Sphera Solutions GmbH",
      "Reference Quantity": "1",
      "Reference": "kg"
    },
    {
      "UUID": "b4a1a7a4-d5b2-4abe-85d8-88506b234a4d",
      "Name": "Application intermediate coating water based (windows, white)",
      "Standard Conformity": "'EN 15804+A2 (EF 3.1)'",
      "Country Code": "DE",
      "Declaration owner": "Sphera Solutions GmbH",
      "Reference Quantity": "1",
      "Reference": "kg"
    },
    {
      "UUID": "b98e2a9b-fc58-44a5-af19-149f560bee8d",
      "Name": "Application top-coating water based (windows, white)",
      "Standard Conformity": "'EN 15804+A2 (EF 3.1)'",
      "Country Code": "DE",
      "Declaration owner": "Sphera Solutions GmbH",
      "Reference Quantity": "1",
      "Reference": "kg"
    },
    {
      "UUID": "f635c16f-3323-4b90-9618-919e1bbb12b3",
      "Name": "Intelligent Protect",
      "Standard Conformity": "'EN 15804+A2' / 'ISO 14025'",
      "Country Code": "BZ",
      "Declaration owner": "Intelligent Membranes Ltd.",
      "Register Number": "EPD-IntelligentMembranes-248-EN",
      "Reference Quantity": "1",
      "Reference": "qm",
      "Area Weight (kg/m2)": "0.6"
    }
  ]
}