{
    "Element Metadata": {
        "Name": "Assembled Stair:Stair:1458173 Run 1",
        "Type": "IfcStairFlight",
        "ObjectType": "Non-Monolithic Run:Stahlstufen gefaltet"
    },
    "Element Material Data": [
        {
            "IfcEntity": "IfcMaterial",
            "Material Name": "Stahl"
        }
    ],
    "Element Property Sets": {
        "Psets Element": {
            "Location Line": "Run: Center",
            "Actual Number of Risers": "16.0",
            "Actual Number of Treads": "15.0",
            "Actual Riser Height": "183.1875",
            "Actual Run Width": "960.0",
            "Actual Tread Depth": "261.0",
            "Workset": "Architecture",
            "Category": "Runs",
            "Family": "Non-Monolithic Run: Stahlstufen gefaltet",
            "Type": "Non-Monolithic Run: Stahlstufen gefaltet",
            "Phase Created": "Zu Bauen"
        },
        "Psets Object Type": {
            "Identity Data.Assembly Description": "",
            "Identity Data.Workset": "Stair Types",
            "Identity Data.Type Name": "Stahlstufen gefaltet",
            "Materials and Finishes.Riser Material": "Stahl",
            "Materials and Finishes.Tread Material": "Stahl",
            "Other.Category": "Runs",
            "Other.Family Name": "Non-Monolithic Run"
        }
    }
}