{
    "Element Metadata": {
        "Name": "Atikkabrett:Atikkabrett:6717985",
        "Type": "IfcSlab",
        "ObjectType": "Atikkabrett:Atikkabrett"
    },
    "Element Material Data": [
        {
            "IfcEntity": "IfcMaterial",
            "Material Name": "Massivholz"
        }
    ],
    "Element Property Sets": {
        "Psets Element": {
            "Room Bounding": "True",
            "Level": "Level: 01_Brüstung",
            "Elevation from Level": "0.0",
            "Area": "6.7689",
            "Volume": "0.1636",
            "Workset": "Architecture",
            "Category": "Floors",
            "Family": "Atikkabrett: Atikkabrett",
            "Type": "Atikkabrett: Atikkabrett",
            "Phase Created": "Zu Bauen"
        },
        "Psets Object Type": {
            "Identity Data.Assembly Description": "",
            "Identity Data.Workset": "Architecture",
            "Identity Data.OmniClass Title": "",
            "Identity Data.Type Name": "Atikkabrett",
            "Materials and Finishes.Structural Material": "Massivholz",
            "Other.Category": "Floors",
            "Other.Family Name": "Atikkabrett"
        }
    }
}