{
    "Element Metadata": {
        "Name": "Attikablech Galerie Südwest:Attikablech Galerie Südwest:6351305",
        "Type": "IfcWall",
        "ObjectType": "Attikablech Galerie Südwest:Attikablech Galerie Südwest"
    },
    "Element Material Data": "Not defined",
    "Element Property Sets": {
        "Psets Element": {
            "Room Bounding": "True",
            "Area": "3.2598",
            "Volume": "0.0097",
            "Workset": "Architecture",
            "Category": "Walls",
            "Family": "Attikablech Galerie Südwest: Attikablech Galerie Südwest",
            "Type": "Attikablech Galerie Südwest: Attikablech Galerie Südwest",
            "Phase Created": "Zu Bauen"
        },
        "Psets Object Type": {
            "Data.Unternehmer": "Kaufmann",
            "Identity Data.Assembly Description": "",
            "Identity Data.Workset": "Architecture",
            "Identity Data.OmniClass Title": "",
            "Identity Data.Type Name": "Attikablech Galerie Südwest",
            "Other.Category": "Walls",
            "Other.Family Name": "Attikablech Galerie Südwest"
        }
    }
}