{
    "Element Metadata": {
        "Name": "Attikablech Galerie Südost:Attikablech Galerie Südost:6350725",
        "Type": "IfcWall",
        "ObjectType": "Attikablech Galerie Südost:Attikablech Galerie Südost"
    },
    "Element Material Data": "Not defined",
    "Element Property Sets": {
        "Psets Element": {
            "Room Bounding": "True",
            "Area": "1.6563",
            "Volume": "0.0049",
            "Workset": "Architecture",
            "Category": "Walls",
            "Family": "Attikablech Galerie Südost: Attikablech Galerie Südost",
            "Type": "Attikablech Galerie Südost: Attikablech Galerie Südost",
            "Phase Created": "Zu Bauen"
        },
        "Psets Object Type": {
            "Data.Unternehmer": "Kaufmann",
            "Identity Data.Assembly Description": "",
            "Identity Data.Workset": "Architecture",
            "Identity Data.OmniClass Title": "",
            "Identity Data.Type Name": "Attikablech Galerie Südost",
            "Other.Category": "Walls",
            "Other.Family Name": "Attikablech Galerie Südost"
        }
    }
}