{
    "Element Metadata": {
        "Name": "Basic Wall:KVH Balken 120mm:6158104",
        "Type": "IfcWallStandardCase",
        "ObjectType": "Basic Wall:KVH Balken 120mm"
    },
    "Element Material Data": [
        {
            "IfcEntity": "IfcMaterialLayerSetUsage",
            "Layer Set Name": "Basic Wall:KVH Balken 120mm",
            "Layers": [
                {
                    "IfcEntity": "IfcMaterialLayer",
                    "Material Name": "Brettschichtholz C24",
                    "Thickness": 0.12,
                    "Thickness unit": "METRE"
                }
            ]
        }
    ],
    "Element Property Sets": {
        "Psets Element": {
            "Related to Mass": "False",
            "Room Bounding": "True",
            "Location Line": "Finish Face: Exterior",
            "Base Constraint": "Level: 01_Galerie",
            "Area": "0.1093",
            "Length": "543.956",
            "Volume": "0.013",
            "Workset": "Architecture",
            "Category": "Walls",
            "Family": "Basic Wall: KVH Balken 120mm",
            "Type": "Basic Wall: KVH Balken 120mm",
            "Phase Created": "Zu Bauen",
            "Structural": "False",
            "Structural Usage": "Non-bearing"
        },
        "Psets Object Type": {
            "Analytical Properties.Roughness": "3.0",
            "Analytical Properties.Absorptance": "0.7",
            "Construction.Function": "Exterior",
            "Data.Unternehmer": "Künzli",
            "Identity Data.Assembly Description": "",
            "Identity Data.Workset": "Wall Types",
            "Identity Data.Type Name": "KVH Balken 120mm",
            "Materials and Finishes.Structural Material": "Brettschichtholz C24",
            "Other.Category": "Walls",
            "Other.Family Name": "Basic Wall"
        }
    },
    "CompilationGroupID": "d372e74286"
}