{
    "Element Metadata": {
        "Name": "Basic Wall:Wärmedämmung_Slentex 70:687731",
        "Type": "IfcWallStandardCase",
        "ObjectType": "Basic Wall:Wärmedämmung_Slentex 70"
    },
    "Element Material Data": [
        {
            "IfcEntity": "IfcMaterialLayerSetUsage",
            "Layer Set Name": "Basic Wall:Wärmedämmung_Slentex 70",
            "Layers": [
                {
                    "IfcEntity": "IfcMaterialLayer",
                    "Material Name": "Wärmedämmung Slentex Aerogel",
                    "Thickness": 0.07,
                    "Thickness unit": "METRE"
                }
            ]
        }
    ],
    "Element Property Sets": {
        "Psets Element": {
            "Related to Mass": "False",
            "Room Bounding": "True",
            "Base Constraint": "Level: 00_Betonplatte",
            "Location Line": "Finish Face: Interior",
            "Area": "2.2605",
            "Length": "624.1",
            "Volume": "0.1582",
            "Workset": "Architecture",
            "Category": "Walls",
            "Family": "Basic Wall: Wärmedämmung_Slentex 70",
            "Type": "Basic Wall: Wärmedämmung_Slentex 70",
            "Phase Created": "Zu Bauen",
            "Structural": "False",
            "Structural Usage": "Non-bearing"
        },
        "Psets Object Type": {
            "Analytical Properties.Roughness": "3.0",
            "Analytical Properties.Absorptance": "0.7",
            "Analytical Properties.Heat Transfer Coefficient (U)": "0.1429",
            "Analytical Properties.Thermal Mass": "0.2199",
            "Analytical Properties.Thermal Resistance (R)": "7.0",
            "Construction.Function": "Exterior",
            "Data.Unternehmer": "Künzli / Kaufmann",
            "Identity Data.Assembly Description": "",
            "Identity Data.Workset": "Wall Types",
            "Identity Data.Type Name": "Wärmedämmung_Slentex 70",
            "Other.Category": "Walls",
            "Other.Family Name": "Basic Wall"
        }
    }
}