{
    "Element Metadata": {
        "Name": "Basic Wall:Technikschnittstelle:6225020",
        "Type": "IfcWall",
        "ObjectType": "Basic Wall:Technikschnittstelle"
    },
    "Element Material Data": [
        {
            "Layers": [
                {
                    "IfcEntity": "IfcMaterialLayer",
                    "Material Name": "Gipsfaserplatte",
                    "Thickness": 0.025,
                    "Thickness unit": "METRE"
                }
            ]
        }
    ],
    "Element Property Sets": {
        "Psets Element": {
            "Related to Mass": "False",
            "Room Bounding": "True",
            "Base Constraint": "Level: 00_Eingang",
            "Location Line": "Core Face: Interior",
            "Area": "5.2668",
            "Length": "1485.0",
            "Volume": "0.1317",
            "Workset": "Architecture",
            "Category": "Walls",
            "Family": "Basic Wall: Technikschnittstelle",
            "Type": "Basic Wall: Technikschnittstelle",
            "Phase Created": "Zu Bauen",
            "Structural": "False",
            "Structural Usage": "Non-bearing"
        },
        "Psets Object Type": {
            "Analytical Properties.Roughness": "3.0",
            "Analytical Properties.Absorptance": "0.7",
            "Construction.Function": "Exterior",
            "Data.Unternehmer": "Künzli",
            "Identity Data.Assembly Description": "",
            "Identity Data.Workset": "Wall Types",
            "Identity Data.Type Name": "Technikschnittstelle",
            "Other.Category": "Walls",
            "Other.Family Name": "Basic Wall"
        }
    }
}