{
    "Element Metadata": {
        "Name": "Basic Wall:Fensterlaibung 40mm:6514187",
        "Type": "IfcWallStandardCase",
        "ObjectType": "Basic Wall:Fensterlaibung 40mm"
    },
    "Element Material Data": [
        {
            "IfcEntity": "IfcMaterialLayerSetUsage",
            "Layer Set Name": "Basic Wall:Fensterlaibung 40mm",
            "Layers": [
                {
                    "IfcEntity": "IfcMaterialLayer",
                    "Material Name": "Massivholz Fichte, schwarz lasiert",
                    "Thickness": 0.04,
                    "Thickness unit": "METRE"
                }
            ]
        }
    ],
    "Element Property Sets": {
        "Psets Element": {
            "Related to Mass": "False",
            "Room Bounding": "True",
            "Base Constraint": "Level: 00_Eingang",
            "Location Line": "Core Face: Interior",
            "Area": "0.4332",
            "Length": "195.9998",
            "Volume": "0.0173",
            "Workset": "Architecture",
            "Category": "Walls",
            "Family": "Basic Wall: Fensterlaibung 40mm",
            "Type": "Basic Wall: Fensterlaibung 40mm",
            "Phase Created": "Zu Bauen",
            "Structural": "False",
            "Structural Usage": "Non-bearing"
        },
        "Psets Object Type": {
            "Analytical Properties.Roughness": "3.0",
            "Analytical Properties.Absorptance": "0.7",
            "Construction.Function": "Exterior",
            "Data.Unternehmer": "Künzli",
            "Identity Data.Assembly Description": "",
            "Identity Data.Workset": "Wall Types",
            "Identity Data.Type Name": "Fensterlaibung 40mm",
            "Other.Category": "Walls",
            "Other.Family Name": "Basic Wall"
        }
    },
    "CompilationGroupID": "6125c4d99e"
}