{
    "Element Metadata": {
        "Name": "Basic Wall:Purenit Fusspunkt:6169888",
        "Type": "IfcWall",
        "ObjectType": "Basic Wall:Purenit Fusspunkt"
    },
    "Element Material Data": [
        {
            "Layers": [
                {
                    "IfcEntity": "IfcMaterialLayer",
                    "Material Name": "Purenit",
                    "Thickness": 0.025,
                    "Thickness unit": "METRE"
                }
            ]
        }
    ],
    "Element Property Sets": {
        "Psets Element": {
            "Related to Mass": "False",
            "Base Constraint": "Level: 00_Betonplatte",
            "Location Line": "Core Face: Interior",
            "Room Bounding": "False",
            "Area": "1.326",
            "Length": "5760.0661",
            "Volume": "0.0331",
            "Workset": "Architecture",
            "Category": "Walls",
            "Family": "Basic Wall: Purenit Fusspunkt",
            "Type": "Basic Wall: Purenit Fusspunkt",
            "Phase Created": "Zu Bauen",
            "Structural": "False",
            "Structural Usage": "Non-bearing"
        },
        "Psets Object Type": {
            "Analytical Properties.Roughness": "3.0",
            "Analytical Properties.Absorptance": "0.7",
            "Construction.Function": "Exterior",
            "Data.Unternehmer": "Künzli / Kaufmann",
            "Identity Data.Assembly Description": "",
            "Identity Data.Workset": "Wall Types",
            "Identity Data.Type Name": "Purenit Fusspunkt",
            "Other.Category": "Walls",
            "Other.Family Name": "Basic Wall"
        }
    },
    "CompilationGroupID": "795c75da48"
}