{
    "Element Metadata": {
        "Name": "Basic Wall:Brandschutzplatte:5251017",
        "Type": "IfcWall",
        "ObjectType": "Basic Wall:Brandschutzplatte"
    },
    "Element Material Data": [
        {
            "Layers": [
                {
                    "IfcEntity": "IfcMaterialLayer",
                    "Material Name": "3-Schicht-Platte",
                    "Thickness": 0.028,
                    "Thickness unit": "METRE"
                }
            ]
        }
    ],
    "Element Property Sets": {
        "Psets Element": {
            "Related to Mass": "False",
            "Room Bounding": "True",
            "Location Line": "Finish Face: Exterior",
            "Base Constraint": "Level: 01_TragstrukturRückwand",
            "Area": "1.8564",
            "Length": "4827.5147",
            "Volume": "0.052",
            "Workset": "Architecture",
            "Category": "Walls",
            "Family": "Basic Wall: Brandschutzplatte",
            "Type": "Basic Wall: Brandschutzplatte",
            "Phase Created": "Zu Bauen",
            "Structural": "False",
            "Structural Usage": "Non-bearing"
        },
        "Psets Object Type": {
            "Analytical Properties.Roughness": "3.0",
            "Analytical Properties.Absorptance": "0.7",
            "Analytical Properties.Heat Transfer Coefficient (U)": "3.7857",
            "Analytical Properties.Thermal Mass": "2.039",
            "Analytical Properties.Thermal Resistance (R)": "0.2642",
            "Construction.Function": "Exterior",
            "Data.Unternehmer": "Künzli",
            "Identity Data.Assembly Description": "",
            "Identity Data.Workset": "Wall Types",
            "Identity Data.Fire Rating": "EI30",
            "Identity Data.Type Name": "Brandschutzplatte",
            "Materials and Finishes.Structural Material": "3-Schicht-Platte",
            "Other.Category": "Walls",
            "Other.Family Name": "Basic Wall"
        }
    }
}