{
    "Element Metadata": {
        "Name": "Basic Wall:BSP 140 - 5s:1686981",
        "Type": "IfcWall",
        "ObjectType": "Basic Wall:BSP 140 - 5s"
    },
    "Element Material Data": [
        {
            "Layers": [
                {
                    "IfcEntity": "IfcMaterialLayer",
                    "Material Name": "Brettschichtholz C24",
                    "Thickness": 0.14,
                    "Thickness unit": "METRE"
                }
            ]
        }
    ],
    "Element Property Sets": {
        "Psets Element": {
            "Related to Mass": "False",
            "Room Bounding": "True",
            "Base Constraint": "Level: 00_Betonplatte",
            "Location Line": "Core Face: Exterior",
            "Area": "8.1546",
            "Length": "5705.4031",
            "Volume": "1.1367",
            "Workset": "Tragwerk",
            "Category": "Walls",
            "Family": "Basic Wall: BSP 140 - 5s",
            "Type": "Basic Wall: BSP 140 - 5s",
            "Phase Created": "Zu Bauen",
            "Structural": "True",
            "Structural Usage": "Bearing"
        },
        "Psets Object Type": {
            "Analytical Properties.Roughness": "3.0",
            "Analytical Properties.Absorptance": "0.7",
            "Construction.Function": "Exterior",
            "Data.Unternehmer": "Künzli",
            "Identity Data.Assembly Description": "",
            "Identity Data.Workset": "Wall Types",
            "Identity Data.Feuerwiderstandsklasse": "R30",
            "Identity Data.Fire Rating": "R30",
            "Identity Data.Type Name": "BSP 140 - 5s",
            "Materials and Finishes.Structural Material": "Brettschichtholz C24",
            "Other.Category": "Walls",
            "Other.Family Name": "Basic Wall"
        }
    },
    "CompilationGroupID": "65d0e0c8a6"
}