{
    "Element Metadata": {
        "Name": "Basic Wall:Massivholz 24mm:6301160",
        "Type": "IfcWallStandardCase",
        "ObjectType": "Basic Wall:Massivholz 24mm"
    },
    "Element Material Data": [
        {
            "IfcEntity": "IfcMaterialLayerSetUsage",
            "Layer Set Name": "Basic Wall:Massivholz 24mm",
            "Layers": [
                {
                    "IfcEntity": "IfcMaterialLayer",
                    "Material Name": "Massivholz Fichte",
                    "Thickness": 0.024,
                    "Thickness unit": "METRE"
                }
            ]
        }
    ],
    "Element Property Sets": {
        "Psets Element": {
            "Related to Mass": "False",
            "Base Constraint": "Level: 00_Eingang",
            "Location Line": "Core Face: Interior",
            "Room Bounding": "False",
            "Area": "0.378",
            "Length": "140.0",
            "Volume": "0.0091",
            "Workset": "Innenausbau",
            "Category": "Walls",
            "Family": "Basic Wall: Massivholz 24mm",
            "Type": "Basic Wall: Massivholz 24mm",
            "Phase Created": "Zu Bauen",
            "Structural": "False",
            "Structural Usage": "Non-bearing"
        },
        "Psets Object Type": {
            "Analytical Properties.Roughness": "3.0",
            "Analytical Properties.Absorptance": "0.7",
            "Analytical Properties.Heat Transfer Coefficient (U)": "4.4167",
            "Analytical Properties.Thermal Mass": "1.7477",
            "Analytical Properties.Thermal Resistance (R)": "0.2264",
            "Construction.Function": "Exterior",
            "Data.Unternehmer": "Künzli",
            "Identity Data.Assembly Description": "",
            "Identity Data.Workset": "Wall Types",
            "Identity Data.Type Name": "Massivholz 24mm",
            "Materials and Finishes.Structural Material": "Massivholz Fichte",
            "Other.Category": "Walls",
            "Other.Family Name": "Basic Wall"
        }
    },
    "CompilationGroupID": "6f5992e3c2"
}