{
    "Element Metadata": {
        "Name": "Basic Wall:Wärmedämmung_Mineralwolle_130:1839774",
        "Type": "IfcWall",
        "ObjectType": "Basic Wall:Wärmedämmung_Mineralwolle_130"
    },
    "Element Material Data": [
        {
            "Layers": [
                {
                    "IfcEntity": "IfcMaterialLayer",
                    "Material Name": "Wärmedämmung Mineralwolle, 0.035 W/mK",
                    "Thickness": 0.13,
                    "Thickness unit": "METRE"
                }
            ]
        }
    ],
    "Element Property Sets": {
        "Psets Element": {
            "Related to Mass": "False",
            "Base Constraint": "Level: 00_Betonplatte",
            "Location Line": "Core Face: Exterior",
            "Room Bounding": "False",
            "Area": "1.7095",
            "Length": "3940.0",
            "Volume": "0.2216",
            "Workset": "Architecture",
            "Category": "Walls",
            "Family": "Basic Wall: Wärmedämmung_Mineralwolle_130",
            "Type": "Basic Wall: Wärmedämmung_Mineralwolle_130",
            "Phase Created": "Zu Bauen",
            "Structural": "False",
            "Structural Usage": "Non-bearing"
        },
        "Psets Object Type": {
            "Analytical Properties.Roughness": "3.0",
            "Analytical Properties.Absorptance": "0.7",
            "Analytical Properties.Heat Transfer Coefficient (U)": "0.2615",
            "Analytical Properties.Thermal Mass": "0.4083",
            "Analytical Properties.Thermal Resistance (R)": "3.8235",
            "Construction.Function": "Exterior",
            "Data.Unternehmer": "Künzli",
            "Identity Data.Assembly Description": "",
            "Identity Data.Workset": "Wall Types",
            "Identity Data.Type Name": "Wärmedämmung_Mineralwolle_130",
            "Other.Category": "Walls",
            "Other.Family Name": "Basic Wall"
        }
    },
    "CompilationGroupID": "f9691ec733"
}