{
    "Element Metadata": {
        "Name": "Bleche Fassade_V6:Bleche Fassade_V6:4910201",
        "Type": "IfcBuildingElementProxy",
        "ObjectType": "Bleche Fassade_V6:Bleche Fassade_V6"
    },
    "Element Material Data": [
        {
            "IfcEntity": "IfcMaterial",
            "Material Name": "Material 4"
        }
    ],
    "Element Property Sets": {
        "Psets Element": {
            "Level": "Level: 00_Eingang",
            "Elevation from Level": "0.0",
            "Host": "Level : 00_Eingang",
            "Area": "13.5527",
            "Volume": "0.0646",
            "Workset": "Dachkonstruktion",
            "Category": "Generic Models",
            "Family": "Bleche Fassade_V6: Bleche Fassade_V6",
            "Type": "Bleche Fassade_V6: Bleche Fassade_V6",
            "Phase Created": "Zu Bauen"
        },
        "Psets Object Type": {
            "Identity Data.Assembly Description": "",
            "Identity Data.OmniClass Title": "",
            "Identity Data.Type Name": "Bleche Fassade_V6",
            "Identity Data.Workset": "Family  : Generic Models : Bleche Fassade_V6",
            "Other.Category": "Generic Models",
            "Other.Family Name": "Bleche Fassade_V6"
        }
    }
}