{
    "Element Metadata": {
        "Name": "Blechabdeckung Brüstung:Blechabdeckung Brüstung:7933804",
        "Type": "IfcWall",
        "ObjectType": "Blechabdeckung Brüstung:Blechabdeckung Brüstung"
    },
    "Element Material Data": "Not defined",
    "Element Property Sets": {
        "Psets Element": {
            "Room Bounding": "True",
            "Area": "7.4068",
            "Volume": "0.0221",
            "Workset": "Architecture",
            "Category": "Walls",
            "Family": "Blechabdeckung Brüstung: Blechabdeckung Brüstung",
            "Type": "Blechabdeckung Brüstung: Blechabdeckung Brüstung",
            "Phase Created": "Zu Bauen"
        },
        "Psets Object Type": {
            "Identity Data.Assembly Description": "",
            "Identity Data.Workset": "Architecture",
            "Identity Data.OmniClass Title": "",
            "Identity Data.Type Name": "Blechabdeckung Brüstung",
            "Other.Category": "Walls",
            "Other.Family Name": "Blechabdeckung Brüstung"
        }
    }
}