{
    "Element Metadata": {
        "Name": "BSH Stütze - rechteckig:KVH 60 x 60:5755285",
        "Type": "IfcColumn",
        "ObjectType": "BSH Stütze - rechteckig:KVH 60 x 60"
    },
    "Element Material Data": [
        {
            "IfcEntity": "IfcMaterial",
            "Material Name": "Holz Brettschicht - C24 Cl.1"
        }
    ],
    "Element Property Sets": {
        "Psets Element": {
            "Level": "Level: 00_Eingang",
            "Length": "2209.0",
            "Volume": "0.008",
            "Workset": "Innenausbau",
            "Category": "Structural Columns",
            "Family": "BSH Stütze - rechteckig: KVH 60 x 60",
            "Type": "BSH Stütze - rechteckig: KVH 60 x 60",
            "Phase Created": "Zu Bauen"
        },
        "Psets Object Type": {
            "Data.Unternehmer": "",
            "Identity Data.Assembly Description": "",
            "Identity Data.OmniClass Title": "",
            "Identity Data.Workset": "Family  : Structural Columns : BSH Stütze - rechteckig",
            "Identity Data.Type Name": "KVH 60 x 60",
            "Materials and Finishes.Structural Material": "Holz Brettschicht - C24 Cl.1",
            "Other.Category": "Structural Columns",
            "Other.Family Name": "BSH Stütze - rechteckig",
            "Structural.Filter Tragend / Nichttragend": "False"
        }
    },
    "CompilationGroupID": "c28b42ec07"
}