{
    "Element Metadata": {
        "Name": "Floor:Fensterbank 40mm:7087153",
        "Type": "IfcSlab",
        "ObjectType": "Floor:Fensterbank 40mm"
    },
    "Element Material Data": [
        {
            "IfcEntity": "IfcMaterialLayerSetUsage",
            "Layer Set Name": "Floor:Fensterbank 40mm",
            "Layers": [
                {
                    "IfcEntity": "IfcMaterialLayer",
                    "Material Name": "Holzschalung Horizontal, Nadelholz,  schwarz gestrichen",
                    "Thickness": 0.04,
                    "Thickness unit": "METRE"
                }
            ]
        }
    ],
    "Element Property Sets": {
        "Psets Element": {
            "Related to Mass": "False",
            "Room Bounding": "True",
            "Level": "Level: 00_Betonplatte",
            "Area": "0.8811",
            "Elevation at Bottom": "-30.2677",
            "Perimeter": "6958.0",
            "Thickness": "40.0",
            "Volume": "0.0352",
            "Workset": "Architecture",
            "Category": "Floors",
            "Family": "Floor: Fensterbank 40mm",
            "Type": "Floor: Fensterbank 40mm",
            "Phase Created": "Zu Bauen",
            "Structural": "False"
        },
        "Psets Object Type": {
            "Analytical Properties.Roughness": "3.0",
            "Analytical Properties.Absorptance": "0.7",
            "Construction.Function": "Interior",
            "Data.Unternehmer": "Künzli",
            "Identity Data.Assembly Description": "",
            "Identity Data.Workset": "Floor Types",
            "Identity Data.Type Name": "Fensterbank 40mm",
            "Other.Category": "Floors",
            "Other.Family Name": "Floor"
        }
    },
    "CompilationGroupID": "7f5669cfcb"
}