{
    "Element Metadata": {
        "Name": "Floor:OSB 25mm:5183063",
        "Type": "IfcSlab",
        "ObjectType": "Floor:OSB 25mm"
    },
    "Element Material Data": [
        {
            "IfcEntity": "IfcMaterialLayerSetUsage",
            "Layer Set Name": "Floor:OSB 25mm",
            "Layers": [
                {
                    "IfcEntity": "IfcMaterialLayer",
                    "Material Name": "OSB",
                    "Thickness": 0.025,
                    "Thickness unit": "METRE"
                }
            ]
        }
    ],
    "Element Property Sets": {
        "Psets Element": {
            "Related to Mass": "False",
            "Room Bounding": "True",
            "Level": "Level: 01_Galerie",
            "Area": "24.2943",
            "Elevation at Bottom": "2805.0",
            "Perimeter": "19890.7951",
            "Thickness": "25.0",
            "Volume": "0.6074",
            "Workset": "Architecture",
            "Category": "Floors",
            "Family": "Floor: OSB 25mm",
            "Type": "Floor: OSB 25mm",
            "Phase Created": "Zu Bauen",
            "Structural": "False"
        },
        "Psets Object Type": {
            "Analytical Properties.Roughness": "3.0",
            "Analytical Properties.Absorptance": "0.7",
            "Construction.Function": "Interior",
            "Data.Unternehmer": "Künzli",
            "Identity Data.Assembly Description": "",
            "Identity Data.Workset": "Floor Types",
            "Identity Data.Type Name": "OSB 25mm",
            "Materials and Finishes.Structural Material": "OSB",
            "Other.Category": "Floors",
            "Other.Family Name": "Floor"
        }
    },
    "CompilationGroupID": "763e457390"
}