{
    "Element Metadata": {
        "Name": "Holz Träger - rechteckig:Alu Eurotec 40 x 60:7547868",
        "Type": "IfcBeam",
        "ObjectType": "Holz Träger - rechteckig:Alu Eurotec 40 x 60"
    },
    "Element Material Data": [
        {
            "IfcEntity": "IfcMaterial",
            "Material Name": "Aluminum - Flat - Version 1.1"
        }
    ],
    "Element Property Sets": {
        "Psets Element": {
            "Elevation at Bottom": "-81.0",
            "Length": "7755.0",
            "Volume": "0.0186",
            "Workset": "Architecture",
            "Category": "Structural Framing",
            "Family": "Holz Träger - rechteckig: Alu Eurotec 40 x 60",
            "Type": "Holz Träger - rechteckig: Alu Eurotec 40 x 60",
            "Phase Created": "Zu Bauen",
            "Structural Usage": "Other"
        },
        "Psets Object Type": {
            "Identity Data.Assembly Description": "",
            "Identity Data.OmniClass Title": "",
            "Identity Data.Workset": "Family  : Structural Framing : Holz Träger - rechteckig",
            "Identity Data.Type Name": "Alu Eurotec 40 x 60",
            "Materials and Finishes.Structural Material": "Aluminum - Flat - Version 1.1",
            "Other.Category": "Structural Framing",
            "Other.Family Name": "Holz Träger - rechteckig",
            "Structural.Filter Tragend / Nichttragend": "False"
        }
    },
    "CompilationGroupID": "0a91634d5e"
}