{
    "Element Metadata": {
        "Name": "Pfosten rechteckig:Forster 60 x 90 - Nur Pfosten:2355404",
        "Type": "IfcMember",
        "ObjectType": "Pfosten rechteckig:Forster 60 x 90 - Nur Pfosten"
    },
    "Element Material Data": [
        {
            "IfcEntity": "IfcMaterial",
            "Material Name": "Stahl, 45-34, Pulverbeschichtung schwarz"
        }
    ],
    "Element Property Sets": {
        "Psets Element": {
            "Level": "Level: 01_Brüstung",
            "Area": "0.0819",
            "Length": "510.0",
            "Volume": "0.0028",
            "Workset": "Architecture",
            "Category": "Curtain Wall Mullions",
            "Family": "Pfosten rechteckig: Forster 60 x 90 - Nur Pfosten",
            "Type": "Pfosten rechteckig: Forster 60 x 90 - Nur Pfosten",
            "Phase Created": "Zu Bauen"
        },
        "Psets Object Type": {
            "Construction.Profile": "ForsterPfosten_OhneDeckprofil: Forster Variotherm - 60 x 90",
            "Identity Data.Assembly Description": "",
            "Identity Data.OmniClass Title": "",
            "Identity Data.Workset": "Family  : Curtain Wall Mullions : Pfosten rechteckig",
            "Identity Data.Type Name": "Forster 60 x 90 - Nur Pfosten",
            "Other.Category": "Curtain Wall Mullions",
            "Other.Family Name": "Pfosten rechteckig"
        }
    },
    "CompilationGroupID": "883fcab506"
}