{
    "Element Metadata": {
        "Name": "Systemelement:Contraflam EI30:1753138",
        "Type": "IfcPlate",
        "ObjectType": "Systemelement:Contraflam EI30"
    },
    "Element Material Data": [
        {
            "IfcEntity": "IfcMaterial",
            "Material Name": "Glas EI30"
        }
    ],
    "Element Property Sets": {
        "Psets Element": {
            "Level": "Level: 01_Brüstung",
            "Area": "2.0555",
            "Volume": "0.1069",
            "Workset": "Architecture",
            "Category": "Curtain Panels",
            "Family": "Systemelement: Contraflam EI30",
            "Type": "Systemelement: Contraflam EI30",
            "Phase Created": "Zu Bauen"
        },
        "Psets Object Type": {
            "Identity Data.Assembly Description": "",
            "Identity Data.OmniClass Title": "",
            "Identity Data.Workset": "Family  : Curtain Panels : Systemelement",
            "Identity Data.Manufacturer": "Vetrotech",
            "Identity Data.Type Name": "Contraflam EI30",
            "Other.Category": "Curtain Panels",
            "Other.Family Name": "Systemelement"
        }
    },
    "CompilationGroupID": "e610cae9a2"
}