{
    "Element Metadata": {
        "Name": "Systemelement:Dämmelement:1123941",
        "Type": "IfcPlate",
        "ObjectType": "Systemelement:Dämmelement"
    },
    "Element Material Data": [
        {
            "IfcEntity": "IfcMaterial",
            "Material Name": "Wärmedämmung druckfest"
        }
    ],
    "Element Property Sets": {
        "Psets Element": {
            "Level": "Level: 01_Brüstung",
            "Area": "0.6565",
            "Height": "505.0",
            "Volume": "0.0131",
            "Width": "1300.0",
            "Workset": "Architecture",
            "Category": "Curtain Panels",
            "Family": "Systemelement: Dämmelement",
            "Type": "Systemelement: Dämmelement",
            "Phase Created": "Zu Bauen"
        },
        "Psets Object Type": {
            "Data.Unternehmer": "Pletscher / Kaufmann",
            "Identity Data.Assembly Description": "",
            "Identity Data.OmniClass Title": "",
            "Identity Data.Type Name": "Dämmelement",
            "Identity Data.Workset": "Family  : Curtain Panels : Systemelement",
            "Other.Category": "Curtain Panels",
            "Other.Family Name": "Systemelement"
        }
    },
    "CompilationGroupID": "e3b11c95ba"
}