{
  "type": "materials",
  "path": "End of Life / Generisch / Hausmüll",
  "items": [
    {
      "UUID": "0debb933-3fab-469d-bed8-a6277908c132",
      "Name": "Municipal waste landfill",
      "Standard Conformity": "'EN 15804+A2 (EF 3.1)'",
      "Country Code": "DE",
      "Declaration owner": "Sphera Solutions GmbH",
      "Reference Quantity": "1",
      "Reference": "kg"
    },
    {
      "UUID": "e7aeda5d-ac64-45c7-994d-50684b73308f",
      "Name": "Incineration domestic waste",
      "Standard Conformity": "'EN 15804+A2 (EF 3.1)'",
      "Country Code": "DE",
      "Declaration owner": "Sphera Solutions GmbH",
      "Reference Quantity": "1",
      "Reference": "kg"
    }
  ]
}