{
    "Element Metadata": {
        "Name": "1072_200731_Funicular Floors Vorspannung 3D_kg.3dm:1072_200731_Funicular Floors Vorspannung 3D_kg.3dm:6206686",
        "UID": "654574",
        "GlobalId": "07OV_Qt_vCaPpDtuenC0bv",
        "Type": "IfcBuildingElementProxy",
        "ObjectType": "1072_200731_Funicular Floors Vorspannung 3D_kg.3dm:1072_200731_Funicular Floors Vorspannung 3D_kg.3dm",
        "Classification": "Not defined",
        "Decomposes": {},
        "Is Decomposed By": []
    },
    "Element Material Data": "Not defined",
    "Element Geometry Data": {
        "Quantities (IFC)": {},
        "Geometric Representation": [
            "SolidModel"
        ],
        "Quantities (COMPAS)": {
            "Net Volume": 12230063.1543,
            "Net Volume unit": "CUBIC_METRE",
            "Entire Surface Area": 4058381.36,
            "Entire Surface Area unit": "SQUARE_METRE"
        },
        "Bounding Box Dimensions (OBB - local frame)": {
            "X": 15.83,
            "Y": 5.29,
            "Z": 0.15,
            "Bounding Box Dimensions Unit": "METRE"
        },
        "Bounding Box Volume": 12.5611,
        "Real Volume to Bounding Box Volume Ratio": 973645.8713,
        "Face Count (tessellated element)": {
            "Face Count": 12824
        },
        "Vertex Count (tessellated element)": {
            "Vertex Count": 19188
        },
        "Edge Count (tessellated element)": {
            "Edge Count": 28830
        },
        "Primary Object Axis (Cardinal Direction)": "E"
    },
    "Element Property Sets": {
        "Psets Element": {
            "Edited by": "",
            "Workset": "Tragwerk",
            "Category": "Generic Models",
            "Family": "1072_200731_Funicular Floors Vorspannung 3D_kg.3dm: 1072_200731_Funicular Floors Vorspannung 3D_kg.3dm",
            "Family and Type": "1072_200731_Funicular Floors Vorspannung 3D_kg.3dm: 1072_200731_Funicular Floors Vorspannung 3D_kg.3dm",
            "Type": "1072_200731_Funicular Floors Vorspannung 3D_kg.3dm: 1072_200731_Funicular Floors Vorspannung 3D_kg.3dm",
            "Type Id": "1072_200731_Funicular Floors Vorspannung 3D_kg.3dm: 1072_200731_Funicular Floors Vorspannung 3D_kg.3dm",
            "Phase Created": "Zu Bauen",
            "Rebar Cover": "Rebar Cover Settings: Bewehrungsüberdeckung 1"
        },
        "Psets Object Type": {
            "Identity Data.Edited by": "",
            "Identity Data.Assembly Code": "",
            "Identity Data.Assembly Description": "",
            "Identity Data.Workset": "Direct Shapes",
            "Identity Data.Type Name": "1072_200731_Funicular Floors Vorspannung 3D_kg.3dm",
            "Other.Category": "Generic Models",
            "Other.Family Name": "1072_200731_Funicular Floors Vorspannung 3D_kg.3dm"
        }
    },
    "Element Relationships": {
        "Nests": null,
        "Is Nested By": null,
        "Covers": null,
        "Is Covered By": null,
        "Has Openings": null,
        "Assigned Groups": null
    },
    "Element Location": {
        "Storeys Map": {
            "00_Betonplatte": {
                "Elevation": -0.54,
                "Unit": "meters"
            },
            "00_Eingang": {
                "Elevation": 0.0,
                "Unit": "meters"
            },
            "01_Galerie": {
                "Elevation": 2.92,
                "Unit": "meters"
            }
        },
        "Element Located in Storey": "00_Eingang",
        "Spatial Relationship": [
            {
                "name": "1072",
                "type": "IfcProject"
            },
            {
                "name": "Default",
                "type": "IfcSite"
            },
            {
                "name": "",
                "type": "IfcBuilding"
            },
            {
                "name": "00_Eingang",
                "type": "IfcBuildingStorey"
            }
        ]
    }
}