{
    "Element Metadata": {
        "Name": "Attikablech Galerie Südwest:Attikablech Galerie Südwest:6351305",
        "UID": "670270",
        "GlobalId": "1lNlPQ7XT5RQ2wbJSTuGdX",
        "Type": "IfcWall",
        "ObjectType": "Attikablech Galerie Südwest:Attikablech Galerie Südwest",
        "Classification": "Not defined",
        "Decomposes": {},
        "Is Decomposed By": []
    },
    "Element Material Data": "Not defined",
    "Element Geometry Data": {
        "Quantities (IFC)": {},
        "Geometric Representation": [
            "Brep"
        ],
        "Quantities (COMPAS)": {
            "Net Volume": 9739792.5951,
            "Net Volume unit": "CUBIC_METRE",
            "Entire Surface Area": 9808627.9065,
            "Entire Surface Area unit": "SQUARE_METRE"
        },
        "Bounding Box Dimensions (OBB - local frame)": {
            "X": 8.85,
            "Y": 4.05,
            "Z": 0.08,
            "Bounding Box Dimensions Unit": "METRE"
        },
        "Bounding Box Volume": 2.8674,
        "Real Volume to Bounding Box Volume Ratio": 3396733.1363,
        "Face Count (tessellated element)": {
            "Face Count": 92
        },
        "Vertex Count (tessellated element)": {
            "Vertex Count": 168
        },
        "Edge Count (tessellated element)": {
            "Edge Count": 222
        },
        "Primary Object Axis (Cardinal Direction)": "SW"
    },
    "Element Property Sets": {
        "Psets Element": {
            "Room Bounding": "True",
            "Moves With Nearby Elements": "False",
            "Area": "3.25983553104483",
            "Volume": "0.00973979259514417",
            "Edited by": "",
            "Workset": "Architecture",
            "Category": "Walls",
            "Family": "Attikablech Galerie Südwest: Attikablech Galerie Südwest",
            "Family and Type": "Attikablech Galerie Südwest: Attikablech Galerie Südwest",
            "Type": "Attikablech Galerie Südwest: Attikablech Galerie Südwest",
            "Type Id": "Attikablech Galerie Südwest: Attikablech Galerie Südwest",
            "Phase Created": "Zu Bauen",
            "Rebar Cover": "Rebar Cover Settings: Bewehrungsüberdeckung 1"
        },
        "Psets Object Type": {
            "Data.Unternehmer": "Kaufmann",
            "Identity Data.Edited by": "",
            "Identity Data.Assembly Code": "",
            "Identity Data.Assembly Description": "",
            "Identity Data.Workset": "Architecture",
            "Identity Data.Code Name": "",
            "Identity Data.OmniClass Number": "",
            "Identity Data.OmniClass Title": "",
            "Identity Data.Type Name": "Attikablech Galerie Südwest",
            "Other.Category": "Walls",
            "Other.Family Name": "Attikablech Galerie Südwest"
        }
    },
    "Element Relationships": {
        "Nests": null,
        "Is Nested By": null,
        "Covers": null,
        "Is Covered By": null,
        "Has Openings": null,
        "Assigned Groups": null
    },
    "Element Location": {
        "Storeys Map": {
            "00_Betonplatte": {
                "Elevation": -0.54,
                "Unit": "meters"
            },
            "00_Eingang": {
                "Elevation": 0.0,
                "Unit": "meters"
            },
            "01_Galerie": {
                "Elevation": 2.92,
                "Unit": "meters"
            }
        },
        "Element Located in Storey": "00_Eingang",
        "Spatial Relationship": [
            {
                "name": "1072",
                "type": "IfcProject"
            },
            {
                "name": "Default",
                "type": "IfcSite"
            },
            {
                "name": "",
                "type": "IfcBuilding"
            },
            {
                "name": "00_Eingang",
                "type": "IfcBuildingStorey"
            }
        ]
    }
}