{
    "Element Metadata": {
        "Name": "Basic Wall:Wärmedämmung_Mineralwolle_80:5774682",
        "UID": "554594",
        "GlobalId": "2OOgpQZObEZwXdl1UXorlb",
        "Type": "IfcWall",
        "ObjectType": "Basic Wall:Wärmedämmung_Mineralwolle_80",
        "Classification": "Not defined",
        "Decomposes": {},
        "Is Decomposed By": []
    },
    "Element Material Data": [
        {
            "IfcEntity": "IfcMaterialLayerSet",
            "Layers": [
                {
                    "IfcEntity": "IfcMaterialLayer",
                    "Material Name": "Wärmedämmung Mineralwolle, 0.035 W/mK",
                    "Description": "Unknown",
                    "Category": "Unknown",
                    "Thickness": 0.08,
                    "Thickness unit": "METRE"
                }
            ]
        }
    ],
    "Element Geometry Data": {
        "Quantities (IFC)": {},
        "Geometric Representation": [
            "Brep",
            "Curve2D"
        ],
        "Quantities (COMPAS)": {
            "Net Volume": 1072795735.3197,
            "Net Volume unit": "CUBIC_METRE",
            "Entire Surface Area": 28888687.8834,
            "Entire Surface Area unit": "SQUARE_METRE"
        },
        "Bounding Box Dimensions (OBB - local frame)": {
            "X": 0.08,
            "Y": 11.77,
            "Z": 1.15,
            "Bounding Box Dimensions Unit": "METRE"
        },
        "Bounding Box Volume": 1.0828,
        "Real Volume to Bounding Box Volume Ratio": 990760745.5852,
        "Face Count (tessellated element)": {
            "Face Count": 20
        },
        "Vertex Count (tessellated element)": {
            "Vertex Count": 36
        },
        "Edge Count (tessellated element)": {
            "Edge Count": 48
        },
        "Primary Object Axis (Cardinal Direction)": "S"
    },
    "Element Property Sets": {
        "Psets Element": {
            "Related to Mass": "False",
            "Room Bounding": "True",
            "Base Extension Distance": "0.0",
            "Base is Attached": "False",
            "Cross-Section": "Vertical",
            "Location Line": "Core Face: Exterior",
            "Top Extension Distance": "0.0",
            "Top is Attached": "False",
            "Base Constraint": "Level: 01_Galerie",
            "Top Constraint": "Level: 01_TragstrukturRückwand",
            "Base Offset": "244.999621023659",
            "Top Offset": "159.999999999974",
            "Unconnected Height": "1145.00037897634",
            "Area": "13.4185444878456",
            "Length": "11873.3754015751",
            "Volume": "1.07279573531969",
            "Edited by": "",
            "Workset": "Architecture",
            "Category": "Walls",
            "Family": "Basic Wall: Wärmedämmung_Mineralwolle_80",
            "Family and Type": "Basic Wall: Wärmedämmung_Mineralwolle_80",
            "Type": "Basic Wall: Wärmedämmung_Mineralwolle_80",
            "Type Id": "Basic Wall: Wärmedämmung_Mineralwolle_80",
            "Phase Created": "Zu Bauen",
            "Enable Analytical Model": "False",
            "Structural": "False",
            "Structural Usage": "Non-bearing"
        },
        "Psets Object Type": {
            "Analytical Properties.Roughness": "3",
            "Analytical Properties.Absorptance": "0.7",
            "Analytical Properties.Heat Transfer Coefficient (U)": "0.425",
            "Analytical Properties.Thermal Mass": "0.251284142592",
            "Analytical Properties.Thermal Resistance (R)": "2.35294117647059",
            "Construction.Function": "Exterior",
            "Construction.Wrapping at Ends": "None",
            "Construction.Wrapping at Inserts": "Exterior",
            "Construction.Width": "80.0",
            "Data.Unternehmer": "Künzli",
            "Graphics.Coarse Scale Fill Pattern": "<Solid fill",
            "Graphics.Coarse Scale Fill Color": "12632256",
            "Identity Data.Edited by": "",
            "Identity Data.Assembly Code": "",
            "Identity Data.Assembly Description": "",
            "Identity Data.Workset": "Wall Types",
            "Identity Data.Cost": "80.0",
            "Identity Data.Type Name": "Wärmedämmung_Mineralwolle_80",
            "Other.Category": "Walls",
            "Other.Family Name": "Basic Wall"
        }
    },
    "Element Relationships": {
        "Nests": null,
        "Is Nested By": null,
        "Covers": null,
        "Is Covered By": null,
        "Has Openings": null,
        "Assigned Groups": null
    },
    "Element Location": {
        "Storeys Map": {
            "00_Betonplatte": {
                "Elevation": -0.54,
                "Unit": "meters"
            },
            "00_Eingang": {
                "Elevation": 0.0,
                "Unit": "meters"
            },
            "01_Galerie": {
                "Elevation": 2.92,
                "Unit": "meters"
            }
        },
        "Element Located in Storey": "01_Galerie",
        "Spatial Relationship": [
            {
                "name": "1072",
                "type": "IfcProject"
            },
            {
                "name": "Default",
                "type": "IfcSite"
            },
            {
                "name": "",
                "type": "IfcBuilding"
            },
            {
                "name": "01_Galerie",
                "type": "IfcBuildingStorey"
            }
        ]
    }
}