{
    "Element Metadata": {
        "Name": "Basic Wall:Wärmedämmung_Mineralwolle_20:4682149",
        "UID": "90202",
        "GlobalId": "0pH4jjjOH6sulyqJY5$RPu",
        "Type": "IfcWallStandardCase",
        "ObjectType": "Basic Wall:Wärmedämmung_Mineralwolle_20",
        "Classification": "Not defined",
        "Decomposes": {},
        "Is Decomposed By": []
    },
    "Element Material Data": [
        {
            "IfcEntity": "IfcMaterialLayerSetUsage",
            "Layer Set Name": "Basic Wall:Wärmedämmung_Mineralwolle_20",
            "Layer Set Description": "Unknown",
            "Layer Set Total Thickness": "Unknown",
            "Layers": [
                {
                    "IfcEntity": "IfcMaterialLayer",
                    "Material Name": "Wärmedämmung Mineralwolle, 0.035 W/mK",
                    "Description": "Unknown",
                    "Category": "Unknown",
                    "Thickness": 0.02,
                    "Thickness unit": "METRE"
                }
            ]
        }
    ],
    "Element Geometry Data": {
        "Quantities (IFC)": {
            "Width": 0.02,
            "Width unit": "METRE",
            "Length": 1.3415,
            "Length unit": "METRE",
            "Height": 2.772,
            "Height unit": "METRE",
            "Gross Side Area": 3.7179,
            "Gross Side Area unit": "SQUARE_METRE",
            "Net Side Area": 3.7179,
            "Net Side Area unit": "SQUARE_METRE",
            "Gross Footprint Area": 0.0268,
            "Gross Footprint Area unit": "SQUARE_METRE",
            "Gross Volume": 0.0744,
            "Gross Volume unit": "CUBIC_METRE",
            "Net Volume": 0.0742,
            "Net Volume unit": "CUBIC_METRE"
        },
        "Geometric Representation": [
            "Clipping",
            "Curve2D"
        ],
        "Quantities (COMPAS)": {
            "Net Volume": 74243072.0293,
            "Net Volume unit": "CUBIC_METRE",
            "Entire Surface Area": 7590406.0071,
            "Entire Surface Area unit": "SQUARE_METRE"
        },
        "Bounding Box Dimensions (OBB - local frame)": {
            "X": 1.34,
            "Y": 0.02,
            "Z": 2.77,
            "Bounding Box Dimensions Unit": "METRE"
        },
        "Bounding Box Volume": 0.0742,
        "Real Volume to Bounding Box Volume Ratio": 1000580485.5701,
        "Face Count (tessellated element)": {
            "Face Count": 22
        },
        "Vertex Count (tessellated element)": {
            "Vertex Count": 46
        },
        "Edge Count (tessellated element)": {
            "Edge Count": 56
        },
        "Primary Object Axis (Cardinal Direction)": "W"
    },
    "Element Property Sets": {
        "Psets Element": {
            "Related to Mass": "False",
            "Room Bounding": "True",
            "Base Constraint": "Level: 00_Betonplatte",
            "Base Extension Distance": "0.0",
            "Base is Attached": "False",
            "Base Offset": "0.0",
            "Cross-Section": "Vertical",
            "Top Extension Distance": "0.0",
            "Top is Attached": "False",
            "Location Line": "Finish Face: Exterior",
            "Top Offset": "0.0",
            "Unconnected Height": "2834.0",
            "Area": "3.71787131840269",
            "Length": "1400.96725475658",
            "Volume": "0.0742430716949475",
            "Edited by": "",
            "Workset": "Architecture",
            "Category": "Walls",
            "Family": "Basic Wall: Wärmedämmung_Mineralwolle_20",
            "Family and Type": "Basic Wall: Wärmedämmung_Mineralwolle_20",
            "Type": "Basic Wall: Wärmedämmung_Mineralwolle_20",
            "Type Id": "Basic Wall: Wärmedämmung_Mineralwolle_20",
            "Phase Created": "Zu Bauen",
            "Enable Analytical Model": "False",
            "Structural": "False",
            "Structural Usage": "Non-bearing"
        },
        "Psets Object Type": {
            "Analytical Properties.Roughness": "3",
            "Analytical Properties.Absorptance": "0.7",
            "Analytical Properties.Heat Transfer Coefficient (U)": "1.7",
            "Analytical Properties.Thermal Mass": "0.062821035648",
            "Analytical Properties.Thermal Resistance (R)": "0.588235294117647",
            "Construction.Function": "Exterior",
            "Construction.Wrapping at Ends": "None",
            "Construction.Wrapping at Inserts": "Exterior",
            "Construction.Width": "20.0",
            "Data.Unternehmer": "Künzli",
            "Graphics.Coarse Scale Fill Pattern": "<Solid fill",
            "Graphics.Coarse Scale Fill Color": "12632256",
            "Identity Data.Edited by": "",
            "Identity Data.Assembly Code": "",
            "Identity Data.Assembly Description": "",
            "Identity Data.Workset": "Wall Types",
            "Identity Data.Cost": "80.0",
            "Identity Data.Type Name": "Wärmedämmung_Mineralwolle_20",
            "Other.Category": "Walls",
            "Other.Family Name": "Basic Wall"
        }
    },
    "Element Relationships": {
        "Nests": null,
        "Is Nested By": null,
        "Covers": null,
        "Is Covered By": null,
        "Has Openings": null,
        "Assigned Groups": null
    },
    "Element Location": {
        "Storeys Map": {
            "00_Betonplatte": {
                "Elevation": -0.54,
                "Unit": "meters"
            },
            "00_Eingang": {
                "Elevation": 0.0,
                "Unit": "meters"
            },
            "01_Galerie": {
                "Elevation": 2.92,
                "Unit": "meters"
            }
        },
        "Element Located in Storey": "00_Betonplatte",
        "Spatial Relationship": [
            {
                "name": "1072",
                "type": "IfcProject"
            },
            {
                "name": "Default",
                "type": "IfcSite"
            },
            {
                "name": "",
                "type": "IfcBuilding"
            },
            {
                "name": "00_Betonplatte",
                "type": "IfcBuildingStorey"
            }
        ]
    },
    "CompilationGroupID": "524838fce2"
}