{
    "Element Metadata": {
        "Name": "Basic Wall:Holzfassade_Hinterlüftet_OhneUK:1434021",
        "UID": "34870",
        "GlobalId": "0XxTIRndPDswCFuTTPaY5z",
        "Type": "IfcWallStandardCase",
        "ObjectType": "Basic Wall:Holzfassade_Hinterlüftet_OhneUK",
        "Classification": "Not defined",
        "Decomposes": {},
        "Is Decomposed By": []
    },
    "Element Material Data": [
        {
            "IfcEntity": "IfcMaterialLayerSetUsage",
            "Layer Set Name": "Basic Wall:Holzfassade_Hinterlüftet_OhneUK",
            "Layer Set Description": "Unknown",
            "Layer Set Total Thickness": "Unknown",
            "Layers": [
                {
                    "IfcEntity": "IfcMaterialLayer",
                    "Material Name": "Holzschalung Vertikal, Nadelholz,  schwarz gestrichen",
                    "Description": "Unknown",
                    "Category": "Unknown",
                    "Thickness": 0.021,
                    "Thickness unit": "METRE"
                }
            ]
        }
    ],
    "Element Geometry Data": {
        "Quantities (IFC)": {
            "Width": 0.021,
            "Width unit": "METRE",
            "Length": 1.3114,
            "Length unit": "METRE",
            "Height": 1.84,
            "Height unit": "METRE",
            "Gross Side Area": 2.413,
            "Gross Side Area unit": "SQUARE_METRE",
            "Net Side Area": 2.413,
            "Net Side Area unit": "SQUARE_METRE",
            "Gross Footprint Area": 0.0274,
            "Gross Footprint Area unit": "SQUARE_METRE",
            "Gross Volume": 0.0507,
            "Gross Volume unit": "CUBIC_METRE",
            "Net Volume": 0.0504,
            "Net Volume unit": "CUBIC_METRE"
        },
        "Geometric Representation": [
            "Curve2D",
            "SweptSolid"
        ],
        "Quantities (COMPAS)": {
            "Net Volume": 50352187.3673,
            "Net Volume unit": "CUBIC_METRE",
            "Entire Surface Area": 4938073.7769,
            "Entire Surface Area unit": "SQUARE_METRE"
        },
        "Bounding Box Dimensions (OBB - local frame)": {
            "X": 1.31,
            "Y": 1.84,
            "Z": 0.02,
            "Bounding Box Dimensions Unit": "METRE"
        },
        "Bounding Box Volume": 0.0482,
        "Real Volume to Bounding Box Volume Ratio": 1044651190.193,
        "Face Count (tessellated element)": {
            "Face Count": 12
        },
        "Vertex Count (tessellated element)": {
            "Vertex Count": 24
        },
        "Edge Count (tessellated element)": {
            "Edge Count": 30
        },
        "Primary Object Axis (Cardinal Direction)": "Undefined"
    },
    "Element Property Sets": {
        "Psets Element": {
            "Related to Mass": "False",
            "Room Bounding": "True",
            "Base Extension Distance": "0.0",
            "Base is Attached": "False",
            "Cross-Section": "Vertical",
            "Location Line": "Core Face: Exterior",
            "Top Extension Distance": "0.0",
            "Top is Attached": "False",
            "Base Constraint": "Level: 01_Galerie",
            "Top Constraint": "Level: 01_Brüstung",
            "Base Offset": "-40.0",
            "Top Offset": "-130.0",
            "Unconnected Height": "1840.0",
            "Area": "2.41299716548495",
            "Length": "1245.74624363501",
            "Volume": "0.0503521873673006",
            "Edited by": "",
            "Workset": "Architecture",
            "Category": "Walls",
            "Family": "Basic Wall: Holzfassade_Hinterlüftet_OhneUK",
            "Family and Type": "Basic Wall: Holzfassade_Hinterlüftet_OhneUK",
            "Type": "Basic Wall: Holzfassade_Hinterlüftet_OhneUK",
            "Type Id": "Basic Wall: Holzfassade_Hinterlüftet_OhneUK",
            "Phase Created": "Zu Bauen",
            "Enable Analytical Model": "False",
            "Structural": "False",
            "Structural Usage": "Non-bearing"
        },
        "Psets Object Type": {
            "Analytical Properties.Roughness": "3",
            "Analytical Properties.Absorptance": "0.7",
            "Construction.Function": "Exterior",
            "Construction.Wrapping at Ends": "None",
            "Construction.Wrapping at Inserts": "Do not wrap",
            "Construction.Width": "21.0",
            "Data.Unternehmer": "Künzli",
            "Graphics.Coarse Scale Fill Pattern": "<Solid fill",
            "Graphics.Coarse Scale Fill Color": "12632256",
            "Identity Data.Edited by": "",
            "Identity Data.Assembly Code": "",
            "Identity Data.Assembly Description": "",
            "Identity Data.Workset": "Wall Types",
            "Identity Data.Cost": "0.0",
            "Identity Data.Type Name": "Holzfassade_Hinterlüftet_OhneUK",
            "Other.Category": "Walls",
            "Other.Family Name": "Basic Wall"
        }
    },
    "Element Relationships": {
        "Nests": null,
        "Is Nested By": null,
        "Covers": null,
        "Is Covered By": null,
        "Has Openings": null,
        "Assigned Groups": null
    },
    "Element Location": {
        "Storeys Map": {
            "00_Betonplatte": {
                "Elevation": -0.54,
                "Unit": "meters"
            },
            "00_Eingang": {
                "Elevation": 0.0,
                "Unit": "meters"
            },
            "01_Galerie": {
                "Elevation": 2.92,
                "Unit": "meters"
            }
        },
        "Element Located in Storey": "01_Galerie",
        "Spatial Relationship": [
            {
                "name": "1072",
                "type": "IfcProject"
            },
            {
                "name": "Default",
                "type": "IfcSite"
            },
            {
                "name": "",
                "type": "IfcBuilding"
            },
            {
                "name": "01_Galerie",
                "type": "IfcBuildingStorey"
            }
        ]
    },
    "CompilationGroupID": "dfff60526d"
}