{
    "Element Metadata": {
        "Name": "Basic Wall:Gipsfaserplatte Vidiwall 15mm:5643525",
        "UID": "444903",
        "GlobalId": "0N5M7gdGL90fVmv7NqEPiu",
        "Type": "IfcWallStandardCase",
        "ObjectType": "Basic Wall:Gipsfaserplatte Vidiwall 15mm",
        "Classification": "Not defined",
        "Decomposes": {},
        "Is Decomposed By": []
    },
    "Element Material Data": [
        {
            "IfcEntity": "IfcMaterialLayerSetUsage",
            "Layer Set Name": "Basic Wall:Gipsfaserplatte Vidiwall 15mm",
            "Layer Set Description": "Unknown",
            "Layer Set Total Thickness": "Unknown",
            "Layers": [
                {
                    "IfcEntity": "IfcMaterialLayer",
                    "Material Name": "Gipsfaserplatte",
                    "Description": "Unknown",
                    "Category": "Unknown",
                    "Thickness": 0.015,
                    "Thickness unit": "METRE"
                }
            ]
        }
    ],
    "Element Geometry Data": {
        "Quantities (IFC)": {
            "Width": 0.015,
            "Width unit": "METRE",
            "Length": 2.8003,
            "Length unit": "METRE",
            "Height": 1.8,
            "Height unit": "METRE",
            "Gross Side Area": 5.0405,
            "Gross Side Area unit": "SQUARE_METRE",
            "Net Side Area": 5.0405,
            "Net Side Area unit": "SQUARE_METRE",
            "Gross Footprint Area": 0.042,
            "Gross Footprint Area unit": "SQUARE_METRE",
            "Gross Volume": 0.0756,
            "Gross Volume unit": "CUBIC_METRE",
            "Net Volume": 0.0756,
            "Net Volume unit": "CUBIC_METRE"
        },
        "Geometric Representation": [
            "Curve2D",
            "SweptSolid"
        ],
        "Quantities (COMPAS)": {
            "Net Volume": 75562984.36,
            "Net Volume unit": "CUBIC_METRE",
            "Entire Surface Area": 10213658.8351,
            "Entire Surface Area unit": "SQUARE_METRE"
        },
        "Bounding Box Dimensions (OBB - local frame)": {
            "X": 2.8,
            "Y": 0.02,
            "Z": 1.8,
            "Bounding Box Dimensions Unit": "METRE"
        },
        "Bounding Box Volume": 0.1008,
        "Real Volume to Bounding Box Volume Ratio": 749632781.3494,
        "Face Count (tessellated element)": {
            "Face Count": 20
        },
        "Vertex Count (tessellated element)": {
            "Vertex Count": 36
        },
        "Edge Count (tessellated element)": {
            "Edge Count": 48
        },
        "Primary Object Axis (Cardinal Direction)": "W"
    },
    "Element Property Sets": {
        "Psets Element": {
            "Related to Mass": "False",
            "Room Bounding": "True",
            "Base Extension Distance": "0.0",
            "Base is Attached": "False",
            "Base Offset": "0.0",
            "Cross-Section": "Vertical",
            "Top Extension Distance": "0.0",
            "Top is Attached": "False",
            "Base Constraint": "Level: 00_Eingang",
            "Location Line": "Finish Face: Exterior",
            "Top Offset": "0.0",
            "Unconnected Height": "1800.0",
            "Area": "5.04047823498408",
            "Length": "2940.27633766493",
            "Volume": "0.0755629843600165",
            "Edited by": "",
            "Workset": "Architecture",
            "Category": "Walls",
            "Family": "Basic Wall: Gipsfaserplatte Vidiwall 15mm",
            "Family and Type": "Basic Wall: Gipsfaserplatte Vidiwall 15mm",
            "Type": "Basic Wall: Gipsfaserplatte Vidiwall 15mm",
            "Type Id": "Basic Wall: Gipsfaserplatte Vidiwall 15mm",
            "Phase Created": "Zu Bauen",
            "Enable Analytical Model": "False",
            "Structural": "False",
            "Structural Usage": "Non-bearing"
        },
        "Psets Object Type": {
            "Analytical Properties.Roughness": "3",
            "Analytical Properties.Absorptance": "0.7",
            "Construction.Function": "Exterior",
            "Construction.Wrapping at Ends": "None",
            "Construction.Wrapping at Inserts": "Do not wrap",
            "Construction.Width": "15.0",
            "Data.Unternehmer": "Künzli",
            "Graphics.Coarse Scale Fill Pattern": "<Solid fill",
            "Graphics.Coarse Scale Fill Color": "8421504",
            "Identity Data.Edited by": "",
            "Identity Data.Assembly Code": "",
            "Identity Data.Assembly Description": "",
            "Identity Data.Workset": "Wall Types",
            "Identity Data.Cost": "0.0",
            "Identity Data.Fire Rating": "EI30",
            "Identity Data.Type Name": "Gipsfaserplatte Vidiwall 15mm",
            "Materials and Finishes.Structural Material": "Gipsfaserplatte",
            "Other.Category": "Walls",
            "Other.Family Name": "Basic Wall"
        }
    },
    "Element Relationships": {
        "Nests": null,
        "Is Nested By": null,
        "Covers": null,
        "Is Covered By": null,
        "Has Openings": null,
        "Assigned Groups": null
    },
    "Element Location": {
        "Storeys Map": {
            "00_Betonplatte": {
                "Elevation": -0.54,
                "Unit": "meters"
            },
            "00_Eingang": {
                "Elevation": 0.0,
                "Unit": "meters"
            },
            "01_Galerie": {
                "Elevation": 2.92,
                "Unit": "meters"
            }
        },
        "Element Located in Storey": "00_Eingang",
        "Spatial Relationship": [
            {
                "name": "1072",
                "type": "IfcProject"
            },
            {
                "name": "Default",
                "type": "IfcSite"
            },
            {
                "name": "",
                "type": "IfcBuilding"
            },
            {
                "name": "00_Eingang",
                "type": "IfcBuildingStorey"
            }
        ]
    },
    "CompilationGroupID": "031893e96a"
}