{
    "Element Metadata": {
        "Name": "Basic Wall:3-Schichtplatte 27mm C+/C:3384320",
        "UID": "88953",
        "GlobalId": "2b2$zMtOD2SQL3ltF3MWGZ",
        "Type": "IfcWall",
        "ObjectType": "Basic Wall:3-Schichtplatte 27mm C+/C",
        "Classification": "Not defined",
        "Decomposes": {},
        "Is Decomposed By": []
    },
    "Element Material Data": [
        {
            "IfcEntity": "IfcMaterialLayerSet",
            "Layers": [
                {
                    "IfcEntity": "IfcMaterialLayer",
                    "Material Name": "3-Schicht-Platte",
                    "Description": "Unknown",
                    "Category": "Unknown",
                    "Thickness": 0.027,
                    "Thickness unit": "METRE"
                }
            ]
        }
    ],
    "Element Geometry Data": {
        "Quantities (IFC)": {},
        "Geometric Representation": [
            "Curve2D",
            "SweptSolid"
        ],
        "Quantities (COMPAS)": {
            "Net Volume": 140514929.3441,
            "Net Volume unit": "CUBIC_METRE",
            "Entire Surface Area": 11011733.7734,
            "Entire Surface Area unit": "SQUARE_METRE"
        },
        "Bounding Box Dimensions (OBB - local frame)": {
            "X": 11.37,
            "Y": 0.03,
            "Z": 0.51,
            "Bounding Box Dimensions Unit": "METRE"
        },
        "Bounding Box Volume": 0.174,
        "Real Volume to Bounding Box Volume Ratio": 807557065.1961,
        "Face Count (tessellated element)": {
            "Face Count": 24
        },
        "Vertex Count (tessellated element)": {
            "Vertex Count": 48
        },
        "Edge Count (tessellated element)": {
            "Edge Count": 60
        },
        "Primary Object Axis (Cardinal Direction)": "W"
    },
    "Element Property Sets": {
        "Psets Element": {
            "Related to Mass": "False",
            "Room Bounding": "True",
            "Base Extension Distance": "0.0",
            "Base is Attached": "False",
            "Cross-Section": "Vertical",
            "Top Extension Distance": "0.0",
            "Top is Attached": "False",
            "Location Line": "Finish Face: Exterior",
            "Top Constraint": "Level: 01_TragstrukturRückwand",
            "Base Constraint": "Level: 01_TragstrukturRückwand",
            "Base Offset": "159.999999999974",
            "Top Offset": "672.99999999997",
            "Unconnected Height": "512.999999999995",
            "Area": "5.20425664237513",
            "Length": "11543.7339285651",
            "Volume": "0.14051492934413",
            "Edited by": "",
            "Workset": "Architecture",
            "Category": "Walls",
            "Family": "Basic Wall: 3-Schichtplatte 27mm C+/C",
            "Family and Type": "Basic Wall: 3-Schichtplatte 27mm C+/C",
            "Type": "Basic Wall: 3-Schichtplatte 27mm C+/C",
            "Type Id": "Basic Wall: 3-Schichtplatte 27mm C+/C",
            "Phase Created": "Zu Bauen",
            "Enable Analytical Model": "False",
            "Structural": "False",
            "Structural Usage": "Non-bearing"
        },
        "Psets Object Type": {
            "Analytical Properties.Roughness": "3",
            "Analytical Properties.Absorptance": "0.7",
            "Analytical Properties.Heat Transfer Coefficient (U)": "3.92592592592593",
            "Analytical Properties.Thermal Mass": "1.9661702095872",
            "Analytical Properties.Thermal Resistance (R)": "0.254716981132075",
            "Construction.Function": "Exterior",
            "Construction.Wrapping at Ends": "None",
            "Construction.Wrapping at Inserts": "Do not wrap",
            "Construction.Width": "27.0",
            "Data.Unternehmer": "Künzli",
            "Graphics.Coarse Scale Fill Pattern": "<Solid fill",
            "Graphics.Coarse Scale Fill Color": "8421504",
            "Identity Data.Edited by": "",
            "Identity Data.Assembly Code": "",
            "Identity Data.Assembly Description": "",
            "Identity Data.Workset": "Wall Types",
            "Identity Data.Cost": "0.0",
            "Identity Data.Type Name": "3-Schichtplatte 27mm C+/C",
            "Materials and Finishes.Structural Material": "3-Schicht-Platte",
            "Other.Category": "Walls",
            "Other.Family Name": "Basic Wall"
        }
    },
    "Element Relationships": {
        "Nests": null,
        "Is Nested By": null,
        "Covers": null,
        "Is Covered By": null,
        "Has Openings": null,
        "Assigned Groups": null
    },
    "Element Location": {
        "Storeys Map": {
            "00_Betonplatte": {
                "Elevation": -0.54,
                "Unit": "meters"
            },
            "00_Eingang": {
                "Elevation": 0.0,
                "Unit": "meters"
            },
            "01_Galerie": {
                "Elevation": 2.92,
                "Unit": "meters"
            }
        },
        "Element Located in Storey": "01_Galerie",
        "Spatial Relationship": [
            {
                "name": "1072",
                "type": "IfcProject"
            },
            {
                "name": "Default",
                "type": "IfcSite"
            },
            {
                "name": "",
                "type": "IfcBuilding"
            },
            {
                "name": "01_Galerie",
                "type": "IfcBuildingStorey"
            }
        ]
    }
}