{
    "Element Metadata": {
        "Name": "Basic Wall:PV Fassade Terasse:687807",
        "UID": "6603",
        "GlobalId": "3PSzbSor5DzehfFtR_jjzA",
        "Type": "IfcWallStandardCase",
        "ObjectType": "Basic Wall:PV Fassade Terasse",
        "Classification": "Not defined",
        "Decomposes": {},
        "Is Decomposed By": []
    },
    "Element Material Data": [
        {
            "IfcEntity": "IfcMaterialLayerSetUsage",
            "Layer Set Name": "Basic Wall:PV Fassade Terasse",
            "Layer Set Description": "Unknown",
            "Layer Set Total Thickness": "Unknown",
            "Layers": [
                {
                    "IfcEntity": "IfcMaterialLayer",
                    "Material Name": "Körpermodell",
                    "Description": "Unknown",
                    "Category": "Unknown",
                    "Thickness": 0.008,
                    "Thickness unit": "METRE"
                }
            ]
        }
    ],
    "Element Geometry Data": {
        "Quantities (IFC)": {
            "Width": 0.008,
            "Width unit": "METRE",
            "Length": 1.22,
            "Length unit": "METRE",
            "Height": 2.88,
            "Height unit": "METRE",
            "Gross Side Area": 3.5136,
            "Gross Side Area unit": "SQUARE_METRE",
            "Net Side Area": 3.5136,
            "Net Side Area unit": "SQUARE_METRE",
            "Gross Footprint Area": 0.0098,
            "Gross Footprint Area unit": "SQUARE_METRE",
            "Gross Volume": 0.0281,
            "Gross Volume unit": "CUBIC_METRE",
            "Net Volume": 0.0281,
            "Net Volume unit": "CUBIC_METRE"
        },
        "Geometric Representation": [
            "Curve2D",
            "SweptSolid"
        ],
        "Quantities (COMPAS)": {
            "Net Volume": 28108800.0,
            "Net Volume unit": "CUBIC_METRE",
            "Entire Surface Area": 7092800.0,
            "Entire Surface Area unit": "SQUARE_METRE"
        },
        "Bounding Box Dimensions (OBB - local frame)": {
            "X": 1.22,
            "Y": 2.88,
            "Z": 0.01,
            "Bounding Box Dimensions Unit": "METRE"
        },
        "Bounding Box Volume": 0.0351,
        "Real Volume to Bounding Box Volume Ratio": 800820512.8205,
        "Face Count (tessellated element)": {
            "Face Count": 12
        },
        "Vertex Count (tessellated element)": {
            "Vertex Count": 24
        },
        "Edge Count (tessellated element)": {
            "Edge Count": 30
        },
        "Primary Object Axis (Cardinal Direction)": "Undefined"
    },
    "Element Property Sets": {
        "Psets Element": {
            "Related to Mass": "False",
            "Room Bounding": "True",
            "Base Extension Distance": "0.0",
            "Base is Attached": "False",
            "Cross-Section": "Vertical",
            "Location Line": "Core Face: Exterior",
            "Top Constraint": "Level: 01_Galerie",
            "Top Extension Distance": "0.0",
            "Top is Attached": "False",
            "Base Constraint": "Level: 00_Eingang",
            "Base Offset": "-65.0",
            "Top Offset": "-105.0",
            "Unconnected Height": "2879.99999999991",
            "Area": "3.51359999999989",
            "Length": "1220.0",
            "Volume": "0.0281087999999999",
            "Edited by": "",
            "Workset": "Architecture",
            "Category": "Walls",
            "Family": "Basic Wall: PV Fassade Terasse",
            "Family and Type": "Basic Wall: PV Fassade Terasse",
            "Type": "Basic Wall: PV Fassade Terasse",
            "Type Id": "Basic Wall: PV Fassade Terasse",
            "Phase Created": "Zu Bauen",
            "Enable Analytical Model": "False",
            "Structural": "False",
            "Structural Usage": "Non-bearing"
        },
        "Psets Object Type": {
            "Analytical Properties.Roughness": "3",
            "Analytical Properties.Absorptance": "0.7",
            "Construction.Function": "Exterior",
            "Construction.Wrapping at Ends": "None",
            "Construction.Wrapping at Inserts": "Do not wrap",
            "Construction.Width": "8.00000000000001",
            "Data.Unternehmer": "Künzli",
            "Graphics.Coarse Scale Fill Pattern": "<Solid fill",
            "Graphics.Coarse Scale Fill Color": "12632256",
            "Identity Data.Edited by": "",
            "Identity Data.Assembly Code": "",
            "Identity Data.Assembly Description": "",
            "Identity Data.Workset": "Wall Types",
            "Identity Data.Cost": "0.0",
            "Identity Data.Fire Rating": "",
            "Identity Data.Type Name": "PV Fassade Terasse",
            "Other.Category": "Walls",
            "Other.Family Name": "Basic Wall"
        }
    },
    "Element Relationships": {
        "Nests": null,
        "Is Nested By": null,
        "Covers": null,
        "Is Covered By": null,
        "Has Openings": null,
        "Assigned Groups": null
    },
    "Element Location": {
        "Storeys Map": {
            "00_Betonplatte": {
                "Elevation": -0.54,
                "Unit": "meters"
            },
            "00_Eingang": {
                "Elevation": 0.0,
                "Unit": "meters"
            },
            "01_Galerie": {
                "Elevation": 2.92,
                "Unit": "meters"
            }
        },
        "Element Located in Storey": "00_Eingang",
        "Spatial Relationship": [
            {
                "name": "1072",
                "type": "IfcProject"
            },
            {
                "name": "Default",
                "type": "IfcSite"
            },
            {
                "name": "",
                "type": "IfcBuilding"
            },
            {
                "name": "00_Eingang",
                "type": "IfcBuildingStorey"
            }
        ]
    },
    "CompilationGroupID": "c7d2a47639"
}