{
    "Element Metadata": {
        "Name": "Basic Wall:3-Schichtplatte 27mm C+/C:2906770",
        "UID": "87505",
        "GlobalId": "13Z0hA9Cv24gPPh8P3sK6R",
        "Type": "IfcWallStandardCase",
        "ObjectType": "Basic Wall:3-Schichtplatte 27mm C+/C",
        "Classification": "Not defined",
        "Decomposes": {},
        "Is Decomposed By": []
    },
    "Element Material Data": [
        {
            "IfcEntity": "IfcMaterialLayerSetUsage",
            "Layer Set Name": "Basic Wall:3-Schichtplatte 27mm C+/C",
            "Layer Set Description": "Unknown",
            "Layer Set Total Thickness": "Unknown",
            "Layers": [
                {
                    "IfcEntity": "IfcMaterialLayer",
                    "Material Name": "3-Schicht-Platte",
                    "Description": "Unknown",
                    "Category": "Unknown",
                    "Thickness": 0.027,
                    "Thickness unit": "METRE"
                }
            ]
        }
    ],
    "Element Geometry Data": {
        "Quantities (IFC)": {
            "Width": 0.027,
            "Width unit": "METRE",
            "Length": 3.8219,
            "Length unit": "METRE",
            "Height": 0.36,
            "Height unit": "METRE",
            "Gross Side Area": 1.3759,
            "Gross Side Area unit": "SQUARE_METRE",
            "Net Side Area": 1.3759,
            "Net Side Area unit": "SQUARE_METRE",
            "Gross Footprint Area": 0.1032,
            "Gross Footprint Area unit": "SQUARE_METRE",
            "Gross Volume": 0.0371,
            "Gross Volume unit": "CUBIC_METRE",
            "Net Volume": 0.0371,
            "Net Volume unit": "CUBIC_METRE"
        },
        "Geometric Representation": [
            "Curve2D",
            "SweptSolid"
        ],
        "Quantities (COMPAS)": {
            "Net Volume": 37149210.0633,
            "Net Volume unit": "CUBIC_METRE",
            "Entire Surface Area": 2977617.8384,
            "Entire Surface Area unit": "SQUARE_METRE"
        },
        "Bounding Box Dimensions (OBB - local frame)": {
            "X": 0.03,
            "Y": 3.82,
            "Z": 0.36,
            "Bounding Box Dimensions Unit": "METRE"
        },
        "Bounding Box Volume": 0.0413,
        "Real Volume to Bounding Box Volume Ratio": 899496611.7018,
        "Face Count (tessellated element)": {
            "Face Count": 12
        },
        "Vertex Count (tessellated element)": {
            "Vertex Count": 24
        },
        "Edge Count (tessellated element)": {
            "Edge Count": 30
        },
        "Primary Object Axis (Cardinal Direction)": "N"
    },
    "Element Property Sets": {
        "Psets Element": {
            "Related to Mass": "False",
            "Room Bounding": "True",
            "Base Extension Distance": "0.0",
            "Base is Attached": "False",
            "Cross-Section": "Vertical",
            "Location Line": "Core Face: Exterior",
            "Top Constraint": "Level: 01_Galerie",
            "Top Extension Distance": "0.0",
            "Top is Attached": "False",
            "Base Constraint": "Level: 01_Galerie",
            "Base Offset": "-475.0",
            "Top Offset": "-115.0",
            "Unconnected Height": "360.0",
            "Area": "1.37589666901059",
            "Length": "3821.93519169706",
            "Volume": "0.0371492100632859",
            "Edited by": "",
            "Workset": "Architecture",
            "Category": "Walls",
            "Family": "Basic Wall: 3-Schichtplatte 27mm C+/C",
            "Family and Type": "Basic Wall: 3-Schichtplatte 27mm C+/C",
            "Type": "Basic Wall: 3-Schichtplatte 27mm C+/C",
            "Type Id": "Basic Wall: 3-Schichtplatte 27mm C+/C",
            "Phase Created": "Zu Bauen",
            "Enable Analytical Model": "False",
            "Structural": "False",
            "Structural Usage": "Non-bearing"
        },
        "Psets Object Type": {
            "Analytical Properties.Roughness": "3",
            "Analytical Properties.Absorptance": "0.7",
            "Analytical Properties.Heat Transfer Coefficient (U)": "3.92592592592593",
            "Analytical Properties.Thermal Mass": "1.9661702095872",
            "Analytical Properties.Thermal Resistance (R)": "0.254716981132075",
            "Construction.Function": "Exterior",
            "Construction.Wrapping at Ends": "None",
            "Construction.Wrapping at Inserts": "Do not wrap",
            "Construction.Width": "27.0",
            "Data.Unternehmer": "Künzli",
            "Graphics.Coarse Scale Fill Pattern": "<Solid fill",
            "Graphics.Coarse Scale Fill Color": "8421504",
            "Identity Data.Edited by": "",
            "Identity Data.Assembly Code": "",
            "Identity Data.Assembly Description": "",
            "Identity Data.Workset": "Wall Types",
            "Identity Data.Cost": "0.0",
            "Identity Data.Type Name": "3-Schichtplatte 27mm C+/C",
            "Materials and Finishes.Structural Material": "3-Schicht-Platte",
            "Other.Category": "Walls",
            "Other.Family Name": "Basic Wall"
        }
    },
    "Element Relationships": {
        "Nests": null,
        "Is Nested By": null,
        "Covers": null,
        "Is Covered By": null,
        "Has Openings": null,
        "Assigned Groups": null
    },
    "Element Location": {
        "Storeys Map": {
            "00_Betonplatte": {
                "Elevation": -0.54,
                "Unit": "meters"
            },
            "00_Eingang": {
                "Elevation": 0.0,
                "Unit": "meters"
            },
            "01_Galerie": {
                "Elevation": 2.92,
                "Unit": "meters"
            }
        },
        "Element Located in Storey": "01_Galerie",
        "Spatial Relationship": [
            {
                "name": "1072",
                "type": "IfcProject"
            },
            {
                "name": "Default",
                "type": "IfcSite"
            },
            {
                "name": "",
                "type": "IfcBuilding"
            },
            {
                "name": "01_Galerie",
                "type": "IfcBuildingStorey"
            }
        ]
    },
    "CompilationGroupID": "16380cc63d"
}