{
    "Element Metadata": {
        "Name": "Basic Wall:3-Schichtplatte 40mm:3214661",
        "UID": "88503",
        "GlobalId": "3T3x1iMGfEbQco2Fea1rRn",
        "Type": "IfcWallStandardCase",
        "ObjectType": "Basic Wall:3-Schichtplatte 40mm",
        "Classification": "Not defined",
        "Decomposes": {},
        "Is Decomposed By": []
    },
    "Element Material Data": [
        {
            "IfcEntity": "IfcMaterialLayerSetUsage",
            "Layer Set Name": "Basic Wall:3-Schichtplatte 40mm",
            "Layer Set Description": "Unknown",
            "Layer Set Total Thickness": "Unknown",
            "Layers": [
                {
                    "IfcEntity": "IfcMaterialLayer",
                    "Material Name": "3-Schicht-Platte",
                    "Description": "Unknown",
                    "Category": "Unknown",
                    "Thickness": 0.04,
                    "Thickness unit": "METRE"
                }
            ]
        }
    ],
    "Element Geometry Data": {
        "Quantities (IFC)": {
            "Width": 0.04,
            "Width unit": "METRE",
            "Length": 0.45,
            "Length unit": "METRE",
            "Height": 2.5297,
            "Height unit": "METRE",
            "Gross Side Area": 1.1384,
            "Gross Side Area unit": "SQUARE_METRE",
            "Net Side Area": 1.1384,
            "Net Side Area unit": "SQUARE_METRE",
            "Gross Footprint Area": 0.018,
            "Gross Footprint Area unit": "SQUARE_METRE",
            "Gross Volume": 0.0455,
            "Gross Volume unit": "CUBIC_METRE",
            "Net Volume": 0.0455,
            "Net Volume unit": "CUBIC_METRE"
        },
        "Geometric Representation": [
            "Curve2D",
            "SweptSolid"
        ],
        "Quantities (COMPAS)": {
            "Net Volume": 45535495.8246,
            "Net Volume unit": "CUBIC_METRE",
            "Entire Surface Area": 2515154.7726,
            "Entire Surface Area unit": "SQUARE_METRE"
        },
        "Bounding Box Dimensions (OBB - local frame)": {
            "X": 0.45,
            "Y": 2.53,
            "Z": 0.04,
            "Bounding Box Dimensions Unit": "METRE"
        },
        "Bounding Box Volume": 0.0455,
        "Real Volume to Bounding Box Volume Ratio": 1000780128.0141,
        "Face Count (tessellated element)": {
            "Face Count": 12
        },
        "Vertex Count (tessellated element)": {
            "Vertex Count": 24
        },
        "Edge Count (tessellated element)": {
            "Edge Count": 30
        },
        "Primary Object Axis (Cardinal Direction)": "Undefined"
    },
    "Element Property Sets": {
        "Psets Element": {
            "Related to Mass": "False",
            "Room Bounding": "True",
            "Base Constraint": "Level: 00_Betonplatte",
            "Base Extension Distance": "0.0",
            "Base is Attached": "False",
            "Cross-Section": "Vertical",
            "Top Extension Distance": "0.0",
            "Top is Attached": "False",
            "Location Line": "Finish Face: Exterior",
            "Top Constraint": "Level: 01_TragstrukturRückwand",
            "Base Offset": "166.624062762096",
            "Top Offset": "-1993.62616999994",
            "Unconnected Height": "2529.7497672379",
            "Area": "1.13838739561607",
            "Length": "450.000000141918",
            "Volume": "0.0455354958246424",
            "Edited by": "",
            "Workset": "Innenausbau",
            "Category": "Walls",
            "Family": "Basic Wall: 3-Schichtplatte 40mm",
            "Family and Type": "Basic Wall: 3-Schichtplatte 40mm",
            "Type": "Basic Wall: 3-Schichtplatte 40mm",
            "Type Id": "Basic Wall: 3-Schichtplatte 40mm",
            "Phase Created": "Zu Bauen",
            "Enable Analytical Model": "False",
            "Structural": "False",
            "Structural Usage": "Non-bearing"
        },
        "Psets Object Type": {
            "Analytical Properties.Roughness": "3",
            "Analytical Properties.Absorptance": "0.7",
            "Analytical Properties.Heat Transfer Coefficient (U)": "2.65",
            "Analytical Properties.Thermal Mass": "2.912844754944",
            "Analytical Properties.Thermal Resistance (R)": "0.377358490566038",
            "Construction.Function": "Exterior",
            "Construction.Wrapping at Ends": "None",
            "Construction.Wrapping at Inserts": "Do not wrap",
            "Construction.Width": "40.0",
            "Data.Unternehmer": "Künzli",
            "Graphics.Coarse Scale Fill Pattern": "<Solid fill",
            "Graphics.Coarse Scale Fill Color": "8421504",
            "Identity Data.Edited by": "",
            "Identity Data.Assembly Code": "",
            "Identity Data.Assembly Description": "",
            "Identity Data.Workset": "Wall Types",
            "Identity Data.Cost": "0.0",
            "Identity Data.Type Name": "3-Schichtplatte 40mm",
            "Materials and Finishes.Structural Material": "3-Schicht-Platte",
            "Other.Category": "Walls",
            "Other.Family Name": "Basic Wall"
        }
    },
    "Element Relationships": {
        "Nests": null,
        "Is Nested By": null,
        "Covers": null,
        "Is Covered By": null,
        "Has Openings": null,
        "Assigned Groups": null
    },
    "Element Location": {
        "Storeys Map": {
            "00_Betonplatte": {
                "Elevation": -0.54,
                "Unit": "meters"
            },
            "00_Eingang": {
                "Elevation": 0.0,
                "Unit": "meters"
            },
            "01_Galerie": {
                "Elevation": 2.92,
                "Unit": "meters"
            }
        },
        "Element Located in Storey": "00_Betonplatte",
        "Spatial Relationship": [
            {
                "name": "1072",
                "type": "IfcProject"
            },
            {
                "name": "Default",
                "type": "IfcSite"
            },
            {
                "name": "",
                "type": "IfcBuilding"
            },
            {
                "name": "00_Betonplatte",
                "type": "IfcBuildingStorey"
            }
        ]
    },
    "CompilationGroupID": "30abe42a62"
}