{
    "Element Metadata": {
        "Name": "Basic Wall:Wärmedämmung_Mineralwolle_90:5421574",
        "UID": "434043",
        "GlobalId": "3D$hiogd117g3okR4n43t1",
        "Type": "IfcWallStandardCase",
        "ObjectType": "Basic Wall:Wärmedämmung_Mineralwolle_90",
        "Classification": "Not defined",
        "Decomposes": {},
        "Is Decomposed By": []
    },
    "Element Material Data": [
        {
            "IfcEntity": "IfcMaterialLayerSetUsage",
            "Layer Set Name": "Basic Wall:Wärmedämmung_Mineralwolle_90",
            "Layer Set Description": "Unknown",
            "Layer Set Total Thickness": "Unknown",
            "Layers": [
                {
                    "IfcEntity": "IfcMaterialLayer",
                    "Material Name": "Wärmedämmung Mineralwolle, 0.035 W/mK",
                    "Description": "Unknown",
                    "Category": "Unknown",
                    "Thickness": 0.09,
                    "Thickness unit": "METRE"
                }
            ]
        }
    ],
    "Element Geometry Data": {
        "Quantities (IFC)": {
            "Width": 0.09,
            "Width unit": "METRE",
            "Length": 16.297,
            "Length unit": "METRE",
            "Height": 0.48,
            "Height unit": "METRE",
            "Gross Side Area": 7.8226,
            "Gross Side Area unit": "SQUARE_METRE",
            "Net Side Area": 7.8226,
            "Net Side Area unit": "SQUARE_METRE",
            "Gross Footprint Area": 1.4667,
            "Gross Footprint Area unit": "SQUARE_METRE",
            "Gross Volume": 0.704,
            "Gross Volume unit": "CUBIC_METRE",
            "Net Volume": 0.704,
            "Net Volume unit": "CUBIC_METRE"
        },
        "Geometric Representation": [
            "Curve2D",
            "SweptSolid"
        ],
        "Quantities (COMPAS)": {
            "Net Volume": 704030400.0001,
            "Net Volume unit": "CUBIC_METRE",
            "Entire Surface Area": 18664980.0,
            "Entire Surface Area unit": "SQUARE_METRE"
        },
        "Bounding Box Dimensions (OBB - local frame)": {
            "X": 0.09,
            "Y": 16.3,
            "Z": 0.48,
            "Bounding Box Dimensions Unit": "METRE"
        },
        "Bounding Box Volume": 0.7042,
        "Real Volume to Bounding Box Volume Ratio": 999759159.3299,
        "Face Count (tessellated element)": {
            "Face Count": 12
        },
        "Vertex Count (tessellated element)": {
            "Vertex Count": 24
        },
        "Edge Count (tessellated element)": {
            "Edge Count": 30
        },
        "Primary Object Axis (Cardinal Direction)": "N"
    },
    "Element Property Sets": {
        "Psets Element": {
            "Related to Mass": "False",
            "Room Bounding": "True",
            "Base Extension Distance": "0.0",
            "Base is Attached": "False",
            "Cross-Section": "Vertical",
            "Top Extension Distance": "0.0",
            "Top is Attached": "False",
            "Location Line": "Finish Face: Exterior",
            "Top Offset": "0.0",
            "Base Constraint": "Level: 01_Brüstung",
            "Base Offset": "-539.999999999995",
            "Unconnected Height": "480.000000000088",
            "Area": "7.82256000000138",
            "Length": "16351.9999999999",
            "Volume": "0.704030400000125",
            "Edited by": "",
            "Workset": "Architecture",
            "Category": "Walls",
            "Family": "Basic Wall: Wärmedämmung_Mineralwolle_90",
            "Family and Type": "Basic Wall: Wärmedämmung_Mineralwolle_90",
            "Type": "Basic Wall: Wärmedämmung_Mineralwolle_90",
            "Type Id": "Basic Wall: Wärmedämmung_Mineralwolle_90",
            "Phase Created": "Zu Bauen",
            "Enable Analytical Model": "False",
            "Structural": "False",
            "Structural Usage": "Non-bearing"
        },
        "Psets Object Type": {
            "Analytical Properties.Roughness": "3",
            "Analytical Properties.Absorptance": "0.7",
            "Analytical Properties.Heat Transfer Coefficient (U)": "0.377777777777778",
            "Analytical Properties.Thermal Mass": "0.282694660416",
            "Analytical Properties.Thermal Resistance (R)": "2.64705882352941",
            "Construction.Function": "Exterior",
            "Construction.Wrapping at Ends": "None",
            "Construction.Wrapping at Inserts": "Exterior",
            "Construction.Width": "90.0",
            "Data.Unternehmer": "Künzli",
            "Graphics.Coarse Scale Fill Pattern": "<Solid fill",
            "Graphics.Coarse Scale Fill Color": "12632256",
            "Identity Data.Edited by": "",
            "Identity Data.Assembly Code": "",
            "Identity Data.Assembly Description": "",
            "Identity Data.Workset": "Wall Types",
            "Identity Data.Cost": "80.0",
            "Identity Data.Type Name": "Wärmedämmung_Mineralwolle_90",
            "Other.Category": "Walls",
            "Other.Family Name": "Basic Wall"
        }
    },
    "Element Relationships": {
        "Nests": null,
        "Is Nested By": null,
        "Covers": null,
        "Is Covered By": null,
        "Has Openings": null,
        "Assigned Groups": null
    },
    "Element Location": {
        "Storeys Map": {
            "00_Betonplatte": {
                "Elevation": -0.54,
                "Unit": "meters"
            },
            "00_Eingang": {
                "Elevation": 0.0,
                "Unit": "meters"
            },
            "01_Galerie": {
                "Elevation": 2.92,
                "Unit": "meters"
            }
        },
        "Element Located in Storey": "01_Galerie",
        "Spatial Relationship": [
            {
                "name": "1072",
                "type": "IfcProject"
            },
            {
                "name": "Default",
                "type": "IfcSite"
            },
            {
                "name": "",
                "type": "IfcBuilding"
            },
            {
                "name": "01_Galerie",
                "type": "IfcBuildingStorey"
            }
        ]
    },
    "CompilationGroupID": "c923413f81"
}