{
    "Element Metadata": {
        "Name": "Basic Wall:Innenwandelement Archisonic ohne MDF:3995377",
        "UID": "89990",
        "GlobalId": "26ue0V6xj3mAkq0CUmvzsO",
        "Type": "IfcWallStandardCase",
        "ObjectType": "Basic Wall:Innenwandelement Archisonic ohne MDF",
        "Classification": "Not defined",
        "Decomposes": {},
        "Is Decomposed By": []
    },
    "Element Material Data": [
        {
            "IfcEntity": "IfcMaterialLayerSetUsage",
            "Layer Set Name": "Basic Wall:Innenwandelement Archisonic ohne MDF",
            "Layer Set Description": "Unknown",
            "Layer Set Total Thickness": "Unknown",
            "Layers": [
                {
                    "IfcEntity": "IfcMaterialLayer",
                    "Material Name": "Archisonic Charcoal",
                    "Description": "Unknown",
                    "Category": "Unknown",
                    "Thickness": 0.012,
                    "Thickness unit": "METRE"
                }
            ]
        }
    ],
    "Element Geometry Data": {
        "Quantities (IFC)": {
            "Width": 0.012,
            "Width unit": "METRE",
            "Length": 0.1383,
            "Length unit": "METRE",
            "Height": 1.903,
            "Height unit": "METRE",
            "Gross Side Area": 0.2631,
            "Gross Side Area unit": "SQUARE_METRE",
            "Net Side Area": 0.2631,
            "Net Side Area unit": "SQUARE_METRE",
            "Gross Footprint Area": 0.0016,
            "Gross Footprint Area unit": "SQUARE_METRE",
            "Gross Volume": 0.0032,
            "Gross Volume unit": "CUBIC_METRE",
            "Net Volume": 0.0031,
            "Net Volume unit": "CUBIC_METRE"
        },
        "Geometric Representation": [
            "Clipping",
            "Curve2D"
        ],
        "Quantities (COMPAS)": {
            "Net Volume": 3127429.3337,
            "Net Volume unit": "CUBIC_METRE",
            "Entire Surface Area": 570734.4556,
            "Entire Surface Area unit": "SQUARE_METRE"
        },
        "Bounding Box Dimensions (OBB - local frame)": {
            "X": 0.14,
            "Y": 0.01,
            "Z": 1.9,
            "Bounding Box Dimensions Unit": "METRE"
        },
        "Bounding Box Volume": 0.0027,
        "Real Volume to Bounding Box Volume Ratio": 1158307160.6231,
        "Face Count (tessellated element)": {
            "Face Count": 12
        },
        "Vertex Count (tessellated element)": {
            "Vertex Count": 24
        },
        "Edge Count (tessellated element)": {
            "Edge Count": 30
        },
        "Primary Object Axis (Cardinal Direction)": "W"
    },
    "Element Property Sets": {
        "Psets Element": {
            "Related to Mass": "False",
            "Room Bounding": "True",
            "Base Extension Distance": "0.0",
            "Base is Attached": "False",
            "Base Offset": "0.0",
            "Cross-Section": "Vertical",
            "Top Extension Distance": "0.0",
            "Location Line": "Finish Face: Exterior",
            "Base Constraint": "Level: 01_Galerie",
            "Top Constraint": "Level: 01_Brüstung",
            "Top is Attached": "True",
            "Top Offset": "-26.9999999999996",
            "Unconnected Height": "1903.0",
            "Area": "0.263110725377462",
            "Length": "149.234105791286",
            "Volume": "0.00312742933367943",
            "Edited by": "",
            "Workset": "Innenausbau",
            "Category": "Walls",
            "Family": "Basic Wall: Innenwandelement Archisonic ohne MDF",
            "Family and Type": "Basic Wall: Innenwandelement Archisonic ohne MDF",
            "Type": "Basic Wall: Innenwandelement Archisonic ohne MDF",
            "Type Id": "Basic Wall: Innenwandelement Archisonic ohne MDF",
            "Phase Created": "Zu Bauen",
            "Enable Analytical Model": "False",
            "Structural": "False",
            "Structural Usage": "Non-bearing"
        },
        "Psets Object Type": {
            "Analytical Properties.Roughness": "3",
            "Analytical Properties.Absorptance": "0.7",
            "Construction.Function": "Exterior",
            "Construction.Wrapping at Ends": "None",
            "Construction.Wrapping at Inserts": "Do not wrap",
            "Construction.Width": "12.0",
            "Data.Unternehmer": "Künzli",
            "Graphics.Coarse Scale Fill Pattern": "<Solid fill",
            "Graphics.Coarse Scale Fill Color": "8421504",
            "Identity Data.Edited by": "",
            "Identity Data.Assembly Code": "",
            "Identity Data.Assembly Description": "",
            "Identity Data.Workset": "Wall Types",
            "Identity Data.Cost": "0.0",
            "Identity Data.Description": "TYP A",
            "Identity Data.Type Name": "Innenwandelement Archisonic ohne MDF",
            "Other.Category": "Walls",
            "Other.Family Name": "Basic Wall"
        }
    },
    "Element Relationships": {
        "Nests": null,
        "Is Nested By": null,
        "Covers": null,
        "Is Covered By": null,
        "Has Openings": [
            {
                "IfcEntity": "IfcOpeningElement",
                "GlobalId": "1SysZgZ8b9ph60PAdNkUJJ",
                "OpeningType": "Not defined"
            }
        ],
        "Assigned Groups": null
    },
    "Element Location": {
        "Storeys Map": {
            "00_Betonplatte": {
                "Elevation": -0.54,
                "Unit": "meters"
            },
            "00_Eingang": {
                "Elevation": 0.0,
                "Unit": "meters"
            },
            "01_Galerie": {
                "Elevation": 2.92,
                "Unit": "meters"
            }
        },
        "Element Located in Storey": "01_Galerie",
        "Spatial Relationship": [
            {
                "name": "1072",
                "type": "IfcProject"
            },
            {
                "name": "Default",
                "type": "IfcSite"
            },
            {
                "name": "",
                "type": "IfcBuilding"
            },
            {
                "name": "01_Galerie",
                "type": "IfcBuildingStorey"
            }
        ]
    },
    "CompilationGroupID": "f3de7c9098"
}