{
    "Element Metadata": {
        "Name": "Basic Wall:BSP 140 - 5s:1704117",
        "UID": "41924",
        "GlobalId": "2XqB1RTAT72giyxccTbhIq",
        "Type": "IfcWallStandardCase",
        "ObjectType": "Basic Wall:BSP 140 - 5s",
        "Classification": "Not defined",
        "Decomposes": {},
        "Is Decomposed By": []
    },
    "Element Material Data": [
        {
            "IfcEntity": "IfcMaterialLayerSetUsage",
            "Layer Set Name": "Basic Wall:BSP 140 - 5s",
            "Layer Set Description": "Unknown",
            "Layer Set Total Thickness": "Unknown",
            "Layers": [
                {
                    "IfcEntity": "IfcMaterialLayer",
                    "Material Name": "Brettschichtholz C24",
                    "Description": "Unknown",
                    "Category": "Unknown",
                    "Thickness": 0.14,
                    "Thickness unit": "METRE"
                }
            ]
        }
    ],
    "Element Geometry Data": {
        "Quantities (IFC)": {
            "Width": 0.14,
            "Width unit": "METRE",
            "Length": 4.9818,
            "Length unit": "METRE",
            "Height": 1.578,
            "Height unit": "METRE",
            "Gross Side Area": 7.8613,
            "Gross Side Area unit": "SQUARE_METRE",
            "Net Side Area": 7.8613,
            "Net Side Area unit": "SQUARE_METRE",
            "Gross Footprint Area": 0.6975,
            "Gross Footprint Area unit": "SQUARE_METRE",
            "Gross Volume": 1.1006,
            "Gross Volume unit": "CUBIC_METRE",
            "Net Volume": 1.1006,
            "Net Volume unit": "CUBIC_METRE"
        },
        "Geometric Representation": [
            "Curve2D",
            "SweptSolid"
        ],
        "Quantities (COMPAS)": {
            "Net Volume": 1100583824.4955,
            "Net Volume unit": "CUBIC_METRE",
            "Entire Surface Area": 17559375.8545,
            "Entire Surface Area unit": "SQUARE_METRE"
        },
        "Bounding Box Dimensions (OBB - local frame)": {
            "X": 4.98,
            "Y": 0.14,
            "Z": 1.58,
            "Bounding Box Dimensions Unit": "METRE"
        },
        "Bounding Box Volume": 1.1016,
        "Real Volume to Bounding Box Volume Ratio": 999077545.8383,
        "Face Count (tessellated element)": {
            "Face Count": 12
        },
        "Vertex Count (tessellated element)": {
            "Vertex Count": 24
        },
        "Edge Count (tessellated element)": {
            "Edge Count": 30
        },
        "Primary Object Axis (Cardinal Direction)": "E"
    },
    "Element Property Sets": {
        "Psets Element": {
            "Related to Mass": "False",
            "Room Bounding": "True",
            "Base Extension Distance": "0.0",
            "Base is Attached": "False",
            "Cross-Section": "Vertical",
            "Location Line": "Core Face: Exterior",
            "Top Extension Distance": "0.0",
            "Top is Attached": "False",
            "Base Constraint": "Level: 01_Galerie",
            "Top Constraint": "Level: 01_TragstrukturRückwand",
            "Base Offset": "-188.000000000092",
            "Top Offset": "160.0",
            "Unconnected Height": "1578.00000000012",
            "Area": "7.8613130321107",
            "Length": "5051.820679411",
            "Volume": "1.10058382449549",
            "Edited by": "",
            "Workset": "Tragwerk",
            "Category": "Walls",
            "Family": "Basic Wall: BSP 140 - 5s",
            "Family and Type": "Basic Wall: BSP 140 - 5s",
            "Type": "Basic Wall: BSP 140 - 5s",
            "Type Id": "Basic Wall: BSP 140 - 5s",
            "Phase Created": "Zu Bauen",
            "Enable Analytical Model": "False",
            "Rebar Cover - Other Faces": "Rebar Cover Settings: Bewehrungsüberdeckung 1",
            "Structural": "True",
            "Rebar Cover - Exterior Face": "Rebar Cover Settings: Bewehrungsüberdeckung 1",
            "Rebar Cover - Interior Face": "Rebar Cover Settings: Bewehrungsüberdeckung 1",
            "Structural Usage": "Bearing"
        },
        "Psets Object Type": {
            "Analytical Properties.Roughness": "3",
            "Analytical Properties.Absorptance": "0.7",
            "Construction.Function": "Exterior",
            "Construction.Wrapping at Ends": "None",
            "Construction.Wrapping at Inserts": "Do not wrap",
            "Construction.Width": "140.0",
            "Data.Unternehmer": "Künzli",
            "Graphics.Coarse Scale Fill Pattern": "<Solid fill",
            "Graphics.Coarse Scale Fill Color": "8421504",
            "Identity Data.Edited by": "",
            "Identity Data.Assembly Code": "",
            "Identity Data.Assembly Description": "",
            "Identity Data.Workset": "Wall Types",
            "Identity Data.Cost": "0.0",
            "Identity Data.Feuerwiderstandsklasse": "R30",
            "Identity Data.Fire Rating": "R30",
            "Identity Data.Type Name": "BSP 140 - 5s",
            "Materials and Finishes.Structural Material": "Brettschichtholz C24",
            "Other.Category": "Walls",
            "Other.Family Name": "Basic Wall"
        }
    },
    "Element Relationships": {
        "Nests": null,
        "Is Nested By": null,
        "Covers": null,
        "Is Covered By": null,
        "Has Openings": null,
        "Assigned Groups": null
    },
    "Element Location": {
        "Storeys Map": {
            "00_Betonplatte": {
                "Elevation": -0.54,
                "Unit": "meters"
            },
            "00_Eingang": {
                "Elevation": 0.0,
                "Unit": "meters"
            },
            "01_Galerie": {
                "Elevation": 2.92,
                "Unit": "meters"
            }
        },
        "Element Located in Storey": "01_Galerie",
        "Spatial Relationship": [
            {
                "name": "1072",
                "type": "IfcProject"
            },
            {
                "name": "Default",
                "type": "IfcSite"
            },
            {
                "name": "",
                "type": "IfcBuilding"
            },
            {
                "name": "01_Galerie",
                "type": "IfcBuildingStorey"
            }
        ]
    },
    "CompilationGroupID": "ff0022f92c"
}