{
    "Element Metadata": {
        "Name": "Basic Wall:Wärmedämmung_Mineralwolle_130:5438510",
        "UID": "434387",
        "GlobalId": "33h3WSCGjA3hXPqG04f7IA",
        "Type": "IfcWallStandardCase",
        "ObjectType": "Basic Wall:Wärmedämmung_Mineralwolle_130",
        "Classification": "Not defined",
        "Decomposes": {},
        "Is Decomposed By": []
    },
    "Element Material Data": [
        {
            "IfcEntity": "IfcMaterialLayerSetUsage",
            "Layer Set Name": "Basic Wall:Wärmedämmung_Mineralwolle_130",
            "Layer Set Description": "Unknown",
            "Layer Set Total Thickness": "Unknown",
            "Layers": [
                {
                    "IfcEntity": "IfcMaterialLayer",
                    "Material Name": "Wärmedämmung Mineralwolle, 0.035 W/mK",
                    "Description": "Unknown",
                    "Category": "Unknown",
                    "Thickness": 0.13,
                    "Thickness unit": "METRE"
                }
            ]
        }
    ],
    "Element Geometry Data": {
        "Quantities (IFC)": {
            "Width": 0.13,
            "Width unit": "METRE",
            "Length": 3.865,
            "Length unit": "METRE",
            "Height": 0.445,
            "Height unit": "METRE",
            "Gross Side Area": 1.7199,
            "Gross Side Area unit": "SQUARE_METRE",
            "Net Side Area": 1.7199,
            "Net Side Area unit": "SQUARE_METRE",
            "Gross Footprint Area": 0.5025,
            "Gross Footprint Area unit": "SQUARE_METRE",
            "Gross Volume": 0.2236,
            "Gross Volume unit": "CUBIC_METRE",
            "Net Volume": 0.2236,
            "Net Volume unit": "CUBIC_METRE"
        },
        "Geometric Representation": [
            "Curve2D",
            "SweptSolid"
        ],
        "Quantities (COMPAS)": {
            "Net Volume": 223591266.3866,
            "Net Volume unit": "CUBIC_METRE",
            "Entire Surface Area": 4560470.2047,
            "Entire Surface Area unit": "SQUARE_METRE"
        },
        "Bounding Box Dimensions (OBB - local frame)": {
            "X": 3.87,
            "Y": 0.13,
            "Z": 0.45,
            "Bounding Box Dimensions Unit": "METRE"
        },
        "Bounding Box Volume": 0.2264,
        "Real Volume to Bounding Box Volume Ratio": 987593932.8028,
        "Face Count (tessellated element)": {
            "Face Count": 12
        },
        "Vertex Count (tessellated element)": {
            "Vertex Count": 24
        },
        "Edge Count (tessellated element)": {
            "Edge Count": 30
        },
        "Primary Object Axis (Cardinal Direction)": "W"
    },
    "Element Property Sets": {
        "Psets Element": {
            "Related to Mass": "False",
            "Base Extension Distance": "0.0",
            "Base is Attached": "False",
            "Cross-Section": "Vertical",
            "Top Constraint": "Level: 01_Galerie",
            "Top Extension Distance": "0.0",
            "Top is Attached": "False",
            "Location Line": "Finish Face: Exterior",
            "Base Constraint": "Level: 01_Galerie",
            "Room Bounding": "False",
            "Base Offset": "-475.0",
            "Top Offset": "-29.9999999999455",
            "Unconnected Height": "445.000000000054",
            "Area": "1.71993281835817",
            "Length": "3900.01755923817",
            "Volume": "0.223591265801955",
            "Edited by": "",
            "Workset": "Architecture",
            "Category": "Walls",
            "Family": "Basic Wall: Wärmedämmung_Mineralwolle_130",
            "Family and Type": "Basic Wall: Wärmedämmung_Mineralwolle_130",
            "Type": "Basic Wall: Wärmedämmung_Mineralwolle_130",
            "Type Id": "Basic Wall: Wärmedämmung_Mineralwolle_130",
            "Phase Created": "Zu Bauen",
            "Enable Analytical Model": "False",
            "Structural": "False",
            "Structural Usage": "Non-bearing"
        },
        "Psets Object Type": {
            "Analytical Properties.Roughness": "3",
            "Analytical Properties.Absorptance": "0.7",
            "Analytical Properties.Heat Transfer Coefficient (U)": "0.261538461538462",
            "Analytical Properties.Thermal Mass": "0.408336731712",
            "Analytical Properties.Thermal Resistance (R)": "3.82352941176471",
            "Construction.Function": "Exterior",
            "Construction.Wrapping at Ends": "None",
            "Construction.Wrapping at Inserts": "Exterior",
            "Construction.Width": "130.0",
            "Data.Unternehmer": "Künzli",
            "Graphics.Coarse Scale Fill Pattern": "<Solid fill",
            "Graphics.Coarse Scale Fill Color": "12632256",
            "Identity Data.Edited by": "",
            "Identity Data.Assembly Code": "",
            "Identity Data.Assembly Description": "",
            "Identity Data.Workset": "Wall Types",
            "Identity Data.Cost": "80.0",
            "Identity Data.Type Name": "Wärmedämmung_Mineralwolle_130",
            "Other.Category": "Walls",
            "Other.Family Name": "Basic Wall"
        }
    },
    "Element Relationships": {
        "Nests": null,
        "Is Nested By": null,
        "Covers": null,
        "Is Covered By": null,
        "Has Openings": null,
        "Assigned Groups": null
    },
    "Element Location": {
        "Storeys Map": {
            "00_Betonplatte": {
                "Elevation": -0.54,
                "Unit": "meters"
            },
            "00_Eingang": {
                "Elevation": 0.0,
                "Unit": "meters"
            },
            "01_Galerie": {
                "Elevation": 2.92,
                "Unit": "meters"
            }
        },
        "Element Located in Storey": "01_Galerie",
        "Spatial Relationship": [
            {
                "name": "1072",
                "type": "IfcProject"
            },
            {
                "name": "Default",
                "type": "IfcSite"
            },
            {
                "name": "",
                "type": "IfcBuilding"
            },
            {
                "name": "01_Galerie",
                "type": "IfcBuildingStorey"
            }
        ]
    },
    "CompilationGroupID": "f072382038"
}