{
    "Element Metadata": {
        "Name": "Basic Wall:Wärmedämmung_Mineralwolle_80:2896771",
        "UID": "87171",
        "GlobalId": "08$9xERYLE6RtehkhfI5yK",
        "Type": "IfcWallStandardCase",
        "ObjectType": "Basic Wall:Wärmedämmung_Mineralwolle_80",
        "Classification": "Not defined",
        "Decomposes": {},
        "Is Decomposed By": []
    },
    "Element Material Data": [
        {
            "IfcEntity": "IfcMaterialLayerSetUsage",
            "Layer Set Name": "Basic Wall:Wärmedämmung_Mineralwolle_80",
            "Layer Set Description": "Unknown",
            "Layer Set Total Thickness": "Unknown",
            "Layers": [
                {
                    "IfcEntity": "IfcMaterialLayer",
                    "Material Name": "Wärmedämmung Mineralwolle, 0.035 W/mK",
                    "Description": "Unknown",
                    "Category": "Unknown",
                    "Thickness": 0.08,
                    "Thickness unit": "METRE"
                }
            ]
        }
    ],
    "Element Geometry Data": {
        "Quantities (IFC)": {
            "Width": 0.08,
            "Width unit": "METRE",
            "Length": 0.124,
            "Length unit": "METRE",
            "Height": 2.625,
            "Height unit": "METRE",
            "Gross Side Area": 0.3255,
            "Gross Side Area unit": "SQUARE_METRE",
            "Net Side Area": 0.3255,
            "Net Side Area unit": "SQUARE_METRE",
            "Gross Footprint Area": 0.0099,
            "Gross Footprint Area unit": "SQUARE_METRE",
            "Gross Volume": 0.026,
            "Gross Volume unit": "CUBIC_METRE",
            "Net Volume": 0.0244,
            "Net Volume unit": "CUBIC_METRE"
        },
        "Geometric Representation": [
            "Clipping",
            "Curve2D"
        ],
        "Quantities (COMPAS)": {
            "Net Volume": 24411385.201,
            "Net Volume unit": "CUBIC_METRE",
            "Entire Surface Area": 1063296.7588,
            "Entire Surface Area unit": "SQUARE_METRE"
        },
        "Bounding Box Dimensions (OBB - local frame)": {
            "X": 0.08,
            "Y": 0.12,
            "Z": 2.62,
            "Bounding Box Dimensions Unit": "METRE"
        },
        "Bounding Box Volume": 0.0252,
        "Real Volume to Bounding Box Volume Ratio": 968705761.9463,
        "Face Count (tessellated element)": {
            "Face Count": 12
        },
        "Vertex Count (tessellated element)": {
            "Vertex Count": 24
        },
        "Edge Count (tessellated element)": {
            "Edge Count": 30
        },
        "Primary Object Axis (Cardinal Direction)": "N"
    },
    "Element Property Sets": {
        "Psets Element": {
            "Related to Mass": "False",
            "Room Bounding": "True",
            "Base Extension Distance": "0.0",
            "Base is Attached": "False",
            "Base Offset": "0.0",
            "Cross-Section": "Vertical",
            "Top Extension Distance": "0.0",
            "Top is Attached": "False",
            "Base Constraint": "Level: 00_Eingang",
            "Location Line": "Finish Face: Exterior",
            "Top Constraint": "Level: 01_UK Decke",
            "Top Offset": "324.999999999903",
            "Unconnected Height": "2624.9999999999",
            "Area": "0.32545645341524",
            "Length": "223.983410824859",
            "Volume": "0.0244113958181822",
            "Edited by": "",
            "Workset": "Architecture",
            "Category": "Walls",
            "Family": "Basic Wall: Wärmedämmung_Mineralwolle_80",
            "Family and Type": "Basic Wall: Wärmedämmung_Mineralwolle_80",
            "Type": "Basic Wall: Wärmedämmung_Mineralwolle_80",
            "Type Id": "Basic Wall: Wärmedämmung_Mineralwolle_80",
            "Phase Created": "Zu Bauen",
            "Enable Analytical Model": "False",
            "Structural": "False",
            "Structural Usage": "Non-bearing"
        },
        "Psets Object Type": {
            "Analytical Properties.Roughness": "3",
            "Analytical Properties.Absorptance": "0.7",
            "Analytical Properties.Heat Transfer Coefficient (U)": "0.425",
            "Analytical Properties.Thermal Mass": "0.251284142592",
            "Analytical Properties.Thermal Resistance (R)": "2.35294117647059",
            "Construction.Function": "Exterior",
            "Construction.Wrapping at Ends": "None",
            "Construction.Wrapping at Inserts": "Exterior",
            "Construction.Width": "80.0",
            "Data.Unternehmer": "Künzli",
            "Graphics.Coarse Scale Fill Pattern": "<Solid fill",
            "Graphics.Coarse Scale Fill Color": "12632256",
            "Identity Data.Edited by": "",
            "Identity Data.Assembly Code": "",
            "Identity Data.Assembly Description": "",
            "Identity Data.Workset": "Wall Types",
            "Identity Data.Cost": "80.0",
            "Identity Data.Type Name": "Wärmedämmung_Mineralwolle_80",
            "Other.Category": "Walls",
            "Other.Family Name": "Basic Wall"
        }
    },
    "Element Relationships": {
        "Nests": null,
        "Is Nested By": null,
        "Covers": null,
        "Is Covered By": null,
        "Has Openings": [
            {
                "IfcEntity": "IfcOpeningElement",
                "GlobalId": "1KphM0Bl5BeRD9s56_choX",
                "OpeningType": "Not defined"
            }
        ],
        "Assigned Groups": null
    },
    "Element Location": {
        "Storeys Map": {
            "00_Betonplatte": {
                "Elevation": -0.54,
                "Unit": "meters"
            },
            "00_Eingang": {
                "Elevation": 0.0,
                "Unit": "meters"
            },
            "01_Galerie": {
                "Elevation": 2.92,
                "Unit": "meters"
            }
        },
        "Element Located in Storey": "00_Eingang",
        "Spatial Relationship": [
            {
                "name": "1072",
                "type": "IfcProject"
            },
            {
                "name": "Default",
                "type": "IfcSite"
            },
            {
                "name": "",
                "type": "IfcBuilding"
            },
            {
                "name": "00_Eingang",
                "type": "IfcBuildingStorey"
            }
        ]
    }
}