{
    "Element Metadata": {
        "Name": "Basic Wall:Holzfassade_Hinterlüftet_Laibung:6527877",
        "UID": "681320",
        "GlobalId": "1Jw9JhHbfBuR2vWiqtVo7I",
        "Type": "IfcWall",
        "ObjectType": "Basic Wall:Holzfassade_Hinterlüftet_Laibung",
        "Classification": "Not defined",
        "Decomposes": {},
        "Is Decomposed By": []
    },
    "Element Material Data": [
        {
            "IfcEntity": "IfcMaterialLayerSet",
            "Layers": [
                {
                    "IfcEntity": "IfcMaterialLayer",
                    "Material Name": "Holzschalung Vertikal, Nadelholz,  schwarz gestrichen",
                    "Description": "Unknown",
                    "Category": "Unknown",
                    "Thickness": 0.02,
                    "Thickness unit": "METRE"
                }
            ]
        }
    ],
    "Element Geometry Data": {
        "Quantities (IFC)": {
            "Width": 0.02,
            "Width unit": "METRE",
            "Length": 5.4827,
            "Length unit": "METRE",
            "Height": 0.3,
            "Height unit": "METRE",
            "Gross Side Area": 0.0134,
            "Gross Side Area unit": "SQUARE_METRE",
            "Net Side Area": 0.0134,
            "Net Side Area unit": "SQUARE_METRE",
            "Gross Footprint Area": 0.1097,
            "Gross Footprint Area unit": "SQUARE_METRE",
            "Gross Volume": 0.0003,
            "Gross Volume unit": "CUBIC_METRE",
            "Net Volume": 0.0372,
            "Net Volume unit": "CUBIC_METRE"
        },
        "Geometric Representation": [
            "Clipping",
            "Curve2D"
        ],
        "Quantities (COMPAS)": {
            "Net Volume": 32882002.1694,
            "Net Volume unit": "CUBIC_METRE",
            "Entire Surface Area": 3987631.7311,
            "Entire Surface Area unit": "SQUARE_METRE"
        },
        "Bounding Box Dimensions (OBB - local frame)": {
            "X": 5.48,
            "Y": 0.02,
            "Z": 0.35,
            "Bounding Box Dimensions Unit": "METRE"
        },
        "Bounding Box Volume": 0.0384,
        "Real Volume to Bounding Box Volume Ratio": 856302139.8294,
        "Face Count (tessellated element)": {
            "Face Count": 36
        },
        "Vertex Count (tessellated element)": {
            "Vertex Count": 54
        },
        "Edge Count (tessellated element)": {
            "Edge Count": 81
        },
        "Primary Object Axis (Cardinal Direction)": "W"
    },
    "Element Property Sets": {
        "Psets Element": {
            "Related to Mass": "False",
            "Room Bounding": "True",
            "Base Extension Distance": "0.0",
            "Base is Attached": "False",
            "Top Extension Distance": "0.0",
            "Top is Attached": "False",
            "Base Constraint": "Level: 00_Eingang",
            "Top Constraint": "Level: 00_Eingang",
            "Location Line": "Core Face: Interior",
            "Angle From Vertical": "-28.82",
            "Base Offset": "-400.0",
            "Cross-Section": "Slanted",
            "Top Offset": "-100.0",
            "Unconnected Height": "300.0",
            "Area": "1.85831532478895",
            "Length": "5482.72227784434",
            "Volume": "0.0371521334619154",
            "Edited by": "",
            "Workset": "Architecture",
            "Category": "Walls",
            "Family": "Basic Wall: Holzfassade_Hinterlüftet_Laibung",
            "Family and Type": "Basic Wall: Holzfassade_Hinterlüftet_Laibung",
            "Type": "Basic Wall: Holzfassade_Hinterlüftet_Laibung",
            "Type Id": "Basic Wall: Holzfassade_Hinterlüftet_Laibung",
            "Phase Created": "Zu Bauen",
            "Enable Analytical Model": "False",
            "Structural": "False",
            "Structural Usage": "Non-bearing"
        },
        "Psets Object Type": {
            "Analytical Properties.Roughness": "3",
            "Analytical Properties.Absorptance": "0.7",
            "Construction.Function": "Exterior",
            "Construction.Wrapping at Ends": "None",
            "Construction.Wrapping at Inserts": "Do not wrap",
            "Construction.Width": "20.0",
            "Data.Unternehmer": "Künzli",
            "Graphics.Coarse Scale Fill Pattern": "<Solid fill",
            "Graphics.Coarse Scale Fill Color": "12632256",
            "Identity Data.Edited by": "",
            "Identity Data.Assembly Code": "",
            "Identity Data.Assembly Description": "",
            "Identity Data.Workset": "Wall Types",
            "Identity Data.Cost": "0.0",
            "Identity Data.Type Name": "Holzfassade_Hinterlüftet_Laibung",
            "Other.Category": "Walls",
            "Other.Family Name": "Basic Wall"
        }
    },
    "Element Relationships": {
        "Nests": null,
        "Is Nested By": null,
        "Covers": null,
        "Is Covered By": null,
        "Has Openings": null,
        "Assigned Groups": null
    },
    "Element Location": {
        "Storeys Map": {
            "00_Betonplatte": {
                "Elevation": -0.54,
                "Unit": "meters"
            },
            "00_Eingang": {
                "Elevation": 0.0,
                "Unit": "meters"
            },
            "01_Galerie": {
                "Elevation": 2.92,
                "Unit": "meters"
            }
        },
        "Element Located in Storey": "00_Eingang",
        "Spatial Relationship": [
            {
                "name": "1072",
                "type": "IfcProject"
            },
            {
                "name": "Default",
                "type": "IfcSite"
            },
            {
                "name": "",
                "type": "IfcBuilding"
            },
            {
                "name": "00_Eingang",
                "type": "IfcBuildingStorey"
            }
        ]
    },
    "CompilationGroupID": "5376ff48b3"
}