{
    "Element Metadata": {
        "Name": "Basic Wall:Brandschutzplatte:5421172",
        "UID": "433964",
        "GlobalId": "3D$hiogd117g3okR4n43_p",
        "Type": "IfcWallStandardCase",
        "ObjectType": "Basic Wall:Brandschutzplatte",
        "Classification": "Not defined",
        "Decomposes": {},
        "Is Decomposed By": []
    },
    "Element Material Data": [
        {
            "IfcEntity": "IfcMaterialLayerSetUsage",
            "Layer Set Name": "Basic Wall:Brandschutzplatte",
            "Layer Set Description": "Unknown",
            "Layer Set Total Thickness": "Unknown",
            "Layers": [
                {
                    "IfcEntity": "IfcMaterialLayer",
                    "Material Name": "3-Schicht-Platte",
                    "Description": "Unknown",
                    "Category": "Unknown",
                    "Thickness": 0.028,
                    "Thickness unit": "METRE"
                }
            ]
        }
    ],
    "Element Geometry Data": {
        "Quantities (IFC)": {
            "Width": 0.028,
            "Width unit": "METRE",
            "Length": 3.7,
            "Length unit": "METRE",
            "Height": 0.513,
            "Height unit": "METRE",
            "Gross Side Area": 1.8981,
            "Gross Side Area unit": "SQUARE_METRE",
            "Net Side Area": 1.8981,
            "Net Side Area unit": "SQUARE_METRE",
            "Gross Footprint Area": 0.1036,
            "Gross Footprint Area unit": "SQUARE_METRE",
            "Gross Volume": 0.0531,
            "Gross Volume unit": "CUBIC_METRE",
            "Net Volume": 0.0531,
            "Net Volume unit": "CUBIC_METRE"
        },
        "Geometric Representation": [
            "Clipping",
            "Curve2D"
        ],
        "Quantities (COMPAS)": {
            "Net Volume": 53146800.0,
            "Net Volume unit": "CUBIC_METRE",
            "Entire Surface Area": 4032128.0,
            "Entire Surface Area unit": "SQUARE_METRE"
        },
        "Bounding Box Dimensions (OBB - local frame)": {
            "X": 3.7,
            "Y": 0.03,
            "Z": 0.51,
            "Bounding Box Dimensions Unit": "METRE"
        },
        "Bounding Box Volume": 0.0566,
        "Real Volume to Bounding Box Volume Ratio": 938989399.2933,
        "Face Count (tessellated element)": {
            "Face Count": 12
        },
        "Vertex Count (tessellated element)": {
            "Vertex Count": 24
        },
        "Edge Count (tessellated element)": {
            "Edge Count": 30
        },
        "Primary Object Axis (Cardinal Direction)": "E"
    },
    "Element Property Sets": {
        "Psets Element": {
            "Related to Mass": "False",
            "Room Bounding": "True",
            "Base Extension Distance": "0.0",
            "Base is Attached": "False",
            "Cross-Section": "Vertical",
            "Top Extension Distance": "0.0",
            "Location Line": "Finish Face: Exterior",
            "Top is Attached": "True",
            "Top Constraint": "Level: 01_TragstrukturRückwand",
            "Base Constraint": "Level: 01_TragstrukturRückwand",
            "Base Offset": "159.999999999974",
            "Top Offset": "670.000000000041",
            "Unconnected Height": "510.000000000067",
            "Area": "1.89809999999998",
            "Length": "3700.0",
            "Volume": "0.0531467999999998",
            "Edited by": "",
            "Workset": "Architecture",
            "Category": "Walls",
            "Family": "Basic Wall: Brandschutzplatte",
            "Family and Type": "Basic Wall: Brandschutzplatte",
            "Type": "Basic Wall: Brandschutzplatte",
            "Type Id": "Basic Wall: Brandschutzplatte",
            "Phase Created": "Zu Bauen",
            "Enable Analytical Model": "False",
            "Structural": "False",
            "Structural Usage": "Non-bearing"
        },
        "Psets Object Type": {
            "Analytical Properties.Roughness": "3",
            "Analytical Properties.Absorptance": "0.7",
            "Analytical Properties.Heat Transfer Coefficient (U)": "3.78571428571429",
            "Analytical Properties.Thermal Mass": "2.0389913284608",
            "Analytical Properties.Thermal Resistance (R)": "0.264150943396226",
            "Construction.Function": "Exterior",
            "Construction.Wrapping at Ends": "None",
            "Construction.Wrapping at Inserts": "Do not wrap",
            "Construction.Width": "28.0",
            "Data.Unternehmer": "Künzli",
            "Graphics.Coarse Scale Fill Pattern": "<Solid fill",
            "Graphics.Coarse Scale Fill Color": "8421504",
            "Identity Data.Edited by": "",
            "Identity Data.Assembly Code": "",
            "Identity Data.Assembly Description": "",
            "Identity Data.Workset": "Wall Types",
            "Identity Data.Cost": "0.0",
            "Identity Data.Fire Rating": "EI30",
            "Identity Data.Type Name": "Brandschutzplatte",
            "Materials and Finishes.Structural Material": "3-Schicht-Platte",
            "Other.Category": "Walls",
            "Other.Family Name": "Basic Wall"
        }
    },
    "Element Relationships": {
        "Nests": null,
        "Is Nested By": null,
        "Covers": null,
        "Is Covered By": null,
        "Has Openings": null,
        "Assigned Groups": null
    },
    "Element Location": {
        "Storeys Map": {
            "00_Betonplatte": {
                "Elevation": -0.54,
                "Unit": "meters"
            },
            "00_Eingang": {
                "Elevation": 0.0,
                "Unit": "meters"
            },
            "01_Galerie": {
                "Elevation": 2.92,
                "Unit": "meters"
            }
        },
        "Element Located in Storey": "01_Galerie",
        "Spatial Relationship": [
            {
                "name": "1072",
                "type": "IfcProject"
            },
            {
                "name": "Default",
                "type": "IfcSite"
            },
            {
                "name": "",
                "type": "IfcBuilding"
            },
            {
                "name": "01_Galerie",
                "type": "IfcBuildingStorey"
            }
        ]
    }
}