{
    "Element Metadata": {
        "Name": "Basic Wall:KVH Balken 120mm:6158104",
        "UID": "631641",
        "GlobalId": "3nlkwm3Tz5su3_fDVkWGr_",
        "Type": "IfcWallStandardCase",
        "ObjectType": "Basic Wall:KVH Balken 120mm",
        "Classification": "Not defined",
        "Decomposes": {},
        "Is Decomposed By": []
    },
    "Element Material Data": [
        {
            "IfcEntity": "IfcMaterialLayerSetUsage",
            "Layer Set Name": "Basic Wall:KVH Balken 120mm",
            "Layer Set Description": "Unknown",
            "Layer Set Total Thickness": "Unknown",
            "Layers": [
                {
                    "IfcEntity": "IfcMaterialLayer",
                    "Material Name": "Brettschichtholz C24",
                    "Description": "Unknown",
                    "Category": "Unknown",
                    "Thickness": 0.12,
                    "Thickness unit": "METRE"
                }
            ]
        }
    ],
    "Element Geometry Data": {
        "Quantities (IFC)": {
            "Width": 0.12,
            "Width unit": "METRE",
            "Length": 0.544,
            "Length unit": "METRE",
            "Height": 0.2012,
            "Height unit": "METRE",
            "Gross Side Area": 0.1093,
            "Gross Side Area unit": "SQUARE_METRE",
            "Net Side Area": 0.1093,
            "Net Side Area unit": "SQUARE_METRE",
            "Gross Footprint Area": 0.0653,
            "Gross Footprint Area unit": "SQUARE_METRE",
            "Gross Volume": 0.0131,
            "Gross Volume unit": "CUBIC_METRE",
            "Net Volume": 0.013,
            "Net Volume unit": "CUBIC_METRE"
        },
        "Geometric Representation": [
            "Clipping",
            "Curve2D"
        ],
        "Quantities (COMPAS)": {
            "Net Volume": 13043683.0693,
            "Net Volume unit": "CUBIC_METRE",
            "Entire Surface Area": 396085.414,
            "Entire Surface Area unit": "SQUARE_METRE"
        },
        "Bounding Box Dimensions (OBB - local frame)": {
            "X": 0.54,
            "Y": 0.12,
            "Z": 0.2,
            "Bounding Box Dimensions Unit": "METRE"
        },
        "Bounding Box Volume": 0.013,
        "Real Volume to Bounding Box Volume Ratio": 1003360236.0997,
        "Face Count (tessellated element)": {
            "Face Count": 24
        },
        "Vertex Count (tessellated element)": {
            "Vertex Count": 42
        },
        "Edge Count (tessellated element)": {
            "Edge Count": 57
        },
        "Primary Object Axis (Cardinal Direction)": "E"
    },
    "Element Property Sets": {
        "Psets Element": {
            "Related to Mass": "False",
            "Room Bounding": "True",
            "Base Extension Distance": "0.0",
            "Base is Attached": "False",
            "Cross-Section": "Vertical",
            "Top Constraint": "Level: 01_Galerie",
            "Top Extension Distance": "0.0",
            "Location Line": "Finish Face: Exterior",
            "Base Constraint": "Level: 01_Galerie",
            "Top is Attached": "True",
            "Base Offset": "-275.0",
            "Top Offset": "-77.0",
            "Unconnected Height": "198.0",
            "Area": "0.109262497073817",
            "Length": "543.95599387821",
            "Volume": "0.0130436830692965",
            "Edited by": "",
            "Workset": "Architecture",
            "Category": "Walls",
            "Family": "Basic Wall: KVH Balken 120mm",
            "Family and Type": "Basic Wall: KVH Balken 120mm",
            "Type": "Basic Wall: KVH Balken 120mm",
            "Type Id": "Basic Wall: KVH Balken 120mm",
            "Phase Created": "Zu Bauen",
            "Enable Analytical Model": "False",
            "Structural": "False",
            "Structural Usage": "Non-bearing"
        },
        "Psets Object Type": {
            "Analytical Properties.Roughness": "3",
            "Analytical Properties.Absorptance": "0.7",
            "Construction.Function": "Exterior",
            "Construction.Wrapping at Ends": "None",
            "Construction.Wrapping at Inserts": "Do not wrap",
            "Construction.Width": "120.0",
            "Data.Unternehmer": "Künzli",
            "Graphics.Coarse Scale Fill Pattern": "<Solid fill",
            "Graphics.Coarse Scale Fill Color": "8421504",
            "Identity Data.Edited by": "",
            "Identity Data.Assembly Code": "",
            "Identity Data.Assembly Description": "",
            "Identity Data.Workset": "Wall Types",
            "Identity Data.Cost": "0.0",
            "Identity Data.Type Name": "KVH Balken 120mm",
            "Materials and Finishes.Structural Material": "Brettschichtholz C24",
            "Other.Category": "Walls",
            "Other.Family Name": "Basic Wall"
        }
    },
    "Element Relationships": {
        "Nests": null,
        "Is Nested By": null,
        "Covers": null,
        "Is Covered By": null,
        "Has Openings": null,
        "Assigned Groups": null
    },
    "Element Location": {
        "Storeys Map": {
            "00_Betonplatte": {
                "Elevation": -0.54,
                "Unit": "meters"
            },
            "00_Eingang": {
                "Elevation": 0.0,
                "Unit": "meters"
            },
            "01_Galerie": {
                "Elevation": 2.92,
                "Unit": "meters"
            }
        },
        "Element Located in Storey": "01_Galerie",
        "Spatial Relationship": [
            {
                "name": "1072",
                "type": "IfcProject"
            },
            {
                "name": "Default",
                "type": "IfcSite"
            },
            {
                "name": "",
                "type": "IfcBuilding"
            },
            {
                "name": "01_Galerie",
                "type": "IfcBuildingStorey"
            }
        ]
    },
    "CompilationGroupID": "d372e74286"
}