{
    "Element Metadata": {
        "Name": "BSH Träger - rechteckig:BSH Holz 240 x 240:2844654",
        "UID": "86239",
        "GlobalId": "0OrKp320H5Yf_7RHyEphUy",
        "Type": "IfcBeam",
        "ObjectType": "BSH Träger - rechteckig:BSH Holz 240 x 240",
        "Classification": "Not defined",
        "Decomposes": {},
        "Is Decomposed By": []
    },
    "Element Material Data": [
        {
            "IfcEntity": "IfcMaterial",
            "Material Name": "Brettschichtholz C24",
            "Material Description": "Unknown",
            "Material Category": "Unknown",
            "Thickness": "Unknown",
            "Thickness unit": "Unknown"
        }
    ],
    "Element Geometry Data": {
        "Quantities (IFC)": {
            "Length": 5.3,
            "Length unit": "METRE",
            "Gross Volume": 0.2404,
            "Gross Volume unit": "CUBIC_METRE",
            "Net Volume": 0.2938,
            "Net Volume unit": "CUBIC_METRE"
        },
        "Geometric Representation": [
            "MappedRepresentation"
        ],
        "Quantities (COMPAS)": {
            "Net Volume": 293790092.1944,
            "Net Volume unit": "CUBIC_METRE",
            "Entire Surface Area": 5127561.6669,
            "Entire Surface Area unit": "SQUARE_METRE"
        },
        "Bounding Box Dimensions (OBB - local frame)": {
            "X": 5.25,
            "Y": 0.24,
            "Z": 0.24,
            "Bounding Box Dimensions Unit": "METRE"
        },
        "Bounding Box Volume": 0.3024,
        "Real Volume to Bounding Box Volume Ratio": 971528082.6535,
        "Face Count (tessellated element)": {
            "Face Count": 28
        },
        "Vertex Count (tessellated element)": {
            "Vertex Count": 54
        },
        "Edge Count (tessellated element)": {
            "Edge Count": 69
        },
        "Primary Object Axis (Cardinal Direction)": "W"
    },
    "Element Property Sets": {
        "Psets Element": {
            "Cross-Section Rotation": "0.0",
            "Reference Level": "Level: 01_Galerie",
            "End Level Offset": "-475.0",
            "Reference Level Elevation": "2919.99999999991",
            "Start Level Offset": "-475.0",
            "Elevation at Bottom": "2203.9999999999",
            "Elevation at Top": "2444.99999999991",
            "Length": "5300.0",
            "Length Marker": "1.0",
            "Volume": "0.29379009219441",
            "y Justification": "Origin",
            "y Offset Value": "0.0",
            "yz Justification": "Uniform",
            "z Justification": "Top",
            "z Offset Value": "0.0",
            "Join Status": "Both joins enabled",
            "End Extension": "-10.7221375098084",
            "End Join Cutback": "-79.2509679787626",
            "Start Extension": "-26.8631796866194",
            "Edited by": "",
            "Workset": "Tragwerk",
            "Comments": "",
            "Category": "Structural Framing",
            "Family": "BSH Träger - rechteckig: BSH Holz 240 x 240",
            "Family and Type": "BSH Träger - rechteckig: BSH Holz 240 x 240",
            "Type": "BSH Träger - rechteckig: BSH Holz 240 x 240",
            "Type Id": "BSH Träger - rechteckig: BSH Holz 240 x 240",
            "Phase Created": "Zu Bauen",
            "Enable Analytical Model": "False",
            "Stick Symbol Location": "Center of Geometry",
            "Structural Usage": "Other",
            "Cut Length": "5254.38778829214"
        },
        "Psets Object Type": {
            "Data.Unternehmer": "Künzli",
            "Dimensions.B": "240.0",
            "Dimensions.H": "240.0",
            "Identity Data.Edited by": "",
            "Identity Data.Assembly Code": "",
            "Identity Data.Assembly Description": "",
            "Identity Data.Code Name": "",
            "Identity Data.OmniClass Number": "",
            "Identity Data.OmniClass Title": "",
            "Identity Data.Type Comments": "",
            "Identity Data.Workset": "Family  : Structural Framing : BSH Träger - rechteckig",
            "Identity Data.Cost": "0.0",
            "Identity Data.Type Name": "BSH Holz 240 x 240",
            "Materials and Finishes.Structural Material": "Brettschichtholz C24",
            "Other.Category": "Structural Framing",
            "Other.Family Name": "BSH Träger - rechteckig",
            "Structural.Section Shape": "31",
            "Structural Analysis.Moment of Inertia strong axis": "0.00027648",
            "Structural Analysis.Moment of Inertia weak axis": "0.00027648",
            "Structural Analysis.Perimeter": "960.0",
            "Structural Analysis.Section Area": "0.0576",
            "Structural Section Geometry.Height": "240.0",
            "Structural Section Geometry.Width": "240.0"
        }
    },
    "Element Relationships": {
        "Nests": null,
        "Is Nested By": null,
        "Covers": null,
        "Is Covered By": null,
        "Has Openings": null,
        "Assigned Groups": null
    },
    "Element Location": {
        "Storeys Map": {
            "00_Betonplatte": {
                "Elevation": -0.54,
                "Unit": "meters"
            },
            "00_Eingang": {
                "Elevation": 0.0,
                "Unit": "meters"
            },
            "01_Galerie": {
                "Elevation": 2.92,
                "Unit": "meters"
            }
        },
        "Element Located in Storey": "01_Galerie",
        "Spatial Relationship": [
            {
                "name": "1072",
                "type": "IfcProject"
            },
            {
                "name": "Default",
                "type": "IfcSite"
            },
            {
                "name": "",
                "type": "IfcBuilding"
            },
            {
                "name": "01_Galerie",
                "type": "IfcBuildingStorey"
            }
        ]
    }
}