{
    "Element Metadata": {
        "Name": "Dachdämmung_V3:Dachdämmung_V3:5659319",
        "UID": "553515",
        "GlobalId": "2TLYsKbtX0nh0z8PYscOBM",
        "Type": "IfcBuildingElementProxy",
        "ObjectType": "Dachdämmung_V3:Dachdämmung_V3",
        "Classification": "Not defined",
        "Decomposes": {},
        "Is Decomposed By": []
    },
    "Element Material Data": [
        {
            "IfcEntity": "IfcMaterial",
            "Material Name": "Material 2",
            "Material Description": "Unknown",
            "Material Category": "Unknown",
            "Thickness": "Unknown",
            "Thickness unit": "Unknown"
        }
    ],
    "Element Geometry Data": {
        "Quantities (IFC)": {},
        "Geometric Representation": [
            "MappedRepresentation"
        ]
    },
    "Element Property Sets": {
        "Psets Element": {
            "Level": "Level: 00_Eingang",
            "Moves With Nearby Elements": "False",
            "Elevation from Level": "0.0",
            "Offset from Host": "0.0",
            "Host": "Level : 00_Eingang",
            "Area": "77.7005079088865",
            "Edited by": "",
            "Workset": "Dachkonstruktion",
            "Category": "Generic Models",
            "Family": "Dachdämmung_V3: Dachdämmung_V3",
            "Family and Type": "Dachdämmung_V3: Dachdämmung_V3",
            "Type": "Dachdämmung_V3: Dachdämmung_V3",
            "Type Id": "Dachdämmung_V3: Dachdämmung_V3",
            "Phase Created": "Zu Bauen"
        },
        "Psets Object Type": {
            "Constraints.Default Elevation": "0.0",
            "Data.Unternehmer": "Kaufmann",
            "Identity Data.Edited by": "",
            "Identity Data.Assembly Code": "",
            "Identity Data.Assembly Description": "",
            "Identity Data.Code Name": "",
            "Identity Data.OmniClass Number": "",
            "Identity Data.OmniClass Title": "",
            "Identity Data.Type Name": "Dachdämmung_V3",
            "Identity Data.Workset": "Family  : Generic Models : Dachdämmung_V3",
            "Other.Category": "Generic Models",
            "Other.Family Name": "Dachdämmung_V3"
        }
    },
    "Element Relationships": {
        "Nests": null,
        "Is Nested By": null,
        "Covers": null,
        "Is Covered By": null,
        "Has Openings": null,
        "Assigned Groups": null
    },
    "Element Location": {
        "Storeys Map": {
            "00_Betonplatte": {
                "Elevation": -0.54,
                "Unit": "meters"
            },
            "00_Eingang": {
                "Elevation": 0.0,
                "Unit": "meters"
            },
            "01_Galerie": {
                "Elevation": 2.92,
                "Unit": "meters"
            }
        },
        "Element Located in Storey": "00_Eingang",
        "Spatial Relationship": [
            {
                "name": "1072",
                "type": "IfcProject"
            },
            {
                "name": "Default",
                "type": "IfcSite"
            },
            {
                "name": "",
                "type": "IfcBuilding"
            },
            {
                "name": "00_Eingang",
                "type": "IfcBuildingStorey"
            }
        ]
    }
}