{
    "Element Metadata": {
        "Name": "Einfügepunkt:Einfügepunkt:5139138",
        "UID": "98655",
        "GlobalId": "0nK9oFqBX9tfLI4$NtgMoA",
        "Type": "IfcBuildingElementProxy",
        "ObjectType": "Einfügepunkt:Einfügepunkt",
        "Classification": "Not defined",
        "Decomposes": {},
        "Is Decomposed By": []
    },
    "Element Material Data": [
        {
            "IfcEntity": "IfcMaterial",
            "Material Name": "Körpermodell",
            "Material Description": "Unknown",
            "Material Category": "Unknown",
            "Thickness": "Unknown",
            "Thickness unit": "Unknown"
        }
    ],
    "Element Geometry Data": {
        "Quantities (IFC)": {},
        "Geometric Representation": [
            "MappedRepresentation"
        ],
        "Quantities (COMPAS)": {
            "Net Volume": 17670.3904,
            "Net Volume unit": "CUBIC_METRE",
            "Entire Surface Area": 5920.1261,
            "Entire Surface Area unit": "SQUARE_METRE"
        },
        "Bounding Box Dimensions (OBB - local frame)": {
            "X": 0.06,
            "Y": 0.06,
            "Z": 0.01,
            "Bounding Box Dimensions Unit": "METRE"
        },
        "Bounding Box Volume": 0.0,
        "Real Volume to Bounding Box Volume Ratio": null,
        "Face Count (tessellated element)": {
            "Face Count": 24
        },
        "Vertex Count (tessellated element)": {
            "Vertex Count": 42
        },
        "Edge Count (tessellated element)": {
            "Edge Count": 57
        },
        "Primary Object Axis (Cardinal Direction)": "N"
    },
    "Element Property Sets": {
        "Psets Element": {
            "Moves With Nearby Elements": "False",
            "Elevation from Level": "0.0",
            "Area": "0.00168365559972926",
            "Gross Surface Area": "0.00592012609620507",
            "Gross Volume": "1.7670390363281e-05",
            "Volume": "1.7670390363281e-05",
            "Edited by": "",
            "Workset": "Ursprung Pfeil",
            "Category": "Mass",
            "Family": "Einfügepunkt: Einfügepunkt",
            "Family and Type": "Einfügepunkt: Einfügepunkt",
            "Type": "Einfügepunkt: Einfügepunkt",
            "Type Id": "Einfügepunkt: Einfügepunkt",
            "Phase Created": "Zu Bauen"
        },
        "Psets Object Type": {
            "Data.Unternehmer": "Künzli",
            "Identity Data.Edited by": "",
            "Identity Data.Assembly Code": "",
            "Identity Data.Assembly Description": "",
            "Identity Data.Code Name": "",
            "Identity Data.OmniClass Number": "",
            "Identity Data.OmniClass Title": "",
            "Identity Data.Workset": "Ursprung Pfeil",
            "Identity Data.Type Name": "Einfügepunkt",
            "Other.Category": "Mass",
            "Other.Family Name": "Einfügepunkt"
        }
    },
    "Element Relationships": {
        "Nests": null,
        "Is Nested By": null,
        "Covers": null,
        "Is Covered By": null,
        "Has Openings": null,
        "Assigned Groups": null
    },
    "Element Location": {
        "Storeys Map": {
            "00_Betonplatte": {
                "Elevation": -0.54,
                "Unit": "meters"
            },
            "00_Eingang": {
                "Elevation": 0.0,
                "Unit": "meters"
            },
            "01_Galerie": {
                "Elevation": 2.92,
                "Unit": "meters"
            }
        },
        "Element Located in Storey": "00_Eingang",
        "Spatial Relationship": [
            {
                "name": "1072",
                "type": "IfcProject"
            },
            {
                "name": "Default",
                "type": "IfcSite"
            },
            {
                "name": "",
                "type": "IfcBuilding"
            },
            {
                "name": "00_Eingang",
                "type": "IfcBuildingStorey"
            }
        ]
    }
}