{
    "Element Metadata": {
        "Name": "Einlauf Contec Tube:DN75:6761910",
        "UID": "1072105",
        "GlobalId": "2CLn4ZUSr8B8TuzLO7RPai",
        "Type": "IfcBuildingElementProxy",
        "ObjectType": "Einlauf Contec Tube:DN75",
        "Classification": "Not defined",
        "Decomposes": {},
        "Is Decomposed By": []
    },
    "Element Material Data": [
        {
            "IfcEntity": "IfcMaterial",
            "Material Name": "3D-Schnittmaterial",
            "Material Description": "Unknown",
            "Material Category": "Unknown",
            "Thickness": "Unknown",
            "Thickness unit": "Unknown"
        }
    ],
    "Element Geometry Data": {
        "Quantities (IFC)": {},
        "Geometric Representation": [
            "MappedRepresentation"
        ],
        "Quantities (COMPAS)": {
            "Net Volume": 360954.9753,
            "Net Volume unit": "CUBIC_METRE",
            "Entire Surface Area": 245311.2898,
            "Entire Surface Area unit": "SQUARE_METRE"
        },
        "Bounding Box Dimensions (OBB - local frame)": {
            "X": 0.24,
            "Y": 0.3,
            "Z": 0.24,
            "Bounding Box Dimensions Unit": "METRE"
        },
        "Bounding Box Volume": 0.0173,
        "Real Volume to Bounding Box Volume Ratio": 20864449.4401,
        "Face Count (tessellated element)": {
            "Face Count": 208
        },
        "Vertex Count (tessellated element)": {
            "Vertex Count": 520
        },
        "Edge Count (tessellated element)": {
            "Edge Count": 572
        },
        "Primary Object Axis (Cardinal Direction)": "Undefined"
    },
    "Element Property Sets": {
        "Psets Element": {
            "Level": "Level: 01_Galerie",
            "Moves With Nearby Elements": "False",
            "Elevation from Level": "-220.0",
            "Host": "Level : 01_Galerie",
            "Offset from Host": "-220.0",
            "Area": "0.178647803617341",
            "Länge Rohr": "-300.0",
            "Volume": "0.000363112576624425",
            "Edited by": "",
            "Workset": "Architecture",
            "Category": "Generic Models",
            "Family": "Einlauf Contec Tube: DN75",
            "Family and Type": "Einlauf Contec Tube: DN75",
            "Type": "Einlauf Contec Tube: DN75",
            "Type Id": "Einlauf Contec Tube: DN75",
            "Phase Created": "Zu Bauen"
        },
        "Psets Object Type": {
            "Constraints.Default Elevation": "0.0",
            "Data.Unternehmer": "Kaufmann",
            "Dimensions.Durchmesser Bohrung": "90.0",
            "Dimensions.Durchmesser Innen": "69.0",
            "Dimensions.Nenndurchmesser": "75.0",
            "Dimensions.Radius": "37.5",
            "Identity Data.Edited by": "",
            "Identity Data.Assembly Code": "",
            "Identity Data.Assembly Description": "",
            "Identity Data.Code Name": "",
            "Identity Data.OmniClass Number": "",
            "Identity Data.OmniClass Title": "",
            "Identity Data.Type Name": "DN75",
            "Identity Data.Workset": "Family  : Generic Models : Einlauf Contec Tube",
            "Other.Category": "Generic Models",
            "Other.Family Name": "Einlauf Contec Tube"
        }
    },
    "Element Relationships": {
        "Nests": null,
        "Is Nested By": null,
        "Covers": null,
        "Is Covered By": null,
        "Has Openings": null,
        "Assigned Groups": null
    },
    "Element Location": {
        "Storeys Map": {
            "00_Betonplatte": {
                "Elevation": -0.54,
                "Unit": "meters"
            },
            "00_Eingang": {
                "Elevation": 0.0,
                "Unit": "meters"
            },
            "01_Galerie": {
                "Elevation": 2.92,
                "Unit": "meters"
            }
        },
        "Element Located in Storey": "01_Galerie",
        "Spatial Relationship": [
            {
                "name": "1072",
                "type": "IfcProject"
            },
            {
                "name": "Default",
                "type": "IfcSite"
            },
            {
                "name": "",
                "type": "IfcBuilding"
            },
            {
                "name": "01_Galerie",
                "type": "IfcBuildingStorey"
            }
        ]
    },
    "CompilationGroupID": "32bb5170ae"
}