{
    "Element Metadata": {
        "Name": "FE TÜR 3 tlg - DK-Fix im Rahmen-DK:Fenster Büro1:1813086",
        "UID": "52292",
        "GlobalId": "2BG9j1Bgb2xOV69dnpdgb9",
        "Type": "IfcWindow",
        "ObjectType": "FE TÜR 3 tlg - DK-Fix im Rahmen-DK:Fenster Büro1",
        "Classification": "Not defined",
        "Decomposes": {},
        "Is Decomposed By": []
    },
    "Element Material Data": "Not defined",
    "Element Geometry Data": {
        "Quantities (IFC)": {
            "Width": 3.316,
            "Width unit": "METRE",
            "Height": 2.205,
            "Height unit": "METRE"
        },
        "Geometric Representation": [
            "MappedRepresentation"
        ],
        "Quantities (COMPAS)": {
            "Net Volume": 374947729.8448,
            "Net Volume unit": "CUBIC_METRE",
            "Entire Surface Area": 21318133.6591,
            "Entire Surface Area unit": "SQUARE_METRE"
        },
        "Bounding Box Dimensions (OBB - local frame)": {
            "X": 3.32,
            "Y": 2.27,
            "Z": 0.11,
            "Bounding Box Dimensions Unit": "METRE"
        },
        "Bounding Box Volume": 0.829,
        "Real Volume to Bounding Box Volume Ratio": 452289179.5474,
        "Face Count (tessellated element)": {
            "Face Count": 1308
        },
        "Vertex Count (tessellated element)": {
            "Vertex Count": 2592
        },
        "Edge Count (tessellated element)": {
            "Edge Count": 3258
        },
        "Primary Object Axis (Cardinal Direction)": "N"
    },
    "Element Property Sets": {
        "Psets Element": {
            "Glasflaeche": "5.163984",
            "Level": "Level: 00_Eingang",
            "Sill Height": "0.0",
            "Einbautiefe": "0.0",
            "Wandaufbau Innen": "0.0",
            "Winkel Links": "90.0",
            "Winkel Rechts": "90.0",
            "Fußbodenaufbau": "64.0",
            "Wandaufbau Aussen": "200.0",
            "AL_Abzug Oben": "0.0",
            "Leibungsschräge Links": "0.0",
            "Leibungsschräge Oben": "0.0",
            "Leibungsschräge Rechts": "0.0",
            "SOFiSTiK_SillProject": "0.0",
            "AL_Abzug Links": "40.0",
            "AL_Abzug Rechts": "40.0",
            "AL_Abzug Unten": "35.0",
            "Leibungsschräge Unten": "55.0",
            "SOFiSTiK_HeadProject": "2240.0",
            "SOFiSTiK_HeadShared": "447490.0",
            "SOFiSTiK_SillShared": "445250.0",
            "Gleiche Feldbreiten": "True",
            "AL Breite": "3236.0",
            "AL Höhe": "2234.0",
            "Area": "8.24288969997255",
            "Feldbreite Links": "300.0",
            "Feldbreite Rechts": "300.0",
            "Height": "2205.0",
            "Rough Height": "2269.0",
            "Volume": "0.489750384992629",
            "Symbol Drehflügel im Grundriss": "True",
            "Winkel Öffnungssymbol Links": "90.0",
            "Winkel Öffnungssymbol Rechts": "90.0",
            "Edited by": "",
            "Workset": "Architecture",
            "Mark": "30",
            "Fensterbank Aussen Metall": "False",
            "Fensterbank Aussen Stein": "False",
            "Glas": "Glas SageGlassClimatop",
            "Rahmenbreite Links": "106.0",
            "Rahmenbreite Oben": "105.0",
            "Rahmenbreite Rechts": "106.0",
            "Rahmenbreite Unten": "82.0",
            "Category": "Windows",
            "Family": "FE TÜR 3 tlg - DK-Fix im Rahmen-DK: Fenster Büro1",
            "Family and Type": "FE TÜR 3 tlg - DK-Fix im Rahmen-DK: Fenster Büro1",
            "Host Id": "Basic Wall: BSP 140 - 5s",
            "Type": "FE TÜR 3 tlg - DK-Fix im Rahmen-DK: Fenster Büro1",
            "Type Id": "FE TÜR 3 tlg - DK-Fix im Rahmen-DK: Fenster Büro1",
            "Head Height": "2205.0",
            "B_Winkel 1": "0.0",
            "B_Winkel 2": "0.0",
            "B_AL_Abzug Rechts": "40.0",
            "B_AL Abzug Links": "40.0",
            "B_Einbautiefe": "1000.0",
            "B_Feldbreite Links": "933.333333333333",
            "B_Feldbreite Mitte": "933.333333333333",
            "B_Feldbreite Rechts": "933.333333333333",
            "B_Griffhöhe": "1009.0",
            "B_Leibungsschräge Links": "1000.0",
            "B_Leibungsschräge Oben": "1000.0",
            "B_Leibungsschräge Rechts": "1000.0",
            "B_Leibungsschräge Unten": "945.0",
            "B_Neigung Fensterbank": "15.3762512488262",
            "B_Rahmenbreite Links": "106.0",
            "B_Rahmenbreite Rechts": "106.0",
            "Kämpferposition 1": "1009.33333333333",
            "Kämpferposition 2": "1009.33333333333",
            "Rahmenlichte Breite": "3104.0",
            "Rahmenlichte Höhe": "2018.0",
            "Wandstärke": "140.0",
            "Phase Created": "Zu Bauen"
        },
        "Psets Object Type": {
            "Analytical Properties(Type).Define Thermal Properties by": "Schematic Type",
            "Analytical Properties(Type).Analytic Construction": "<None",
            "Construction(Type).Wall Closure": "By host",
            "Construction(Type).Flügelbreite": "68.0",
            "Construction(Type).Glasstärke": "44.0",
            "Construction(Type).Griffhöhe = Flügelmitte": "True",
            "Construction(Type).Griffhöhe ab Flügelunterkante": "350.0",
            "Construction(Type).Pfostenbreite": "152.0",
            "Construction(Type).Rahmentiefe": "65.0",
            "Data(Type).Ausführung Verglasung": "Isolierverglasung 3-fach",
            "Data(Type).Bauart Fenster": "Fenstertür",
            "Data(Type).Form Fenster": "rechteckig",
            "Data(Type).Lage Bauteil": "außen",
            "Data(Type).Teiligkeit Fenster": "3-teilig senkrecht geteilt",
            "Data(Type).Unternehmer": "Künzli",
            "Dimensions(Type).Höhe ab FBOK berechnen": "True",
            "Dimensions(Type).Randabstand Öffnungssymbol": "0.0",
            "Dimensions(Type).Dicke": "65.0",
            "Dimensions(Type).Höhe ab FBOK": "2205.0",
            "Dimensions(Type).Rough Width": "3316.0",
            "Dimensions(Type).Width": "3316.0",
            "Identity Data(Type).Edited by": "",
            "Identity Data(Type).Assembly Code": "",
            "Identity Data(Type).Assembly Description": "",
            "Identity Data(Type).Model": "",
            "Identity Data(Type).Code Name": "",
            "Identity Data(Type).Description": "3-teilig",
            "Identity Data(Type).Feuerwiderstandsklasse": "",
            "Identity Data(Type).Keynote": "",
            "Identity Data(Type).OmniClass Number": "23.30.20.00",
            "Identity Data(Type).OmniClass Title": "Windows",
            "Identity Data(Type).Type Comments": "FE TUER 3 tlg_DK-Fix im Rahmen-DK",
            "Identity Data(Type).Type Mark": "34",
            "Identity Data(Type).Type Name": "Fenster Büro1",
            "Identity Data(Type).URL": "www.autodesk.de/BIM",
            "Identity Data(Type).Workset": "Family  : Windows : FE TÜR 3 tlg - DK-Fix im Rahmen-DK",
            "Other(Type).Category": "Windows",
            "Other(Type).Family Name": "FE TÜR 3 tlg - DK-Fix im Rahmen-DK",
            "Other(Type).Vorgabewert für Einbauhöhe": "0.0",
            "Overall Legend(Type).Fensterbank Schattenfuge Höhe": "7.0",
            "Segments and Fittings(Type).Fensterbankdicke Innen": "25.0",
            "Segments and Fittings(Type).Fensterbank Metall Dicke": "2.0",
            "Segments and Fittings(Type).Fensterbank Metall Höhe hinten": "30.0",
            "Segments and Fittings(Type).Fensterbank Metall Höhe Tropfnase": "40.0",
            "Segments and Fittings(Type).Fensterbank Stein Dicke": "40.0",
            "Segments and Fittings(Type).Fensterbank Stein Überstand": "20.0"
        }
    },
    "Element Relationships": {
        "Nests": null,
        "Is Nested By": null,
        "Covers": null,
        "Is Covered By": null,
        "Has Openings": null,
        "Assigned Groups": null
    },
    "Element Location": {
        "Storeys Map": {
            "00_Betonplatte": {
                "Elevation": -0.54,
                "Unit": "meters"
            },
            "00_Eingang": {
                "Elevation": 0.0,
                "Unit": "meters"
            },
            "01_Galerie": {
                "Elevation": 2.92,
                "Unit": "meters"
            }
        },
        "Element Located in Storey": "00_Eingang",
        "Spatial Relationship": [
            {
                "name": "1072",
                "type": "IfcProject"
            },
            {
                "name": "Default",
                "type": "IfcSite"
            },
            {
                "name": "",
                "type": "IfcBuilding"
            },
            {
                "name": "00_Eingang",
                "type": "IfcBuildingStorey"
            }
        ]
    }
}