{
    "Element Metadata": {
        "Name": "Fenster Forster Unico:Kippfenster mit Kettenantrieb, Sage Glas:1718724",
        "UID": "25073",
        "GlobalId": "3O2JgEUmDF3f26EOqfGjXS",
        "Type": "IfcWindow",
        "ObjectType": "Fenster Forster Unico:Kippfenster mit Kettenantrieb, Sage Glas",
        "Classification": "Not defined",
        "Decomposes": {
            "Name": "Curtain Wall:Fassade 90 - Sage:1123983",
            "IfcEntity": "IfcCurtainWall",
            "GlobalId": "3pJOH7TkT6DO1BGpL4Z6BU"
        },
        "Is Decomposed By": []
    },
    "Element Material Data": "Not defined",
    "Element Geometry Data": {
        "Quantities (IFC)": {
            "Width": 1.29,
            "Width unit": "METRE",
            "Height": 0.74,
            "Height unit": "METRE"
        },
        "Geometric Representation": [
            "MappedRepresentation"
        ],
        "Quantities (COMPAS)": {
            "Net Volume": 50744928.0,
            "Net Volume unit": "CUBIC_METRE",
            "Entire Surface Area": 2769792.0,
            "Entire Surface Area unit": "SQUARE_METRE"
        },
        "Bounding Box Dimensions (OBB - local frame)": {
            "X": 1.24,
            "Y": 0.07,
            "Z": 0.69,
            "Bounding Box Dimensions Unit": "METRE"
        },
        "Bounding Box Volume": 0.0599,
        "Real Volume to Bounding Box Volume Ratio": 847160734.5578,
        "Face Count (tessellated element)": {
            "Face Count": 76
        },
        "Vertex Count (tessellated element)": {
            "Vertex Count": 120
        },
        "Edge Count (tessellated element)": {
            "Edge Count": 174
        },
        "Primary Object Axis (Cardinal Direction)": "W"
    },
    "Element Property Sets": {
        "Psets Element": {
            "Level": "Level: 01_Galerie",
            "Area": "0.954600000000008",
            "Height": "740.0",
            "Volume": "0.0507449280000118",
            "Width": "1290.00000000001",
            "Edited by": "",
            "Workset": "Architecture",
            "Host Id": "Curtain Wall: Fassade 90 - Sage",
            "Category": "Windows",
            "Family": "Fenster Forster Unico: Kippfenster mit Kettenantrieb, Sage Glas",
            "Family and Type": "Fenster Forster Unico: Kippfenster mit Kettenantrieb, Sage Glas",
            "Type": "Fenster Forster Unico: Kippfenster mit Kettenantrieb, Sage Glas",
            "Type Id": "Fenster Forster Unico: Kippfenster mit Kettenantrieb, Sage Glas",
            "Phase Created": "Zu Bauen"
        },
        "Psets Object Type": {
            "Analytical Properties.Define Thermal Properties by": "Schematic Type",
            "Analytical Properties.Analytic Construction": "<None",
            "Dimensions.Offset": "9.0",
            "Dimensions.Offset_Profil": "25.0",
            "Dimensions.Profil_Ausse_Tiefe": "70.0",
            "Dimensions.Profil_Aussen_Breite": "74.0",
            "Dimensions.Profil_Innen_Breite": "58.0",
            "Identity Data.Edited by": "",
            "Identity Data.Assembly Code": "",
            "Identity Data.Assembly Description": "",
            "Identity Data.Code Name": "",
            "Identity Data.OmniClass Number": "23.30.20.00",
            "Identity Data.OmniClass Title": "Windows",
            "Identity Data.Type Mark": "35",
            "Identity Data.Type Name": "Kippfenster mit Kettenantrieb, Sage Glas",
            "Identity Data.Workset": "Family  : Windows : Fenster Forster Unico",
            "Materials and Finishes.Material_Glas": "Glas SageGlassClimatop",
            "Other.Category": "Windows",
            "Other.Family Name": "Fenster Forster Unico"
        }
    },
    "Element Relationships": {
        "Nests": null,
        "Is Nested By": null,
        "Covers": null,
        "Is Covered By": null,
        "Has Openings": null,
        "Assigned Groups": null
    },
    "Element Location": {
        "Storeys Map": {
            "00_Betonplatte": {
                "Elevation": -0.54,
                "Unit": "meters"
            },
            "00_Eingang": {
                "Elevation": 0.0,
                "Unit": "meters"
            },
            "01_Galerie": {
                "Elevation": 2.92,
                "Unit": "meters"
            }
        },
        "Element Located in Storey": "01_Galerie",
        "Spatial Relationship": [
            {
                "name": "Unknown",
                "type": "Unknown"
            }
        ]
    },
    "CompilationGroupID": "448caec44f"
}