{
    "Element Metadata": {
        "Name": "Floor:Boden BSP 120 - 5s:1353113",
        "UID": "34112",
        "GlobalId": "1ToJR57Y16uvjKSTB4E_Uw",
        "Type": "IfcSlab",
        "ObjectType": "Floor:Boden BSP 120 - 5s",
        "Classification": "Not defined",
        "Decomposes": {},
        "Is Decomposed By": []
    },
    "Element Material Data": [
        {
            "IfcEntity": "IfcMaterial",
            "Material Name": "Brettsperrholz",
            "Material Description": "Unknown",
            "Material Category": "Unknown",
            "Thickness": "Unknown",
            "Thickness unit": "Unknown"
        }
    ],
    "Element Geometry Data": {
        "Quantities (IFC)": {
            "Net Volume": 2.4818,
            "Net Volume unit": "CUBIC_METRE"
        },
        "Geometric Representation": [
            "Brep"
        ],
        "Quantities (COMPAS)": {
            "Net Volume": 2482386417.5927,
            "Net Volume unit": "CUBIC_METRE",
            "Entire Surface Area": 47349030.2726,
            "Entire Surface Area unit": "SQUARE_METRE"
        },
        "Bounding Box Dimensions (OBB - local frame)": {
            "X": 16.66,
            "Y": 0.12,
            "Z": 5.3,
            "Bounding Box Dimensions Unit": "METRE"
        },
        "Bounding Box Volume": 10.5958,
        "Real Volume to Bounding Box Volume Ratio": 234280225.9001,
        "Face Count (tessellated element)": {
            "Face Count": 834
        },
        "Vertex Count (tessellated element)": {
            "Vertex Count": 2022
        },
        "Edge Count (tessellated element)": {
            "Edge Count": 2262
        },
        "Primary Object Axis (Cardinal Direction)": "Undefined"
    },
    "Element Property Sets": {
        "Psets Element": {
            "Related to Mass": "False",
            "Room Bounding": "True",
            "Level": "Level: 01_Galerie",
            "Height Offset From Level": "-68.0000000000002",
            "Area": "20.7771276846462",
            "Core Thickness": "120.0",
            "Elevation at Bottom": "2731.99999999991",
            "Elevation at Bottom Core": "2731.99999999991",
            "Elevation at Bottom Survey": "2731.99999999991",
            "Elevation at Top": "2851.99999999991",
            "Elevation at Top Core": "2851.99999999991",
            "Elevation at Top Survey": "2851.99999999991",
            "Perimeter": "41665.3040350322",
            "Thickness": "120.0",
            "Volume": "2.48183178031082",
            "Edited by": "",
            "Workset": "Tragwerk",
            "Category": "Floors",
            "Family": "Floor: Boden BSP 120 - 5s",
            "Family and Type": "Floor: Boden BSP 120 - 5s",
            "Type": "Floor: Boden BSP 120 - 5s",
            "Type Id": "Floor: Boden BSP 120 - 5s",
            "Phase Created": "Zu Bauen",
            "Enable Analytical Model": "False",
            "Rebar Cover - Bottom Face": "Rebar Cover Settings: Bewehrungsüberdeckung 1",
            "Rebar Cover - Other Faces": "Rebar Cover Settings: Bewehrungsüberdeckung 1",
            "Rebar Cover - Top Face": "Rebar Cover Settings: Bewehrungsüberdeckung 1",
            "Structural": "True"
        },
        "Psets Object Type": {
            "Analytical Properties.Roughness": "3",
            "Analytical Properties.Absorptance": "0.7",
            "Analytical Properties.Heat Transfer Coefficient (U)": "0.883333333333333",
            "Analytical Properties.Thermal Mass": "8.738534264832",
            "Analytical Properties.Thermal Resistance (R)": "1.13207547169811",
            "Construction.Function": "Interior",
            "Construction.Default Thickness": "120.0",
            "Data.Unternehmer": "Künzli",
            "Graphics.Coarse Scale Fill Pattern": "<Solid fill",
            "Graphics.Coarse Scale Fill Color": "8421504",
            "Identity Data.Edited by": "",
            "Identity Data.Assembly Code": "",
            "Identity Data.Assembly Description": "",
            "Identity Data.Workset": "Floor Types",
            "Identity Data.Cost": "0.0",
            "Identity Data.Description": "5-lagig",
            "Identity Data.Feuerwiderstandsklasse": "R30",
            "Identity Data.Type Name": "Boden BSP 120 - 5s",
            "Materials and Finishes.Structural Material": "Brettsperrholz",
            "Other.Category": "Floors",
            "Other.Family Name": "Floor"
        }
    },
    "Element Relationships": {
        "Nests": null,
        "Is Nested By": null,
        "Covers": null,
        "Is Covered By": null,
        "Has Openings": null,
        "Assigned Groups": null
    },
    "Element Location": {
        "Storeys Map": {
            "00_Betonplatte": {
                "Elevation": -0.54,
                "Unit": "meters"
            },
            "00_Eingang": {
                "Elevation": 0.0,
                "Unit": "meters"
            },
            "01_Galerie": {
                "Elevation": 2.92,
                "Unit": "meters"
            }
        },
        "Element Located in Storey": "01_Galerie",
        "Spatial Relationship": [
            {
                "name": "1072",
                "type": "IfcProject"
            },
            {
                "name": "Default",
                "type": "IfcSite"
            },
            {
                "name": "",
                "type": "IfcBuilding"
            },
            {
                "name": "01_Galerie",
                "type": "IfcBuildingStorey"
            }
        ]
    }
}