{
    "Element Metadata": {
        "Name": "Floor:OSB 22mm:4937655",
        "UID": "97887",
        "GlobalId": "3jKm0H8f1AQuuPk7btbddX",
        "Type": "IfcSlab",
        "ObjectType": "Floor:OSB 22mm",
        "Classification": "Not defined",
        "Decomposes": {},
        "Is Decomposed By": []
    },
    "Element Material Data": [
        {
            "IfcEntity": "IfcMaterialLayerSetUsage",
            "Layer Set Name": "Floor:OSB 22mm",
            "Layer Set Description": "Unknown",
            "Layer Set Total Thickness": "Unknown",
            "Layers": [
                {
                    "IfcEntity": "IfcMaterialLayer",
                    "Material Name": "OSB",
                    "Description": "Unknown",
                    "Category": "Unknown",
                    "Thickness": 0.022,
                    "Thickness unit": "METRE"
                }
            ]
        }
    ],
    "Element Geometry Data": {
        "Quantities (IFC)": {
            "Net Volume": 0.4962,
            "Net Volume unit": "CUBIC_METRE"
        },
        "Geometric Representation": [
            "SweptSolid"
        ],
        "Quantities (COMPAS)": {
            "Net Volume": 496167929.8142,
            "Net Volume unit": "CUBIC_METRE",
            "Entire Surface Area": 45531182.1353,
            "Entire Surface Area unit": "SQUARE_METRE"
        },
        "Bounding Box Dimensions (OBB - local frame)": {
            "X": 5.43,
            "Y": 5.03,
            "Z": 0.02,
            "Bounding Box Dimensions Unit": "METRE"
        },
        "Bounding Box Volume": 0.5463,
        "Real Volume to Bounding Box Volume Ratio": 908233442.823,
        "Face Count (tessellated element)": {
            "Face Count": 2044
        },
        "Vertex Count (tessellated element)": {
            "Vertex Count": 2074
        },
        "Edge Count (tessellated element)": {
            "Edge Count": 4103
        },
        "Primary Object Axis (Cardinal Direction)": "S"
    },
    "Element Property Sets": {
        "Psets Element": {
            "Related to Mass": "False",
            "Room Bounding": "True",
            "Level": "Level: 01_UK Decke",
            "Height Offset From Level": "551.999999999908",
            "Area": "22.55308779939",
            "Elevation at Bottom": "2829.99999999991",
            "Elevation at Top": "2851.99999999991",
            "Perimeter": "19129.4066243354",
            "Thickness": "22.0",
            "Volume": "0.496167931864471",
            "Edited by": "",
            "Workset": "Architecture",
            "Category": "Floors",
            "Family": "Floor: OSB 22mm",
            "Family and Type": "Floor: OSB 22mm",
            "Type": "Floor: OSB 22mm",
            "Type Id": "Floor: OSB 22mm",
            "Phase Created": "Zu Bauen",
            "Enable Analytical Model": "False",
            "Structural": "False"
        },
        "Psets Object Type": {
            "Analytical Properties.Roughness": "3",
            "Analytical Properties.Absorptance": "0.7",
            "Construction.Function": "Interior",
            "Construction.Default Thickness": "22.0",
            "Data.Unternehmer": "Künzli",
            "Graphics.Coarse Scale Fill Pattern": "<Solid fill",
            "Graphics.Coarse Scale Fill Color": "8421504",
            "Identity Data.Edited by": "",
            "Identity Data.Assembly Code": "",
            "Identity Data.Assembly Description": "",
            "Identity Data.Workset": "Floor Types",
            "Identity Data.Cost": "0.0",
            "Identity Data.Type Name": "OSB 22mm",
            "Materials and Finishes.Structural Material": "OSB",
            "Other.Category": "Floors",
            "Other.Family Name": "Floor"
        }
    },
    "Element Relationships": {
        "Nests": null,
        "Is Nested By": null,
        "Covers": null,
        "Is Covered By": null,
        "Has Openings": null,
        "Assigned Groups": null
    },
    "Element Location": {
        "Storeys Map": {
            "00_Betonplatte": {
                "Elevation": -0.54,
                "Unit": "meters"
            },
            "00_Eingang": {
                "Elevation": 0.0,
                "Unit": "meters"
            },
            "01_Galerie": {
                "Elevation": 2.92,
                "Unit": "meters"
            }
        },
        "Element Located in Storey": "00_Eingang",
        "Spatial Relationship": [
            {
                "name": "1072",
                "type": "IfcProject"
            },
            {
                "name": "Default",
                "type": "IfcSite"
            },
            {
                "name": "",
                "type": "IfcBuilding"
            },
            {
                "name": "00_Eingang",
                "type": "IfcBuildingStorey"
            }
        ]
    },
    "CompilationGroupID": "d43d337978"
}