{
    "Element Metadata": {
        "Name": "Floor:Betonauflager 15cm:3980840",
        "UID": "89434",
        "GlobalId": "0hwsZ_JYbDhgh3xE2hTxxt",
        "Type": "IfcSlab",
        "ObjectType": "Floor:Betonauflager 15cm",
        "Classification": "Not defined",
        "Decomposes": {},
        "Is Decomposed By": []
    },
    "Element Material Data": [
        {
            "IfcEntity": "IfcMaterialLayerSetUsage",
            "Layer Set Name": "Floor:Betonauflager 15cm",
            "Layer Set Description": "Unknown",
            "Layer Set Total Thickness": "Unknown",
            "Layers": [
                {
                    "IfcEntity": "IfcMaterialLayer",
                    "Material Name": "Beton",
                    "Description": "Unknown",
                    "Category": "Unknown",
                    "Thickness": 0.15,
                    "Thickness unit": "METRE"
                }
            ]
        }
    ],
    "Element Geometry Data": {
        "Quantities (IFC)": {
            "Width": 0.15,
            "Width unit": "METRE",
            "Gross Volume": 0.1336,
            "Gross Volume unit": "CUBIC_METRE",
            "Net Volume": 0.1336,
            "Net Volume unit": "CUBIC_METRE"
        },
        "Geometric Representation": [
            "SweptSolid"
        ],
        "Quantities (COMPAS)": {
            "Net Volume": 133616964.0584,
            "Net Volume unit": "CUBIC_METRE",
            "Entire Surface Area": 2397298.9954,
            "Entire Surface Area unit": "SQUARE_METRE"
        },
        "Bounding Box Dimensions (OBB - local frame)": {
            "X": 1.48,
            "Y": 0.63,
            "Z": 0.15,
            "Bounding Box Dimensions Unit": "METRE"
        },
        "Bounding Box Volume": 0.1399,
        "Real Volume to Bounding Box Volume Ratio": 955089092.6264,
        "Face Count (tessellated element)": {
            "Face Count": 12
        },
        "Vertex Count (tessellated element)": {
            "Vertex Count": 24
        },
        "Edge Count (tessellated element)": {
            "Edge Count": 30
        },
        "Primary Object Axis (Cardinal Direction)": "N"
    },
    "Element Property Sets": {
        "Psets Element": {
            "Related to Mass": "False",
            "Room Bounding": "True",
            "Level": "Level: 01_UK Decke",
            "Height Offset From Level": "145.0",
            "Area": "0.890779760389594",
            "Core Thickness": "150.0",
            "Elevation at Bottom": "2295.0",
            "Elevation at Bottom Core": "2295.0",
            "Elevation at Bottom Survey": "2295.0",
            "Elevation at Top": "2445.0",
            "Elevation at Top Core": "2445.0",
            "Elevation at Top Survey": "2445.0",
            "Perimeter": "4104.92983102261",
            "Thickness": "150.0",
            "Volume": "0.133616964058439",
            "Edited by": "",
            "Workset": "Architecture",
            "Category": "Floors",
            "Family": "Floor: Betonauflager 15cm",
            "Family and Type": "Floor: Betonauflager 15cm",
            "Type": "Floor: Betonauflager 15cm",
            "Type Id": "Floor: Betonauflager 15cm",
            "Phase Created": "Zu Bauen",
            "Enable Analytical Model": "False",
            "Rebar Cover - Bottom Face": "Rebar Cover Settings: Bewehrungsüberdeckung 1",
            "Rebar Cover - Other Faces": "Rebar Cover Settings: Bewehrungsüberdeckung 1",
            "Rebar Cover - Top Face": "Rebar Cover Settings: Bewehrungsüberdeckung 1",
            "Structural": "True"
        },
        "Psets Object Type": {
            "Analytical Properties.Roughness": "3",
            "Analytical Properties.Absorptance": "0.7",
            "Construction.Function": "Interior",
            "Construction.Default Thickness": "150.0",
            "Graphics.Coarse Scale Fill Pattern": "<Solid fill",
            "Graphics.Coarse Scale Fill Color": "16777215",
            "Identity Data.Edited by": "",
            "Identity Data.Assembly Code": "",
            "Identity Data.Assembly Description": "",
            "Identity Data.Workset": "Floor Types",
            "Identity Data.Cost": "0.0",
            "Identity Data.Feuerwiderstandsklasse": "R30",
            "Identity Data.Type Name": "Betonauflager 15cm",
            "Materials and Finishes.Structural Material": "Beton",
            "Other.Category": "Floors",
            "Other.Family Name": "Floor"
        }
    },
    "Element Relationships": {
        "Nests": null,
        "Is Nested By": null,
        "Covers": null,
        "Is Covered By": null,
        "Has Openings": null,
        "Assigned Groups": null
    },
    "Element Location": {
        "Storeys Map": {
            "00_Betonplatte": {
                "Elevation": -0.54,
                "Unit": "meters"
            },
            "00_Eingang": {
                "Elevation": 0.0,
                "Unit": "meters"
            },
            "01_Galerie": {
                "Elevation": 2.92,
                "Unit": "meters"
            }
        },
        "Element Located in Storey": "00_Eingang",
        "Spatial Relationship": [
            {
                "name": "1072",
                "type": "IfcProject"
            },
            {
                "name": "Default",
                "type": "IfcSite"
            },
            {
                "name": "",
                "type": "IfcBuilding"
            },
            {
                "name": "00_Eingang",
                "type": "IfcBuildingStorey"
            }
        ]
    }
}