{
    "Element Metadata": {
        "Name": "Floor:Massivholz 24mm:6301249",
        "UID": "663832",
        "GlobalId": "3ZnJlnBePBXQGgUrEPS3c7",
        "Type": "IfcSlab",
        "ObjectType": "Floor:Massivholz 24mm",
        "Classification": "Not defined",
        "Decomposes": {},
        "Is Decomposed By": []
    },
    "Element Material Data": [
        {
            "IfcEntity": "IfcMaterialLayerSetUsage",
            "Layer Set Name": "Floor:Massivholz 24mm",
            "Layer Set Description": "Unknown",
            "Layer Set Total Thickness": "Unknown",
            "Layers": [
                {
                    "IfcEntity": "IfcMaterialLayer",
                    "Material Name": "Massivholz Fichte",
                    "Description": "Unknown",
                    "Category": "Unknown",
                    "Thickness": 0.024,
                    "Thickness unit": "METRE"
                }
            ]
        }
    ],
    "Element Geometry Data": {
        "Quantities (IFC)": {
            "Width": 0.024,
            "Width unit": "METRE",
            "Gross Volume": 0.0068,
            "Gross Volume unit": "CUBIC_METRE",
            "Net Volume": 0.0068,
            "Net Volume unit": "CUBIC_METRE"
        },
        "Geometric Representation": [
            "SweptSolid"
        ],
        "Quantities (COMPAS)": {
            "Net Volume": 6836806.273,
            "Net Volume unit": "CUBIC_METRE",
            "Entire Surface Area": 674201.5869,
            "Entire Surface Area unit": "SQUARE_METRE"
        },
        "Bounding Box Dimensions (OBB - local frame)": {
            "X": 2.05,
            "Y": 0.14,
            "Z": 0.02,
            "Bounding Box Dimensions Unit": "METRE"
        },
        "Bounding Box Volume": 0.0057,
        "Real Volume to Bounding Box Volume Ratio": 1199439697.0232,
        "Face Count (tessellated element)": {
            "Face Count": 12
        },
        "Vertex Count (tessellated element)": {
            "Vertex Count": 24
        },
        "Edge Count (tessellated element)": {
            "Edge Count": 30
        },
        "Primary Object Axis (Cardinal Direction)": "W"
    },
    "Element Property Sets": {
        "Psets Element": {
            "Level": "Level: 00_Eingang",
            "Related to Mass": "False",
            "Room Bounding": "False",
            "Height Offset From Level": "2324.0",
            "Area": "0.284866928043023",
            "Elevation at Bottom": "2300.0",
            "Elevation at Top": "2324.0",
            "Perimeter": "4352.8221180594",
            "Thickness": "24.0",
            "Volume": "0.00683680627303255",
            "Edited by": "",
            "Workset": "Innenausbau",
            "Category": "Floors",
            "Family": "Floor: Massivholz 24mm",
            "Family and Type": "Floor: Massivholz 24mm",
            "Type": "Floor: Massivholz 24mm",
            "Type Id": "Floor: Massivholz 24mm",
            "Phase Created": "Zu Bauen",
            "Enable Analytical Model": "False",
            "Structural": "False"
        },
        "Psets Object Type": {
            "Analytical Properties.Roughness": "3",
            "Analytical Properties.Absorptance": "0.7",
            "Analytical Properties.Heat Transfer Coefficient (U)": "4.41666666666667",
            "Analytical Properties.Thermal Mass": "1.7477068529664",
            "Analytical Properties.Thermal Resistance (R)": "0.226415094339623",
            "Construction.Function": "Interior",
            "Construction.Default Thickness": "24.0",
            "Data.Unternehmer": "Künzli",
            "Graphics.Coarse Scale Fill Pattern": "<Solid fill",
            "Graphics.Coarse Scale Fill Color": "8421504",
            "Identity Data.Edited by": "",
            "Identity Data.Assembly Code": "",
            "Identity Data.Assembly Description": "",
            "Identity Data.Workset": "Floor Types",
            "Identity Data.Cost": "0.0",
            "Identity Data.Type Name": "Massivholz 24mm",
            "Materials and Finishes.Structural Material": "Massivholz Fichte",
            "Other.Category": "Floors",
            "Other.Family Name": "Floor"
        }
    },
    "Element Relationships": {
        "Nests": null,
        "Is Nested By": null,
        "Covers": null,
        "Is Covered By": null,
        "Has Openings": null,
        "Assigned Groups": null
    },
    "Element Location": {
        "Storeys Map": {
            "00_Betonplatte": {
                "Elevation": -0.54,
                "Unit": "meters"
            },
            "00_Eingang": {
                "Elevation": 0.0,
                "Unit": "meters"
            },
            "01_Galerie": {
                "Elevation": 2.92,
                "Unit": "meters"
            }
        },
        "Element Located in Storey": "00_Eingang",
        "Spatial Relationship": [
            {
                "name": "1072",
                "type": "IfcProject"
            },
            {
                "name": "Default",
                "type": "IfcSite"
            },
            {
                "name": "",
                "type": "IfcBuilding"
            },
            {
                "name": "00_Eingang",
                "type": "IfcBuildingStorey"
            }
        ]
    }
}