{
    "Element Metadata": {
        "Name": "Floor:Betonauflager:3981555",
        "UID": "89564",
        "GlobalId": "0hwsZ_JYbDhgh3xE2hTy0i",
        "Type": "IfcSlab",
        "ObjectType": "Floor:Betonauflager",
        "Classification": "Not defined",
        "Decomposes": {},
        "Is Decomposed By": []
    },
    "Element Material Data": [
        {
            "IfcEntity": "IfcMaterialLayerSetUsage",
            "Layer Set Name": "Floor:Betonauflager",
            "Layer Set Description": "Unknown",
            "Layer Set Total Thickness": "Unknown",
            "Layers": [
                {
                    "IfcEntity": "IfcMaterialLayer",
                    "Material Name": "Beton",
                    "Description": "Unknown",
                    "Category": "Unknown",
                    "Thickness": 0.29,
                    "Thickness unit": "METRE"
                }
            ]
        }
    ],
    "Element Geometry Data": {
        "Quantities (IFC)": {
            "Width": 0.29,
            "Width unit": "METRE",
            "Gross Volume": 0.3364,
            "Gross Volume unit": "CUBIC_METRE",
            "Net Volume": 0.3364,
            "Net Volume unit": "CUBIC_METRE"
        },
        "Geometric Representation": [
            "SweptSolid"
        ],
        "Quantities (COMPAS)": {
            "Net Volume": 336391299.9999,
            "Net Volume unit": "CUBIC_METRE",
            "Entire Surface Area": 3627550.0,
            "Entire Surface Area unit": "SQUARE_METRE"
        },
        "Bounding Box Dimensions (OBB - local frame)": {
            "X": 1.46,
            "Y": 0.79,
            "Z": 0.29,
            "Bounding Box Dimensions Unit": "METRE"
        },
        "Bounding Box Volume": 0.3345,
        "Real Volume to Bounding Box Volume Ratio": 1005654110.6125,
        "Face Count (tessellated element)": {
            "Face Count": 12
        },
        "Vertex Count (tessellated element)": {
            "Vertex Count": 24
        },
        "Edge Count (tessellated element)": {
            "Edge Count": 30
        },
        "Primary Object Axis (Cardinal Direction)": "N"
    },
    "Element Property Sets": {
        "Psets Element": {
            "Related to Mass": "False",
            "Room Bounding": "True",
            "Height Offset From Level": "159.999999999967",
            "Level": "Level: 01_TragstrukturRückwand",
            "Area": "1.15996999999962",
            "Core Thickness": "290.0",
            "Elevation at Bottom": "4019.99999999991",
            "Elevation at Bottom Core": "4019.99999999991",
            "Elevation at Bottom Survey": "4019.99999999991",
            "Elevation at Top": "4309.99999999991",
            "Elevation at Top Core": "4309.99999999991",
            "Elevation at Top Survey": "4309.9999999999",
            "Perimeter": "4508.99999999948",
            "Thickness": "290.0",
            "Volume": "0.336391299999891",
            "Edited by": "",
            "Workset": "Architecture",
            "Category": "Floors",
            "Family": "Floor: Betonauflager",
            "Family and Type": "Floor: Betonauflager",
            "Type": "Floor: Betonauflager",
            "Type Id": "Floor: Betonauflager",
            "Phase Created": "Zu Bauen",
            "Enable Analytical Model": "False",
            "Rebar Cover - Bottom Face": "Rebar Cover Settings: Bewehrungsüberdeckung 1",
            "Rebar Cover - Other Faces": "Rebar Cover Settings: Bewehrungsüberdeckung 1",
            "Rebar Cover - Top Face": "Rebar Cover Settings: Bewehrungsüberdeckung 1",
            "Structural": "True"
        },
        "Psets Object Type": {
            "Analytical Properties.Roughness": "3",
            "Analytical Properties.Absorptance": "0.7",
            "Construction.Function": "Interior",
            "Construction.Default Thickness": "290.0",
            "Graphics.Coarse Scale Fill Pattern": "<Solid fill",
            "Graphics.Coarse Scale Fill Color": "8421504",
            "Identity Data.Edited by": "",
            "Identity Data.Assembly Code": "",
            "Identity Data.Assembly Description": "",
            "Identity Data.Workset": "Floor Types",
            "Identity Data.Cost": "0.0",
            "Identity Data.Feuerwiderstandsklasse": "R30",
            "Identity Data.Type Name": "Betonauflager",
            "Materials and Finishes.Structural Material": "Beton",
            "Other.Category": "Floors",
            "Other.Family Name": "Floor"
        }
    },
    "Element Relationships": {
        "Nests": null,
        "Is Nested By": null,
        "Covers": null,
        "Is Covered By": null,
        "Has Openings": null,
        "Assigned Groups": null
    },
    "Element Location": {
        "Storeys Map": {
            "00_Betonplatte": {
                "Elevation": -0.54,
                "Unit": "meters"
            },
            "00_Eingang": {
                "Elevation": 0.0,
                "Unit": "meters"
            },
            "01_Galerie": {
                "Elevation": 2.92,
                "Unit": "meters"
            }
        },
        "Element Located in Storey": "01_Galerie",
        "Spatial Relationship": [
            {
                "name": "1072",
                "type": "IfcProject"
            },
            {
                "name": "Default",
                "type": "IfcSite"
            },
            {
                "name": "",
                "type": "IfcBuilding"
            },
            {
                "name": "01_Galerie",
                "type": "IfcBuildingStorey"
            }
        ]
    },
    "CompilationGroupID": "bea71849e1"
}