{
    "Element Metadata": {
        "Name": "Montageraum Elektro1:Montageraum Elektro:6274190",
        "UID": "663346",
        "GlobalId": "1Et2c94TXFAwSKPeylnBlG",
        "Type": "IfcBuildingElementProxy",
        "ObjectType": "Montageraum Elektro1:Montageraum Elektro",
        "Classification": "Not defined",
        "Decomposes": {},
        "Is Decomposed By": []
    },
    "Element Material Data": [
        {
            "IfcEntity": "IfcMaterial",
            "Material Name": "3D-Schnittmaterial",
            "Material Description": "Unknown",
            "Material Category": "Unknown",
            "Thickness": "Unknown",
            "Thickness unit": "Unknown"
        }
    ],
    "Element Geometry Data": {
        "Quantities (IFC)": {},
        "Geometric Representation": [
            "MappedRepresentation"
        ],
        "Quantities (COMPAS)": {
            "Net Volume": 180526558.9719,
            "Net Volume unit": "CUBIC_METRE",
            "Entire Surface Area": 2893480.4899,
            "Entire Surface Area unit": "SQUARE_METRE"
        },
        "Bounding Box Dimensions (OBB - local frame)": {
            "X": 0.2,
            "Y": 0.39,
            "Z": 2.33,
            "Bounding Box Dimensions Unit": "METRE"
        },
        "Bounding Box Volume": 0.1817,
        "Real Volume to Bounding Box Volume Ratio": 993541876.5653,
        "Face Count (tessellated element)": {
            "Face Count": 12
        },
        "Vertex Count (tessellated element)": {
            "Vertex Count": 24
        },
        "Edge Count (tessellated element)": {
            "Edge Count": 30
        },
        "Primary Object Axis (Cardinal Direction)": "N"
    },
    "Element Property Sets": {
        "Psets Element": {
            "Moves With Nearby Elements": "False",
            "Area": "0.0773541679937705",
            "Volume": "0.18052655897192",
            "Edited by": "",
            "Workset": "Architecture",
            "Category": "Generic Models",
            "Family": "Montageraum Elektro1: Montageraum Elektro",
            "Family and Type": "Montageraum Elektro1: Montageraum Elektro",
            "Type": "Montageraum Elektro1: Montageraum Elektro",
            "Type Id": "Montageraum Elektro1: Montageraum Elektro",
            "Phase Created": "Zu Bauen"
        },
        "Psets Object Type": {
            "Identity Data.Edited by": "",
            "Identity Data.Assembly Code": "",
            "Identity Data.Assembly Description": "",
            "Identity Data.Workset": "Architecture",
            "Identity Data.Code Name": "",
            "Identity Data.OmniClass Number": "",
            "Identity Data.OmniClass Title": "",
            "Identity Data.Type Name": "Montageraum Elektro",
            "Other.Category": "Generic Models",
            "Other.Family Name": "Montageraum Elektro1"
        }
    },
    "Element Relationships": {
        "Nests": null,
        "Is Nested By": null,
        "Covers": null,
        "Is Covered By": null,
        "Has Openings": null,
        "Assigned Groups": null
    },
    "Element Location": {
        "Storeys Map": {
            "00_Betonplatte": {
                "Elevation": -0.54,
                "Unit": "meters"
            },
            "00_Eingang": {
                "Elevation": 0.0,
                "Unit": "meters"
            },
            "01_Galerie": {
                "Elevation": 2.92,
                "Unit": "meters"
            }
        },
        "Element Located in Storey": "00_Eingang",
        "Spatial Relationship": [
            {
                "name": "1072",
                "type": "IfcProject"
            },
            {
                "name": "Default",
                "type": "IfcSite"
            },
            {
                "name": "",
                "type": "IfcBuilding"
            },
            {
                "name": "00_Eingang",
                "type": "IfcBuildingStorey"
            }
        ]
    }
}