{
    "Element Metadata": {
        "Name": "Pfosten rechteckig:Forster 60 x 90 - Nur Pfosten:2355404",
        "UID": "19532",
        "GlobalId": "0foM5uUXf3UBf6TLj8DTUQ",
        "Type": "IfcMember",
        "ObjectType": "Pfosten rechteckig:Forster 60 x 90 - Nur Pfosten",
        "Classification": "Not defined",
        "Decomposes": {
            "Name": "Curtain Wall:Fassade 90 - Sage:1123952",
            "IfcEntity": "IfcCurtainWall",
            "GlobalId": "3pJOH7TkT6DO1BGpL4Z68X"
        },
        "Is Decomposed By": []
    },
    "Element Material Data": [
        {
            "IfcEntity": "IfcMaterial",
            "Material Name": "Stahl, 45-34, Pulverbeschichtung schwarz",
            "Material Description": "Unknown",
            "Material Category": "Unknown",
            "Thickness": "Unknown",
            "Thickness unit": "Unknown"
        }
    ],
    "Element Geometry Data": {
        "Quantities (IFC)": {
            "Length": 0.51,
            "Length unit": "METRE",
            "Net Volume": 0.0028,
            "Net Volume unit": "CUBIC_METRE"
        },
        "Geometric Representation": [
            "MappedRepresentation"
        ],
        "Quantities (COMPAS)": {
            "Net Volume": 2754000.0,
            "Net Volume unit": "CUBIC_METRE",
            "Entire Surface Area": 163800.0,
            "Entire Surface Area unit": "SQUARE_METRE"
        },
        "Bounding Box Dimensions (OBB - local frame)": {
            "X": 0.09,
            "Y": 0.51,
            "Z": 0.06,
            "Bounding Box Dimensions Unit": "METRE"
        },
        "Bounding Box Volume": 0.0028,
        "Real Volume to Bounding Box Volume Ratio": 983571428.5716,
        "Face Count (tessellated element)": {
            "Face Count": 12
        },
        "Vertex Count (tessellated element)": {
            "Vertex Count": 24
        },
        "Edge Count (tessellated element)": {
            "Edge Count": 30
        },
        "Primary Object Axis (Cardinal Direction)": "Undefined"
    },
    "Element Property Sets": {
        "Psets Element": {
            "Level": "Level: 01_Brüstung",
            "Area": "0.0819000000000132",
            "Length": "510.000000000088",
            "Volume": "0.00275400000000047",
            "Edited by": "",
            "Workset": "Architecture",
            "Category": "Curtain Wall Mullions",
            "Family": "Pfosten rechteckig: Forster 60 x 90 - Nur Pfosten",
            "Family and Type": "Pfosten rechteckig: Forster 60 x 90 - Nur Pfosten",
            "Type": "Pfosten rechteckig: Forster 60 x 90 - Nur Pfosten",
            "Type Id": "Pfosten rechteckig: Forster 60 x 90 - Nur Pfosten",
            "Host Id": "Curtain Wall: Fassade 90 - Sage",
            "Phase Created": "Zu Bauen"
        },
        "Psets Object Type": {
            "Constraints.Offset": "0.0",
            "Constraints.Angle": "0.0",
            "Construction.Corner Mullion": "False",
            "Construction.Position": "Perpendicular to Face",
            "Construction.Profile": "ForsterPfosten_OhneDeckprofil: Forster Variotherm - 60 x 90",
            "Construction.Thickness": "90.0",
            "Dimensions.Width on side 1": "0.0",
            "Dimensions.Width on side 2": "0.0",
            "Identity Data.Edited by": "",
            "Identity Data.Assembly Code": "",
            "Identity Data.Assembly Description": "",
            "Identity Data.Code Name": "",
            "Identity Data.OmniClass Number": "",
            "Identity Data.OmniClass Title": "",
            "Identity Data.Workset": "Family  : Curtain Wall Mullions : Pfosten rechteckig",
            "Identity Data.Type Name": "Forster 60 x 90 - Nur Pfosten",
            "Other.Category": "Curtain Wall Mullions",
            "Other.Family Name": "Pfosten rechteckig"
        }
    },
    "Element Relationships": {
        "Nests": null,
        "Is Nested By": null,
        "Covers": null,
        "Is Covered By": null,
        "Has Openings": null,
        "Assigned Groups": null
    },
    "Element Location": {
        "Storeys Map": {
            "00_Betonplatte": {
                "Elevation": -0.54,
                "Unit": "meters"
            },
            "00_Eingang": {
                "Elevation": 0.0,
                "Unit": "meters"
            },
            "01_Galerie": {
                "Elevation": 2.92,
                "Unit": "meters"
            }
        },
        "Element Located in Storey": "01_Galerie",
        "Spatial Relationship": [
            {
                "name": "Unknown",
                "type": "Unknown"
            }
        ]
    },
    "CompilationGroupID": "883fcab506"
}