{
    "Element Metadata": {
        "Name": "Pfosten rechteckig:ForsterUnico:3969937",
        "UID": "23154",
        "GlobalId": "1AHwgHl7nAfvT06Yhh8wDp",
        "Type": "IfcMember",
        "ObjectType": "Pfosten rechteckig:ForsterUnico",
        "Classification": "Not defined",
        "Decomposes": {
            "Name": "Curtain Wall:Fassade 90 - Sage:1123967",
            "IfcEntity": "IfcCurtainWall",
            "GlobalId": "3pJOH7TkT6DO1BGpL4Z68k"
        },
        "Is Decomposed By": []
    },
    "Element Material Data": [
        {
            "IfcEntity": "IfcMaterial",
            "Material Name": "Stahl, 45-34, Pulverbeschichtung schwarz",
            "Material Description": "Unknown",
            "Material Category": "Unknown",
            "Thickness": "Unknown",
            "Thickness unit": "Unknown"
        }
    ],
    "Element Geometry Data": {
        "Quantities (IFC)": {
            "Length": 1.3351,
            "Length unit": "METRE",
            "Net Volume": 0.0048,
            "Net Volume unit": "CUBIC_METRE"
        },
        "Geometric Representation": [
            "MappedRepresentation"
        ],
        "Quantities (COMPAS)": {
            "Net Volume": 4790552.4104,
            "Net Volume unit": "CUBIC_METRE",
            "Entire Surface Area": 345701.7724,
            "Entire Surface Area unit": "SQUARE_METRE"
        },
        "Bounding Box Dimensions (OBB - local frame)": {
            "X": 0.06,
            "Y": 1.34,
            "Z": 0.07,
            "Bounding Box Dimensions Unit": "METRE"
        },
        "Bounding Box Volume": 0.0056,
        "Real Volume to Bounding Box Volume Ratio": 855455787.563,
        "Face Count (tessellated element)": {
            "Face Count": 44
        },
        "Vertex Count (tessellated element)": {
            "Vertex Count": 72
        },
        "Edge Count (tessellated element)": {
            "Edge Count": 102
        },
        "Primary Object Axis (Cardinal Direction)": "W"
    },
    "Element Property Sets": {
        "Psets Element": {
            "Level": "Level: 01_Brüstung",
            "Area": "0.172850886205592",
            "Length": "1335.08038393264",
            "Volume": "0.0047905524103528",
            "Edited by": "",
            "Workset": "Architecture",
            "Category": "Curtain Wall Mullions",
            "Family": "Pfosten rechteckig: ForsterUnico",
            "Family and Type": "Pfosten rechteckig: ForsterUnico",
            "Type": "Pfosten rechteckig: ForsterUnico",
            "Type Id": "Pfosten rechteckig: ForsterUnico",
            "Host Id": "Curtain Wall: Fassade 90 - Sage",
            "Phase Created": "Zu Bauen"
        },
        "Psets Object Type": {
            "Constraints.Offset": "0.0",
            "Constraints.Angle": "0.0",
            "Construction.Corner Mullion": "False",
            "Construction.Position": "Perpendicular to Face",
            "Construction.Profile": "ForsterUnico_Offset: Ohne Glaseinstand",
            "Construction.Thickness": "50.0",
            "Dimensions.Width on side 1": "0.0",
            "Dimensions.Width on side 2": "70.0",
            "Identity Data.Edited by": "",
            "Identity Data.Assembly Code": "",
            "Identity Data.Assembly Description": "",
            "Identity Data.Code Name": "",
            "Identity Data.OmniClass Number": "",
            "Identity Data.OmniClass Title": "",
            "Identity Data.Workset": "Family  : Curtain Wall Mullions : Pfosten rechteckig",
            "Identity Data.Type Name": "ForsterUnico",
            "Materials and Finishes.Material": "Stahl, 45-34, Pulverbeschichtung schwarz",
            "Other.Category": "Curtain Wall Mullions",
            "Other.Family Name": "Pfosten rechteckig"
        }
    },
    "Element Relationships": {
        "Nests": null,
        "Is Nested By": null,
        "Covers": null,
        "Is Covered By": null,
        "Has Openings": null,
        "Assigned Groups": null
    },
    "Element Location": {
        "Storeys Map": {
            "00_Betonplatte": {
                "Elevation": -0.54,
                "Unit": "meters"
            },
            "00_Eingang": {
                "Elevation": 0.0,
                "Unit": "meters"
            },
            "01_Galerie": {
                "Elevation": 2.92,
                "Unit": "meters"
            }
        },
        "Element Located in Storey": "01_Galerie",
        "Spatial Relationship": [
            {
                "name": "Unknown",
                "type": "Unknown"
            }
        ]
    },
    "CompilationGroupID": "75762e6adc"
}