{
    "Element Metadata": {
        "Name": "Rohranschluss_Technikschnttelle_Nest:E-Schmutzwasser:6271816",
        "UID": "662745",
        "GlobalId": "1Et2c94TXFAwSKPeylnBGM",
        "Type": "IfcBuildingElementProxy",
        "ObjectType": "Rohranschluss_Technikschnttelle_Nest:E-Schmutzwasser",
        "Classification": "Not defined",
        "Decomposes": {},
        "Is Decomposed By": []
    },
    "Element Material Data": [
        {
            "IfcEntity": "IfcMaterial",
            "Material Name": "3D-Schnittmaterial",
            "Material Description": "Unknown",
            "Material Category": "Unknown",
            "Thickness": "Unknown",
            "Thickness unit": "Unknown"
        }
    ],
    "Element Geometry Data": {
        "Quantities (IFC)": {},
        "Geometric Representation": [
            "MappedRepresentation"
        ],
        "Quantities (COMPAS)": {
            "Net Volume": 1025263.3578,
            "Net Volume unit": "CUBIC_METRE",
            "Entire Surface Area": 56288.9395,
            "Entire Surface Area unit": "SQUARE_METRE"
        },
        "Bounding Box Dimensions (OBB - local frame)": {
            "X": 0.11,
            "Y": 0.11,
            "Z": 0.11,
            "Bounding Box Dimensions Unit": "METRE"
        },
        "Bounding Box Volume": 0.0013,
        "Real Volume to Bounding Box Volume Ratio": 788664121.4099,
        "Face Count (tessellated element)": {
            "Face Count": 2944
        },
        "Vertex Count (tessellated element)": {
            "Vertex Count": 2950
        },
        "Edge Count (tessellated element)": {
            "Edge Count": 5891
        },
        "Primary Object Axis (Cardinal Direction)": "E"
    },
    "Element Property Sets": {
        "Psets Element": {
            "Moves With Nearby Elements": "False",
            "Level": "Level: 00_Betonplatte",
            "Elevation from Level": "235.532290000088",
            "Host": "Level : 00_Betonplatte",
            "Offset from Host": "235.532290000088",
            "Area": "0.0281431991152822",
            "Depth": "107.884781071133",
            "Volume": "0.00102521469529324",
            "Edited by": "",
            "Workset": "Architecture",
            "Category": "Generic Models",
            "Family": "Rohranschluss_Technikschnttelle_Nest: E-Schmutzwasser",
            "Family and Type": "Rohranschluss_Technikschnttelle_Nest: E-Schmutzwasser",
            "Type": "Rohranschluss_Technikschnttelle_Nest: E-Schmutzwasser",
            "Type Id": "Rohranschluss_Technikschnttelle_Nest: E-Schmutzwasser",
            "Phase Created": "Zu Bauen"
        },
        "Psets Object Type": {
            "Constraints.Default Elevation": "0.0",
            "Dimensions.Diameter": "110.0",
            "Dimensions.Radius": "55.0",
            "Identity Data.Edited by": "",
            "Identity Data.Assembly Code": "",
            "Identity Data.Assembly Description": "",
            "Identity Data.Code Name": "",
            "Identity Data.OmniClass Number": "",
            "Identity Data.OmniClass Title": "",
            "Identity Data.Workset": "Family  : Generic Models : Rohranschluss_Technikschnttelle_Nest",
            "Identity Data.Type Name": "E-Schmutzwasser",
            "Other.Category": "Generic Models",
            "Other.Family Name": "Rohranschluss_Technikschnttelle_Nest"
        }
    },
    "Element Relationships": {
        "Nests": null,
        "Is Nested By": null,
        "Covers": null,
        "Is Covered By": null,
        "Has Openings": null,
        "Assigned Groups": null
    },
    "Element Location": {
        "Storeys Map": {
            "00_Betonplatte": {
                "Elevation": -0.54,
                "Unit": "meters"
            },
            "00_Eingang": {
                "Elevation": 0.0,
                "Unit": "meters"
            },
            "01_Galerie": {
                "Elevation": 2.92,
                "Unit": "meters"
            }
        },
        "Element Located in Storey": "00_Betonplatte",
        "Spatial Relationship": [
            {
                "name": "1072",
                "type": "IfcProject"
            },
            {
                "name": "Default",
                "type": "IfcSite"
            },
            {
                "name": "",
                "type": "IfcBuilding"
            },
            {
                "name": "00_Betonplatte",
                "type": "IfcBuildingStorey"
            }
        ]
    }
}