{
    "Element Metadata": {
        "Name": "Rohranschluss_Technikschnttelle_Nest:Kaltwasser:6271984",
        "UID": "662919",
        "GlobalId": "1Et2c94TXFAwSKPeylnBIk",
        "Type": "IfcBuildingElementProxy",
        "ObjectType": "Rohranschluss_Technikschnttelle_Nest:Kaltwasser",
        "Classification": "Not defined",
        "Decomposes": {},
        "Is Decomposed By": []
    },
    "Element Material Data": [
        {
            "IfcEntity": "IfcMaterial",
            "Material Name": "3D-Schnittmaterial",
            "Material Description": "Unknown",
            "Material Category": "Unknown",
            "Thickness": "Unknown",
            "Thickness unit": "Unknown"
        }
    ],
    "Element Geometry Data": {
        "Quantities (IFC)": {},
        "Geometric Representation": [
            "MappedRepresentation"
        ],
        "Quantities (COMPAS)": {
            "Net Volume": 68704.813,
            "Net Volume unit": "CUBIC_METRE",
            "Entire Surface Area": 11046.4776,
            "Entire Surface Area unit": "SQUARE_METRE"
        },
        "Bounding Box Dimensions (OBB - local frame)": {
            "X": 0.11,
            "Y": 0.03,
            "Z": 0.03,
            "Bounding Box Dimensions Unit": "METRE"
        },
        "Bounding Box Volume": 0.0001,
        "Real Volume to Bounding Box Volume Ratio": 687048129.9626,
        "Face Count (tessellated element)": {
            "Face Count": 1484
        },
        "Vertex Count (tessellated element)": {
            "Vertex Count": 1490
        },
        "Edge Count (tessellated element)": {
            "Edge Count": 2971
        },
        "Primary Object Axis (Cardinal Direction)": "N"
    },
    "Element Property Sets": {
        "Psets Element": {
            "Level": "Level: 00_Eingang",
            "Moves With Nearby Elements": "False",
            "Elevation from Level": "2824.21144000013",
            "Host": "Level : 00_Eingang",
            "Offset from Host": "2824.21144000013",
            "Area": "0.00552315647476166",
            "Depth": "111.578679617957",
            "Volume": "6.87015520285755e-05",
            "Edited by": "",
            "Workset": "Architecture",
            "Category": "Generic Models",
            "Family": "Rohranschluss_Technikschnttelle_Nest: Kaltwasser",
            "Family and Type": "Rohranschluss_Technikschnttelle_Nest: Kaltwasser",
            "Type": "Rohranschluss_Technikschnttelle_Nest: Kaltwasser",
            "Type Id": "Rohranschluss_Technikschnttelle_Nest: Kaltwasser",
            "Phase Created": "Zu Bauen"
        },
        "Psets Object Type": {
            "Constraints.Default Elevation": "0.0",
            "Dimensions.Diameter": "28.0",
            "Dimensions.Radius": "14.0",
            "Identity Data.Edited by": "",
            "Identity Data.Assembly Code": "",
            "Identity Data.Assembly Description": "",
            "Identity Data.Code Name": "",
            "Identity Data.OmniClass Number": "",
            "Identity Data.OmniClass Title": "",
            "Identity Data.Workset": "Family  : Generic Models : Rohranschluss_Technikschnttelle_Nest",
            "Identity Data.Type Name": "Kaltwasser",
            "Other.Category": "Generic Models",
            "Other.Family Name": "Rohranschluss_Technikschnttelle_Nest"
        }
    },
    "Element Relationships": {
        "Nests": null,
        "Is Nested By": null,
        "Covers": null,
        "Is Covered By": null,
        "Has Openings": null,
        "Assigned Groups": null
    },
    "Element Location": {
        "Storeys Map": {
            "00_Betonplatte": {
                "Elevation": -0.54,
                "Unit": "meters"
            },
            "00_Eingang": {
                "Elevation": 0.0,
                "Unit": "meters"
            },
            "01_Galerie": {
                "Elevation": 2.92,
                "Unit": "meters"
            }
        },
        "Element Located in Storey": "00_Eingang",
        "Spatial Relationship": [
            {
                "name": "1072",
                "type": "IfcProject"
            },
            {
                "name": "Default",
                "type": "IfcSite"
            },
            {
                "name": "",
                "type": "IfcBuilding"
            },
            {
                "name": "00_Eingang",
                "type": "IfcBuildingStorey"
            }
        ]
    }
}