{
    "Element Metadata": {
        "Name": "Rohranschluss_Technikschnttelle_Nest:MTE - Rücklauf:6271653",
        "UID": "661982",
        "GlobalId": "1Et2c94TXFAwSKPeylnBNx",
        "Type": "IfcBuildingElementProxy",
        "ObjectType": "Rohranschluss_Technikschnttelle_Nest:MTE - Rücklauf",
        "Classification": "Not defined",
        "Decomposes": {},
        "Is Decomposed By": []
    },
    "Element Material Data": [
        {
            "IfcEntity": "IfcMaterial",
            "Material Name": "3D-Schnittmaterial",
            "Material Description": "Unknown",
            "Material Category": "Unknown",
            "Thickness": "Unknown",
            "Thickness unit": "Unknown"
        }
    ],
    "Element Geometry Data": {
        "Quantities (IFC)": {},
        "Geometric Representation": [
            "MappedRepresentation"
        ],
        "Quantities (COMPAS)": {
            "Net Volume": 350239.9119,
            "Net Volume unit": "CUBIC_METRE",
            "Entire Surface Area": 32669.8708,
            "Entire Surface Area unit": "SQUARE_METRE"
        },
        "Bounding Box Dimensions (OBB - local frame)": {
            "X": 0.05,
            "Y": 0.05,
            "Z": 0.19,
            "Bounding Box Dimensions Unit": "METRE"
        },
        "Bounding Box Volume": 0.0005,
        "Real Volume to Bounding Box Volume Ratio": 700479823.7015,
        "Face Count (tessellated element)": {
            "Face Count": 1952
        },
        "Vertex Count (tessellated element)": {
            "Vertex Count": 1958
        },
        "Edge Count (tessellated element)": {
            "Edge Count": 3907
        },
        "Primary Object Axis (Cardinal Direction)": "E"
    },
    "Element Property Sets": {
        "Psets Element": {
            "Level": "Level: 00_Eingang",
            "Moves With Nearby Elements": "False",
            "Elevation from Level": "2427.00502000012",
            "Host": "Level : 00_Eingang",
            "Offset from Host": "2427.00502000012",
            "Area": "0.0163346904056693",
            "Depth": "191.153164492508",
            "Volume": "0.000350223288255016",
            "Edited by": "",
            "Workset": "Architecture",
            "Category": "Generic Models",
            "Family": "Rohranschluss_Technikschnttelle_Nest: MTE - Rücklauf",
            "Family and Type": "Rohranschluss_Technikschnttelle_Nest: MTE - Rücklauf",
            "Type": "Rohranschluss_Technikschnttelle_Nest: MTE - Rücklauf",
            "Type Id": "Rohranschluss_Technikschnttelle_Nest: MTE - Rücklauf",
            "Phase Created": "Zu Bauen"
        },
        "Psets Object Type": {
            "Constraints.Default Elevation": "0.0",
            "Dimensions.Diameter": "48.3",
            "Dimensions.Radius": "24.15",
            "Identity Data.Edited by": "",
            "Identity Data.Assembly Code": "",
            "Identity Data.Assembly Description": "",
            "Identity Data.Code Name": "",
            "Identity Data.OmniClass Number": "",
            "Identity Data.OmniClass Title": "",
            "Identity Data.Workset": "Family  : Generic Models : Rohranschluss_Technikschnttelle_Nest",
            "Identity Data.Type Name": "MTE - Rücklauf",
            "Other.Category": "Generic Models",
            "Other.Family Name": "Rohranschluss_Technikschnttelle_Nest"
        }
    },
    "Element Relationships": {
        "Nests": null,
        "Is Nested By": null,
        "Covers": null,
        "Is Covered By": null,
        "Has Openings": null,
        "Assigned Groups": null
    },
    "Element Location": {
        "Storeys Map": {
            "00_Betonplatte": {
                "Elevation": -0.54,
                "Unit": "meters"
            },
            "00_Eingang": {
                "Elevation": 0.0,
                "Unit": "meters"
            },
            "01_Galerie": {
                "Elevation": 2.92,
                "Unit": "meters"
            }
        },
        "Element Located in Storey": "00_Eingang",
        "Spatial Relationship": [
            {
                "name": "1072",
                "type": "IfcProject"
            },
            {
                "name": "Default",
                "type": "IfcSite"
            },
            {
                "name": "",
                "type": "IfcBuilding"
            },
            {
                "name": "00_Eingang",
                "type": "IfcBuildingStorey"
            }
        ]
    }
}