{
    "Element Metadata": {
        "Name": "Rohranschluss_Technikschnttelle_Nest:NTE - Vorlauf:6271685",
        "UID": "662243",
        "GlobalId": "1Et2c94TXFAwSKPeylnBMR",
        "Type": "IfcBuildingElementProxy",
        "ObjectType": "Rohranschluss_Technikschnttelle_Nest:NTE - Vorlauf",
        "Classification": "Not defined",
        "Decomposes": {},
        "Is Decomposed By": []
    },
    "Element Material Data": [
        {
            "IfcEntity": "IfcMaterial",
            "Material Name": "3D-Schnittmaterial",
            "Material Description": "Unknown",
            "Material Category": "Unknown",
            "Thickness": "Unknown",
            "Thickness unit": "Unknown"
        }
    ],
    "Element Geometry Data": {
        "Quantities (IFC)": {},
        "Geometric Representation": [
            "MappedRepresentation"
        ],
        "Quantities (COMPAS)": {
            "Net Volume": 535612.6572,
            "Net Volume unit": "CUBIC_METRE",
            "Entire Surface Area": 41241.418,
            "Entire Surface Area unit": "SQUARE_METRE"
        },
        "Bounding Box Dimensions (OBB - local frame)": {
            "X": 0.19,
            "Y": 0.06,
            "Z": 0.06,
            "Bounding Box Dimensions Unit": "METRE"
        },
        "Bounding Box Volume": 0.0007,
        "Real Volume to Bounding Box Volume Ratio": 765160938.9077,
        "Face Count (tessellated element)": {
            "Face Count": 2180
        },
        "Vertex Count (tessellated element)": {
            "Vertex Count": 2186
        },
        "Edge Count (tessellated element)": {
            "Edge Count": 4363
        },
        "Primary Object Axis (Cardinal Direction)": "N"
    },
    "Element Property Sets": {
        "Psets Element": {
            "Level": "Level: 00_Eingang",
            "Moves With Nearby Elements": "False",
            "Elevation from Level": "2423.76505000016",
            "Host": "Level : 00_Eingang",
            "Offset from Host": "2423.76505000016",
            "Area": "0.020620327169948",
            "Depth": "187.553997797854",
            "Volume": "0.000535587235209016",
            "Edited by": "",
            "Workset": "Architecture",
            "Category": "Generic Models",
            "Family": "Rohranschluss_Technikschnttelle_Nest: NTE - Vorlauf",
            "Family and Type": "Rohranschluss_Technikschnttelle_Nest: NTE - Vorlauf",
            "Type": "Rohranschluss_Technikschnttelle_Nest: NTE - Vorlauf",
            "Type Id": "Rohranschluss_Technikschnttelle_Nest: NTE - Vorlauf",
            "Phase Created": "Zu Bauen"
        },
        "Psets Object Type": {
            "Constraints.Default Elevation": "0.0",
            "Dimensions.Diameter": "60.3",
            "Dimensions.Radius": "30.15",
            "Identity Data.Edited by": "",
            "Identity Data.Assembly Code": "",
            "Identity Data.Assembly Description": "",
            "Identity Data.Code Name": "",
            "Identity Data.OmniClass Number": "",
            "Identity Data.OmniClass Title": "",
            "Identity Data.Workset": "Family  : Generic Models : Rohranschluss_Technikschnttelle_Nest",
            "Identity Data.Type Name": "NTE - Vorlauf",
            "Other.Category": "Generic Models",
            "Other.Family Name": "Rohranschluss_Technikschnttelle_Nest"
        }
    },
    "Element Relationships": {
        "Nests": null,
        "Is Nested By": null,
        "Covers": null,
        "Is Covered By": null,
        "Has Openings": null,
        "Assigned Groups": null
    },
    "Element Location": {
        "Storeys Map": {
            "00_Betonplatte": {
                "Elevation": -0.54,
                "Unit": "meters"
            },
            "00_Eingang": {
                "Elevation": 0.0,
                "Unit": "meters"
            },
            "01_Galerie": {
                "Elevation": 2.92,
                "Unit": "meters"
            }
        },
        "Element Located in Storey": "00_Eingang",
        "Spatial Relationship": [
            {
                "name": "1072",
                "type": "IfcProject"
            },
            {
                "name": "Default",
                "type": "IfcSite"
            },
            {
                "name": "",
                "type": "IfcBuilding"
            },
            {
                "name": "00_Eingang",
                "type": "IfcBuildingStorey"
            }
        ]
    }
}