{
    "Element Metadata": {
        "Name": "Systemelement:SageGlass VSG:1612785",
        "UID": "24596",
        "GlobalId": "0MeLU3GPHBbvnUpjYvUYjN",
        "Type": "IfcPlate",
        "ObjectType": "Systemelement:SageGlass VSG",
        "Classification": "Not defined",
        "Decomposes": {
            "Name": "Curtain Wall:Fassade 90 - Sage:1123983",
            "IfcEntity": "IfcCurtainWall",
            "GlobalId": "3pJOH7TkT6DO1BGpL4Z6BU"
        },
        "Is Decomposed By": []
    },
    "Element Material Data": [
        {
            "IfcEntity": "IfcMaterial",
            "Material Name": "Glas SageGlassClimatop",
            "Material Description": "Unknown",
            "Material Category": "Unknown",
            "Thickness": "Unknown",
            "Thickness unit": "Unknown"
        }
    ],
    "Element Geometry Data": {
        "Quantities (IFC)": {
            "Net Volume": 0.1348,
            "Net Volume unit": "CUBIC_METRE"
        },
        "Geometric Representation": [
            "MappedRepresentation"
        ],
        "Quantities (COMPAS)": {
            "Net Volume": 134830800.0,
            "Net Volume unit": "CUBIC_METRE",
            "Entire Surface Area": 5529000.0,
            "Entire Surface Area unit": "SQUARE_METRE"
        },
        "Bounding Box Dimensions (OBB - local frame)": {
            "X": 1.29,
            "Y": 2.01,
            "Z": 0.05,
            "Bounding Box Dimensions Unit": "METRE"
        },
        "Bounding Box Volume": 0.1296,
        "Real Volume to Bounding Box Volume Ratio": 1040361111.1111,
        "Face Count (tessellated element)": {
            "Face Count": 12
        },
        "Vertex Count (tessellated element)": {
            "Vertex Count": 24
        },
        "Edge Count (tessellated element)": {
            "Edge Count": 30
        },
        "Primary Object Axis (Cardinal Direction)": "Undefined"
    },
    "Element Property Sets": {
        "Psets Element": {
            "Level": "Level: 01_Galerie",
            "Area": "2.59290000000002",
            "Height": "2010.0",
            "Volume": "0.134830800000001",
            "Width": "1290.00000000001",
            "Edited by": "",
            "Workset": "Architecture",
            "Category": "Curtain Panels",
            "Host Id": "Curtain Wall: Fassade 90 - Sage",
            "Family": "Systemelement: SageGlass VSG",
            "Family and Type": "Systemelement: SageGlass VSG",
            "Type": "Systemelement: SageGlass VSG",
            "Type Id": "Systemelement: SageGlass VSG",
            "Phase Created": "Zu Bauen"
        },
        "Psets Object Type": {
            "Analytical Properties.Define Thermal Properties by": "Schematic Type",
            "Analytical Properties.Analytic Construction": "<None",
            "Constraints.Offset": "0.0",
            "Data.Unternehmer": "Pletscher / Kaufmann",
            "Dimensions.Thickness": "52.0",
            "Identity Data.Edited by": "",
            "Identity Data.Assembly Code": "",
            "Identity Data.Assembly Description": "",
            "Identity Data.Code Name": "",
            "Identity Data.OmniClass Number": "",
            "Identity Data.OmniClass Title": "",
            "Identity Data.Workset": "Family  : Curtain Panels : Systemelement",
            "Identity Data.Cost": "400.0",
            "Identity Data.Type Name": "SageGlass VSG",
            "Materials and Finishes.Material": "Glas SageGlassClimatop",
            "Other.Category": "Curtain Panels",
            "Other.Family Name": "Systemelement"
        }
    },
    "Element Relationships": {
        "Nests": null,
        "Is Nested By": null,
        "Covers": null,
        "Is Covered By": null,
        "Has Openings": null,
        "Assigned Groups": null
    },
    "Element Location": {
        "Storeys Map": {
            "00_Betonplatte": {
                "Elevation": -0.54,
                "Unit": "meters"
            },
            "00_Eingang": {
                "Elevation": 0.0,
                "Unit": "meters"
            },
            "01_Galerie": {
                "Elevation": 2.92,
                "Unit": "meters"
            }
        },
        "Element Located in Storey": "01_Galerie",
        "Spatial Relationship": [
            {
                "name": "Unknown",
                "type": "Unknown"
            }
        ]
    },
    "CompilationGroupID": "5e3171c413"
}