{
  "type": "materials",
  "path": "Dämmstoffe / Ortschaum / Mineralisch",
  "items": [
    {
      "UUID": "fd6ae0fa-4d2d-4005-9759-909e508751ab",
      "Name": "Airium cement-based insulation foam",
      "Standard Conformity": "'DIN EN 15804+A2' / 'ISO 14025'",
      "Country Code": "RER",
      "Declaration owner": "Holcim (Deutschland) GmbH",
      "Register Number": "EPD-HOC-20220204-IBD1-EN",
      "Reference Quantity": "1",
      "Reference": "m3",
      "Density (kg/m3)": "100.0"
    }
  ]
}