{
  "type": "materials",
  "path": "Dämmstoffe / Mineralwolle / Mineralwolle",
  "items": [
    {
      "UUID": "155a3b83-ed73-4462-a4f1-69ce64e24981",
      "Name": "Mineral wool insulation (high bulk density range)",
      "Standard Conformity": "'DIN EN 15804+A2' / 'ISO 14025'",
      "Country Code": "DE",
      "Declaration owner": "FMI Fachverband Mineralwolleindustrie e.V.",
      "Register Number": "EPD-FMI-20210018-IBG1-DE",
      "Reference Quantity": "1",
      "Reference": "m3",
      "Density (kg/m3)": "152.0"
    },
    {
      "UUID": "50d421e2-3a7b-4659-92a4-f20d6a52fcf0",
      "Name": "Mineral wool (facade insulation)",
      "Standard Conformity": "'EN 15804+A2 (EF 3.1)'",
      "Country Code": "DE",
      "Declaration owner": "Sphera Solutions GmbH",
      "Reference Quantity": "1",
      "Reference": "m3",
      "Density (kg/m3)": "46.25"
    },
    {
      "UUID": "60311c13-53d4-4cee-8777-1f9c9889b770",
      "Name": "Mineral wool (flat roof insulation)",
      "Standard Conformity": "'EN 15804+A2 (EF 3.1)'",
      "Country Code": "DE",
      "Declaration owner": "Sphera Solutions GmbH",
      "Reference Quantity": "1",
      "Reference": "m3",
      "Density (kg/m3)": "145.0"
    },
    {
      "UUID": "699e3d57-72b4-402d-a0ee-cebb06f3cdf1",
      "Name": "Mineral wool insulation (medium bulk density range)",
      "Standard Conformity": "'DIN EN 15804+A2' / 'ISO 14025'",
      "Country Code": "DE",
      "Declaration owner": "FMI Fachverband Mineralwolleindustrie e.V.",
      "Register Number": "EPD-FMI-20210017-IBG1-DE",
      "Reference Quantity": "1",
      "Reference": "m3",
      "Density (kg/m3)": "100.0"
    },
    {
      "UUID": "7395adfa-2a3f-43f1-be88-5d4a392968a5",
      "Name": "Mineral wool (blowable)",
      "Standard Conformity": "'EN 15804+A2 (EF 3.1)'",
      "Country Code": "DE",
      "Declaration owner": "Sphera Solutions GmbH",
      "Reference Quantity": "1",
      "Reference": "m3",
      "Density (kg/m3)": "50.0"
    },
    {
      "UUID": "a5b22bbe-175d-4aef-bb19-4954e699eb8c",
      "Name": "Mineral wool (partition walls insulation)",
      "Standard Conformity": "'EN 15804+A2 (EF 3.1)'",
      "Country Code": "DE",
      "Declaration owner": "Sphera Solutions GmbH",
      "Reference Quantity": "1",
      "Reference": "m3",
      "Density (kg/m3)": "26.25"
    },
    {
      "UUID": "ac779922-219f-4730-9aef-a7da84d334c1",
      "Name": "Mineral wool (floor insulation)",
      "Standard Conformity": "'EN 15804+A2 (EF 3.1)'",
      "Country Code": "DE",
      "Declaration owner": "Sphera Solutions GmbH",
      "Reference Quantity": "1",
      "Reference": "m3",
      "Density (kg/m3)": "85.0"
    },
    {
      "UUID": "bf54593c-7fe5-4804-90b4-99235f55702c",
      "Name": "Double skin steel faced sandwich panels with a core made of mineral wool",
      "Standard Conformity": "'DIN EN 15804+A2' / 'ISO 14025'",
      "Country Code": "RER",
      "Declaration owner": "European Association for Panels and Profiles e. V. (PPA-Europe)",
      "Register Number": "EPD-PPA-20240127-CBG2-EN",
      "Reference Quantity": "1",
      "Reference": "qm",
      "Area Weight (kg/m2)": "21.37"
    },
    {
      "UUID": "ceffefa2-299b-49d8-b9a6-4f759a546271",
      "Name": "FFB-VS",
      "Standard Conformity": "'DIN EN 15804+A2' / 'ISO 14025'",
      "Country Code": "RER",
      "Declaration owner": "fischerwerke GmbH & Co. KG",
      "Register Number": "EPD-FIW-20230532-CBA1-DE",
      "Reference Quantity": "1",
      "Reference": "m3",
      "Density (kg/m3)": "90.0"
    },
    {
      "UUID": "d3661bd8-0107-4081-987b-4bdd5cfcb68d",
      "Name": "Mineral wool (pitched roof insulation)",
      "Standard Conformity": "'EN 15804+A2 (EF 3.1)'",
      "Country Code": "DE",
      "Declaration owner": "Sphera Solutions GmbH",
      "Reference Quantity": "1",
      "Reference": "m3",
      "Density (kg/m3)": "30.0"
    },
    {
      "UUID": "f721d148-f727-4a55-b2e6-52ecb90e09be",
      "Name": "Mineral wool insulation (low bulk density range)",
      "Standard Conformity": "'DIN EN 15804+A2' / 'ISO 14025'",
      "Country Code": "DE",
      "Declaration owner": "FMI Fachverband Mineralwolleindustrie e.V.",
      "Register Number": "EPD-FMI-20210016-IBG1-DE",
      "Reference Quantity": "1",
      "Reference": "m3",
      "Density (kg/m3)": "24.0"
    },
    {
      "UUID": "fac3cb3b-e606-4f4c-8af2-a8a2af81df4c",
      "Name": "Sandwich elements with a top layer of steel on both sides and a core of mineral wool",
      "Standard Conformity": "'DIN EN 15804+A2' / 'ISO 14025'",
      "Country Code": "DE",
      "Declaration owner": "FALK Salzgitter GmbH",
      "Register Number": "EPD-SMM-20230036-IBA1-DE",
      "Reference Quantity": "1",
      "Reference": "qm",
      "Area Weight (kg/m2)": "19.3",
      "Density (kg/m3)": "105.0"
    }
  ]
}