{
  "type": "materials",
  "path": "Dämmstoffe / Wärmedämmverbundsystem / Wärmedämmverbundsystem",
  "items": [
    {
      "UUID": "18dd486c-bf09-44a7-bdb4-3996e3bb854c",
      "Name": "ETICS gluing and coating synthetic resin plaster",
      "Standard Conformity": "'EN 15804+A2 (EF 3.1)'",
      "Country Code": "DE",
      "Declaration owner": "Sphera Solutions GmbH",
      "Reference Quantity": "1",
      "Reference": "qm",
      "Area Weight (kg/m2)": "12.48"
    },
    {
      "UUID": "278ba020-5da0-4bfe-aa3c-477e02646244",
      "Name": "ETICS gluing and coating scratched plaster",
      "Standard Conformity": "'EN 15804+A2 (EF 3.1)'",
      "Country Code": "DE",
      "Declaration owner": "Sphera Solutions GmbH",
      "Reference Quantity": "1",
      "Reference": "qm",
      "Area Weight (kg/m2)": "35.18"
    },
    {
      "UUID": "2c031186-a7a9-43c2-abe6-1bb0dad15933",
      "Name": "ETICS gluing and coating mineral decor plaster",
      "Standard Conformity": "'EN 15804+A2 (EF 3.1)'",
      "Country Code": "DE",
      "Declaration owner": "Sphera Solutions GmbH",
      "Reference Quantity": "1",
      "Reference": "qm",
      "Area Weight (kg/m2)": "17.4"
    },
    {
      "UUID": "6d16dafc-0a4b-496a-9f3f-39c066bc0401",
      "Name": "External thermal insulation composite system EPS with rail fastening",
      "Standard Conformity": "'EN 15804+A2 (EF 3.1)'",
      "Country Code": "DE",
      "Declaration owner": "Sphera Solutions GmbH",
      "Reference Quantity": "1",
      "Reference": "qm",
      "Area Weight (kg/m2)": "14.848"
    },
    {
      "UUID": "7e8801e0-c0e4-4995-bf8a-883181f6aa20",
      "Name": "ETICS gluing and coating mineral lightweight plaster",
      "Standard Conformity": "'EN 15804+A2 (EF 3.1)'",
      "Country Code": "DE",
      "Declaration owner": "Sphera Solutions GmbH",
      "Reference Quantity": "1",
      "Reference": "qm",
      "Area Weight (kg/m2)": "11.4"
    },
    {
      "UUID": "b2b871e7-d328-4ae4-a5ef-460aebe1c763",
      "Name": "SN 40.01 - Modified flour",
      "Standard Conformity": "'EN 15804+A2' / 'ISO 14025'",
      "Country Code": "RER",
      "Declaration owner": "ceresan Erfurt GmbH",
      "Register Number": "EPD-Kiwa-EE-169737-EN",
      "Reference Quantity": "1",
      "Reference": "kg",
      "Density (kg/m3)": "530.0"
    },
    {
      "UUID": "b4cfc1a1-d1dc-413f-ab48-d6d52e498837",
      "Name": "ETICS gluing and coating silcate dispersion plaster",
      "Standard Conformity": "'EN 15804+A2 (EF 3.1)'",
      "Country Code": "DE",
      "Declaration owner": "Sphera Solutions GmbH",
      "Reference Quantity": "1",
      "Reference": "qm",
      "Area Weight (kg/m2)": "12.3"
    },
    {
      "UUID": "ba9c150e-4334-4bdf-ba93-337ea848c7ea",
      "Name": "ETICS gluing and coating silicate dispersion plaster",
      "Standard Conformity": "'EN 15804+A2 (EF 3.1)'",
      "Country Code": "DE",
      "Declaration owner": "Sphera Solutions GmbH",
      "Reference Quantity": "1",
      "Reference": "qm",
      "Area Weight (kg/m2)": "12.48"
    }
  ]
}