{
  "type": "materials",
  "path": "Beschichtungen / Reaktionsharze / Reaktionsharze auf PU-Basis",
  "items": [
    {
      "UUID": "2676fb36-11ba-495a-90bd-fa914d6e949f",
      "Name": "Liquid plastics for waterproofing buildings based on silane-modified polymer",
      "Standard Conformity": "'EN 15804+A2 (EF 3.1)'",
      "Country Code": "DE",
      "Declaration owner": "Sphera Solutions GmbH",
      "Reference Quantity": "1",
      "Reference": "kg"
    },
    {
      "UUID": "6011d211-b566-4595-8936-504d7d14eb77",
      "Name": "Products based on polyurethane, group 6",
      "Standard Conformity": "'DIN EN 15804+A2' / 'ISO 14025'",
      "Country Code": "RER",
      "Declaration owner": "FEICA - Association of the European Adhesive and Sealant Industry",
      "Register Number": "EPD-FEI-20220110-IBG1-EN",
      "Reference Quantity": "1",
      "Reference": "kg"
    },
    {
      "UUID": "705cf225-acec-40c8-a07b-ed7410ff98dc",
      "Name": "Products based on polyurethane, group 5",
      "Standard Conformity": "'DIN EN 15804+A2' / 'ISO 14025'",
      "Country Code": "RER",
      "Declaration owner": "FEICA - Association of the European Adhesive and Sealant Industry",
      "Register Number": "EPD-FEI-20220109-IBG1-EN",
      "Reference Quantity": "1",
      "Reference": "kg"
    },
    {
      "UUID": "8daf0b36-3412-4b31-92f8-c8d90a7a340f",
      "Name": "Products based on polyurethane or silane-modified polymer, group 4",
      "Standard Conformity": "'DIN EN 15804+A2' / 'ISO 14025'",
      "Country Code": "RER",
      "Declaration owner": "FEICA - Association of the European Adhesive and Sealant Industry",
      "Register Number": "EPD-FEI-20220108-IBG1-EN",
      "Reference Quantity": "1",
      "Reference": "kg"
    },
    {
      "UUID": "af0c67ea-0db9-4e63-835e-a234aaf22914",
      "Name": "Products based on polyurethane or silane-modified polymer, group 1",
      "Standard Conformity": "'DIN EN 15804+A2' / 'ISO 14025'",
      "Country Code": "RER",
      "Declaration owner": "FEICA - Association of the European Adhesive and Sealant Industry",
      "Register Number": "EPD-FEI-20220021-IBG1-EN",
      "Reference Quantity": "1",
      "Reference": "kg"
    },
    {
      "UUID": "c0cc816f-451b-4d42-a3e2-20564f649878",
      "Name": "Products based on polyurethane or silane-modified polymer, group 3",
      "Standard Conformity": "'DIN EN 15804+A2' / 'ISO 14025'",
      "Country Code": "RER",
      "Declaration owner": "FEICA - Association of the European Adhesive and Sealant Industry",
      "Register Number": "EPD-FEI-20220107-IBG1-EN",
      "Reference Quantity": "1",
      "Reference": "kg"
    },
    {
      "UUID": "de2e3dc4-8687-4bf9-9cd1-c7ed51bfe3a2",
      "Name": "Products based on polyurethane or silane-modified polymer, group 2",
      "Standard Conformity": "'DIN EN 15804+A2' / 'ISO 14025'",
      "Country Code": "RER",
      "Declaration owner": "FEICA - Association of the European Adhesive and Sealant Industry",
      "Register Number": "EPD-FEI-20220106-IBG1-EN",
      "Reference Quantity": "1",
      "Reference": "kg"
    },
    {
      "UUID": "e23fcf3f-c4a6-4e45-a97b-e5db88aa5fa0",
      "Name": "5.8.02. Polyurethane-based reactive resin, aqueous, solvent-free",
      "Standard Conformity": "'EN 15804+A2 (EF 3.1)'",
      "Country Code": "DE",
      "Declaration owner": "Sphera Solutions GmbH",
      "Reference Quantity": "1",
      "Reference": "kg"
    }
  ]
}