{
  "type": "materials",
  "path": "Dämmstoffe / Holzwolleplatten / Holzwolleleichtbauplatten",
  "items": [
    {
      "UUID": "136ac6b0-6973-472a-9eff-661911eaecd1",
      "Name": "Fibrolith® 2-layer panels made of mineral-bonded wood wool and mineral wool insulation",
      "Standard Conformity": "'DIN EN 15804+A2' / 'ISO 14025'",
      "Country Code": "DE",
      "Declaration owner": "Fibrolith Dämmstoffe GmbH",
      "Register Number": "EPD-FIB-20230461-IBC1-DE",
      "Reference Quantity": "1",
      "Reference": "qm",
      "Area Weight (kg/m2)": "14.6"
    },
    {
      "UUID": "1815c06b-97e4-49bd-8121-771505dfb5a2",
      "Name": "Heradesign acoustic panels Euroclass A2",
      "Standard Conformity": "'DIN EN 15804+A2' / 'ISO 14025'",
      "Country Code": "AT",
      "Declaration owner": "Knauf Ceiling Solutions GmbH & Co. KG",
      "Register Number": "EPD-KNA-20230208-IBI1-DE",
      "Reference Quantity": "1",
      "Reference": "qm",
      "Area Weight (kg/m2)": "18.12"
    },
    {
      "UUID": "3686129f-7ba6-48b5-bb4d-879455ad1bc2",
      "Name": "Fibrolith® mineral-bonded wood wool panels (mono-panels of building materials class B1)",
      "Standard Conformity": "'DIN EN 15804+A2' / 'ISO 14025'",
      "Country Code": "DE",
      "Declaration owner": "Fibrolith Dämmstoffe GmbH",
      "Register Number": "EPD-FIB-20230463-IBC1-DE",
      "Reference Quantity": "1000",
      "Reference": "kg",
      "Density (kg/m3)": "350.8"
    },
    {
      "UUID": "ac8de42f-3cff-4ca8-b8cc-c0db6daf089b",
      "Name": "Lightweight wood fibre panel",
      "Standard Conformity": "'EN 15804+A2 (EF 3.1)'",
      "Country Code": "DE",
      "Declaration owner": "Sphera Solutions GmbH",
      "Reference Quantity": "1",
      "Reference": "m3",
      "Density (kg/m3)": "360.0"
    },
    {
      "UUID": "bfa45a2b-0f25-4dea-b550-50f3d49a548f",
      "Name": "2.7.01. Melamine-coated lightweight board",
      "Standard Conformity": "'EN 15804+A2 (EF 3.1)'",
      "Country Code": "DE",
      "Declaration owner": "Sphera Solutions GmbH",
      "Reference Quantity": "1",
      "Reference": "kg",
      "Density (kg/m3)": "643.0"
    },
    {
      "UUID": "d654ea26-a0aa-4361-b01e-9281038f6a27",
      "Name": "Fibrolith® mineral-bonded wood wool panels (mono-panels of building materials class A2)",
      "Standard Conformity": "'DIN EN 15804+A2' / 'ISO 14025'",
      "Country Code": "DE",
      "Declaration owner": "Fibrolith Dämmstoffe GmbH",
      "Register Number": "EPD-FIB-20230464-IBC1-DE",
      "Reference Quantity": "1000",
      "Reference": "kg",
      "Density (kg/m3)": "494.4"
    },
    {
      "UUID": "d673e926-417a-4aca-ab93-a60b8130cbf9",
      "Name": "Fibrolith® lightweight panels/stable ventilation panels",
      "Standard Conformity": "'DIN EN 15804+A2' / 'ISO 14025'",
      "Country Code": "DE",
      "Declaration owner": "Fibrolith Dämmstoffe GmbH",
      "Register Number": "EPD-FIB-20230462-IBC1-DE",
      "Reference Quantity": "1000",
      "Reference": "kg",
      "Density (kg/m3)": "350.8"
    }
  ]
}