{
  "type": "materials",
  "path": "Holz / Vollholz / Brettschichtholz (BSH)",
  "items": [
    {
      "UUID": "5f0e3815-925b-4b54-ab3b-148017d4143d",
      "Name": "Schilliger Glued Laminated Timber according to EN 14080",
      "Standard Conformity": "'DIN EN 15804+A2' / 'ISO 14025'",
      "Country Code": "CH",
      "Declaration owner": "Schilliger Holz AG",
      "Register Number": "EPD-SLH-20230514-IBC3-DE",
      "Reference Quantity": "1",
      "Reference": "m3",
      "Density (kg/m3)": "424.0"
    },
    {
      "UUID": "69787b5c-495c-409f-bc5b-58af0dc39e56",
      "Name": "best wood BSH",
      "Standard Conformity": "'DIN EN 15804+A2' / 'ISO 14025'",
      "Country Code": "DE",
      "Declaration owner": "Holzwerk Gebr. Schneider GmbH",
      "Register Number": "EPD-HWS-20240044-IBA1-DE",
      "Reference Quantity": "1",
      "Reference": "m3",
      "Density (kg/m3)": "430.0"
    },
    {
      "UUID": "7688e355-8e03-4f2f-94dc-741052b78a02",
      "Name": "HASSLACHER CROSS LAMINATED TIMBER",
      "Standard Conformity": "'DIN EN 15804+A2' / 'ISO 14025'",
      "Country Code": "AT",
      "Declaration owner": "HASSLACHER Holding GmbH",
      "Register Number": "EPD-HAS-20210172-IBD1-DE",
      "Reference Quantity": "1",
      "Reference": "m3",
      "Density (kg/m3)": "470.0"
    },
    {
      "UUID": "78bfe151-3cf3-46cb-a1a5-61a79bbd5476",
      "Name": "Glued laminated timber - straight shapes (German average)",
      "Standard Conformity": "'EN 15804+A2' / 'EN 16485'",
      "Country Code": "DE",
      "Declaration owner": "Thünen-Institut für Holzforschung",
      "Reference Quantity": "1",
      "Reference": "m3",
      "Density (kg/m3)": "507.11"
    },
    {
      "UUID": "86138863-3c1c-4345-9ae9-03ba28a5f9a7",
      "Name": "Laminated timber planks coniferous wood (generic)",
      "Standard Conformity": "'EN 15804+A2 (EF 3.1)'",
      "Country Code": "DE",
      "Declaration owner": "Sphera Solutions GmbH",
      "Reference Quantity": "1",
      "Reference": "m3",
      "Density (kg/m3)": "515.2"
    },
    {
      "UUID": "ba8e3b37-f28b-4778-9e4c-336102cf589b",
      "Name": "Glued laminated timber",
      "Standard Conformity": "'DIN EN 15804+A2' / 'ISO 14025'",
      "Country Code": "AT",
      "Declaration owner": "Wiehag Timber Construction GmbH",
      "Register Number": "EPD-WIG-20240079-IBB1-DE",
      "Reference Quantity": "1",
      "Reference": "m3",
      "Density (kg/m3)": "466.0"
    },
    {
      "UUID": "c836b484-773f-4a07-9baa-c70da743ccea",
      "Name": "Glued laminated timber - special shapes (German average)",
      "Standard Conformity": "'EN 15804+A2' / 'EN 16485'",
      "Country Code": "DE",
      "Declaration owner": "Thünen-Institut für Holzforschung",
      "Reference Quantity": "1",
      "Reference": "m3",
      "Density (kg/m3)": "508.43"
    },
    {
      "UUID": "e8cf2935-ef5c-40db-a819-953a9ef12df8",
      "Name": "Glued laminated timber, glued solid timber, block glued glulam, special components",
      "Standard Conformity": "'DIN EN 15804+A2' / 'ISO 14025'",
      "Country Code": "EU-27",
      "Declaration owner": "HASSLACHER Holding GmbH",
      "Register Number": "EPD-HAS-20210171-IBD1-DE",
      "Reference Quantity": "1",
      "Reference": "m3",
      "Density (kg/m3)": "470.0"
    },
    {
      "UUID": "efa55966-4f29-4f15-bfec-8c08b3945923",
      "Name": "Glued laminated timber",
      "Standard Conformity": "'DIN EN 15804+A2' / 'ISO 14025'",
      "Country Code": "RER",
      "Declaration owner": "Rubner Holding AG - S.p.A.",
      "Register Number": "EPD-RUB-20230230-IBC1-DE",
      "Reference Quantity": "1",
      "Reference": "m3",
      "Density (kg/m3)": "464.0"
    }
  ]
}