Id,Name,Material Descriptor,Compiled,Elements Compiled,Layer Number,Length [m],Largest Surface Area [m^2],Volume [m^3]
aebc0975e3,Abdeckblech gerundet-neu:Abdeckblech gerundet-neu,<Unnamed>,True,2,0,33.18,309.2376,-968472700.9129
1fde2b1291,Basic Wall:3-Schichtplatte 27mm - Schalplatte,3-Schicht-Platte,True,8,0,37.3238,13.2503,0.3576
6d9cf675f7,Basic Wall:3-Schichtplatte 27mm B/C,3-Schicht-Platte,True,2,0,1.7031,3.7039,0.0999
16380cc63d,Basic Wall:3-Schichtplatte 27mm C+/C,3-Schicht-Platte,True,2,0,7.7979,2.8073,0.0757
30abe42a62,Basic Wall:3-Schichtplatte 40mm,3-Schicht-Platte,True,2,0,0.9,2.2834,0.0913
ce0cc1e825_L1,Basic Wall:Blechverkleidung gedämmt (L1),"Stahl, 45-34, Pulverbeschichtung schwarz",True,6,1,0.6939,1.2595,0.0037
ce0cc1e825_L2,Basic Wall:Blechverkleidung gedämmt (L2),Wärmedämmung Slentex Aerogel,True,6,2,0.6939,1.2595,0.0571
ce0cc1e825_L3,Basic Wall:Blechverkleidung gedämmt (L3),"Stahl, 45-34, Pulverbeschichtung schwarz",True,6,3,0.6939,1.2595,0.0037
cb2d94d550,Basic Wall:Brandschutzplatte 28mm,Gipsfaserplatte,True,3,0,4.9986,9.3225,0.2607
65d0e0c8a6,Basic Wall:BSP 140 - 5s,Brettschichtholz C24,True,10,0,54.34,120.8568,13993472991.53
ff0022f92c,Basic Wall:BSP 140 - 5s (2),Brettschichtholz C24,True,16,0,24.1715,49.5285,6.9166
325c6f48a0,Basic Wall:BSP 140 Sichtseite einseitig,Brettsperrholz,True,9,0,27.24,61.2555,7312744652.3738
a5c867b4fd,Basic Wall:BSP 140 Sichtseite einseitig (2),Brettsperrholz,True,2,0,2.37,7.5063,0.9909
369c58d53c,Basic Wall:Fensterlaibung 24mm,"Massivholz Fichte, schwarz lasiert",True,2,0,0.44,0.9312,0.0224
6125c4d99e,Basic Wall:Fensterlaibung 40mm,"Massivholz Fichte, schwarz lasiert",True,2,0,0.392,0.8664,0.0346
031893e96a,Basic Wall:Gipsfaserplatte Vidiwall 15mm,Gipsfaserplatte,True,5,0,9.0553,16.2994,0.2444
f17ad5cce9_L1,Basic Wall:Holzbau_Archisonic_Vorbauschale (L1),Archisonic Charcoal,True,18,1,10.7162,25.8666,0.31
f17ad5cce9_L2,Basic Wall:Holzbau_Archisonic_Vorbauschale (L2),MDF,True,18,2,10.7162,25.8666,0.31
78593db8a4_L1,Basic Wall:Holzfassade hinterlüftet (L1),"Holzschalung Vertikal, Nadelholz,  schwarz gestrichen",True,3,1,30.32,73.646,1097852879.7021
78593db8a4_L2,Basic Wall:Holzfassade hinterlüftet (L2),Luft,True,3,2,30.32,73.646,1646779319.5532
78593db8a4_L3,Basic Wall:Holzfassade hinterlüftet (L3),Luft,True,3,3,30.32,73.646,2195705759.4042
ff0919332f,Basic Wall:Holzfassade_Hinterlüftet_Laibung,"Holzschalung Vertikal, Nadelholz,  schwarz gestrichen",True,5,0,5.1492,16.3305,0.3234
5376ff48b3,Basic Wall:Holzfassade_Hinterlüftet_Laibung (2),"Holzschalung Vertikal, Nadelholz,  schwarz gestrichen",True,4,0,23.516,0.0476,0.242
dfff60526d,Basic Wall:Holzfassade_Hinterlüftet_OhneUK,"Holzschalung Vertikal, Nadelholz,  schwarz gestrichen",True,3,0,2.9335,6.1872,0.1295
7b9763d32a_L1,Basic Wall:Innenwandelement Archisonic abnehmbar (L1),Archisonic Charcoal,True,30,1,16.7907,33.5067,0.4016
7b9763d32a_L2,Basic Wall:Innenwandelement Archisonic abnehmbar (L2),MDF,True,30,2,16.7907,33.5067,0.4016
3ece908374_L1,Basic Wall:Innenwandelement Archisonic abnehmbar mit Einschnitten (L1),Archisonic Charcoal,True,7,1,4.6225,8.9557,0.1064
3ece908374_L2,Basic Wall:Innenwandelement Archisonic abnehmbar mit Einschnitten (L2),MDF,True,7,2,4.6225,8.9557,0.1064
75d64ea952_L1,Basic Wall:Innenwandelement Archisonic fix (L1),Archisonic Charcoal,True,7,1,3.7362,7.6364,0.0788
75d64ea952_L2,Basic Wall:Innenwandelement Archisonic fix (L2),MDF,True,7,2,3.7362,7.6364,0.0788
6621a241af_L1,Basic Wall:Innenwandelement Archisonic fix ohne Einschnitte (L1),Archisonic Charcoal,True,10,1,5.5027,10.4326,0.125
6621a241af_L2,Basic Wall:Innenwandelement Archisonic fix ohne Einschnitte (L2),MDF,True,10,2,5.5027,10.4326,0.125
f3de7c9098,Basic Wall:Innenwandelement Archisonic ohne MDF,Archisonic Charcoal,True,18,0,17.6819,11.7994,0.1417
d372e74286,Basic Wall:KVH Balken 120mm,Brettschichtholz C24,True,11,0,43.933,9.3071,1.1024
6f5992e3c2,Basic Wall:Massivholz 24mm,Massivholz Fichte,True,4,0,0.3678,0.9548,0.0231
795c75da48,Basic Wall:Purenit Fusspunkt,Purenit,True,5,0,27.69,7.5912,176444944.6374
6bc3c88965,Basic Wall:Purenit Fusspunkt (2),Purenit,True,4,0,2.6511,0.9442,0.0235
c7d2a47639,Basic Wall:PV Fassade Terasse,Körpermodell,True,5,0,6.1,18.3854,0.1471
23b6fd65cb_L1,Basic Wall:Wärmedämmung_200 (L1),"Wärmedämmung Mineralwolle, 0.035 W/mK",True,4,1,12.5475,19.415,1.925
23b6fd65cb_L2,Basic Wall:Wärmedämmung_200 (L2),"Wärmedämmung Mineralwolle, 0.035 W/mK",True,4,2,12.5475,19.415,1.925
0087876720_L1,Basic Wall:Wärmedämmung_200 (2) (L1),"Wärmedämmung Mineralwolle, 0.035 W/mK",True,6,1,29.77,85.4521,6675906226.1433
0087876720_L2,Basic Wall:Wärmedämmung_200 (2) (L2),"Wärmedämmung Mineralwolle, 0.035 W/mK",True,6,2,29.77,85.4521,6675906226.1433
f9691ec733,Basic Wall:Wärmedämmung_Mineralwolle_130,"Wärmedämmung Mineralwolle, 0.035 W/mK",True,3,0,10.8,4.996,622319059.0568
f072382038,Basic Wall:Wärmedämmung_Mineralwolle_130 (2),"Wärmedämmung Mineralwolle, 0.035 W/mK",True,2,0,8.325,2.6788,0.3483
524838fce2,Basic Wall:Wärmedämmung_Mineralwolle_20,"Wärmedämmung Mineralwolle, 0.035 W/mK",True,2,0,1.9515,5.4133,0.1081
c923413f81,Basic Wall:Wärmedämmung_Mineralwolle_90,"Wärmedämmung Mineralwolle, 0.035 W/mK",True,2,0,20.986,10.228,0.92
c28b42ec07,BSH Stütze - rechteckig:KVH 60 x 60,Holz Brettschicht - C24 Cl.1,True,73,0,153.27,9.1962,0.5536
19942f0dfa,BSH Träger - rechteckig:Holz 140 x 240,Brettschichtholz C24,True,3,0,15.357,3.6192,0.5053
32bb5170ae,Einlauf Contec Tube:DN75,3D-Schnittmaterial,True,2,0,0.54,0.1296,581029.568
448caec44f,"Fenster Forster Unico:Kippfenster mit Kettenantrieb, Sage Glas",Unknown,True,7,0,8.89,6.1341,363271075.4603
81201c5ae7,"Fenster Forster Unico:Kippfenster mit Kettenantrieb, Sage Glas (2)",<Unnamed>,True,4,0,0.0,0.0,0.0
734607c530,Floor:3-Schichplatte 19mm,3-Schicht-Platte,True,5,0,13.18,8.3574,0.1512
d648f1c1c4,Floor:3-Schichtplatte 27mm B/C Rinnen,3-Schicht-Platte,True,2,0,5.21,1.9345,0.0521
38ad939f44,Floor:3-Schichtplatte 27mm B/C Rinnen (2),3-Schicht-Platte,True,2,0,10.56,5.742,0.1493
bea71849e1,Floor:Betonauflager,Beton,True,3,0,4.56,4.0436,1.1225
09f7047f0a_L1,Floor:Dachaufbau Brüstung Dämmung (L1),"Wärmedämmung Mineralwolle, 0.035 W/mK",True,2,1,23.15,18.5772,1.7711
09f7047f0a_L2,Floor:Dachaufbau Brüstung Dämmung (L2),"Wärmedämmung Mineralwolle, 0.035 W/mK",True,2,2,23.15,18.5772,1.7711
c3b0cb3f28,Floor:Dachaufbau Brüstung Galerie,Unknown,True,3,0,23.45,16.0204,1.2768
d20d68a4b7_L1,Floor:Dämmung Galerie (L1),"Wärmedämmung Mineralwolle, 0.035 W/mK",True,3,1,10.5,7.2514,0.6289
d20d68a4b7_L2,Floor:Dämmung Galerie (L2),"Wärmedämmung Mineralwolle, 0.035 W/mK",True,3,2,10.5,7.2514,0.6289
7f5669cfcb,Floor:Fensterbank 40mm,"Holzschalung Horizontal, Nadelholz,  schwarz gestrichen",True,3,0,11.0,2.775,0.0986
50141ec7a2_L1,Floor:Funicular Floor (L1),Spachtelmasse Boden,True,2,1,10.43,51.2144,0.4214
50141ec7a2_L2,Floor:Funicular Floor (L2),"Beton, Ortbeton",True,2,2,10.43,51.2144,14.7491
d43d337978,Floor:OSB 22mm,OSB,True,2,0,11.01,57.1101,1.0376
763e457390,Floor:OSB 25mm,OSB,True,2,0,10.77,55.7034,1.1662
01982f91ae,Floor:Perimeterdämmung,Wärmedämmung XPS,True,2,0,6.93,6.93,0.555
0a91634d5e,Holz Träger - rechteckig:Alu Eurotec 40 x 60,Aluminum - Flat - Version 1.1,True,10,0,45.703,2.7258,0.1088
4d32a54e8e,Holz Träger - rechteckig:Holz 60 x 200,Holz - C 24 Cl.1,True,2,0,4.358,0.9592,0.0575
33340139eb,Pfosten rechteckig:Forster 60 x 130 - Nur Pfosten,"Stahl, 45-34, Pulverbeschichtung schwarz",True,15,0,5.5848,0.728,0.0435
741d9c7f22,Pfosten rechteckig:Forster 60 x 130,"Stahl, 45-34, Pulverbeschichtung schwarz",True,115,0,70.538,15.3604,0.7284
883fcab506,Pfosten rechteckig:Forster 60 x 90 - Nur Pfosten,"Stahl, 45-34, Pulverbeschichtung schwarz",True,14,0,7.1134,0.6399,0.039
cc9b440faa,Pfosten rechteckig:Forster 60 x 90,"Stahl, 45-34, Pulverbeschichtung schwarz",True,62,0,66.5142,11.169,0.5121
75762e6adc,Pfosten rechteckig:ForsterUnico,"Stahl, 45-34, Pulverbeschichtung schwarz",True,85,0,52.9938,4.2576,0.1922
c658e6abba,Rohranschluss_Technikschnttelle_Nest:HEI - Rücklauf,3D-Schnittmaterial,True,2,0,0.38,0.0152,536223.2082
029ca384e1,Rohranschluss_Technikschnttelle_Nest:HEI - Vorlauf,3D-Schnittmaterial,True,2,0,0.32,0.0128,453411.0377
e610cae9a2,Systemelement:Contraflam EI30,Glas EI30,True,7,0,9.89,10.1643,0.4554
e3b11c95ba,Systemelement:Dämmelement,Wärmedämmung druckfest,True,29,0,36.11,16.6486,0.3329
5e3171c413,Systemelement:SageGlass VSG,Glas SageGlassClimatop,True,12,0,22.4,29.991,1.5586
2fc8bbc0c1,Systemelement:SageGlass VSG Sonderform,Glas SageGlassClimatop,True,26,0,40.03,43.7504,1.7642
f235024de1,TU DF 1 - Pfostenstock Falztüre:DL - 900 x 2130,Unknown,True,2,0,4.7,4.982,215463773.4464
07OV_Qt_vCaPpDtuenC0bv,1072_200731_Funicular Floors Vorspannung 3D_kg.3dm:1072_200731_Funicular Floors Vorspannung 3D_kg.3dm:6206686,Unknown,False,1,0,15.83,83.7407,12230063.1543
3F0C$S43P1ZRg2TjWrCk52,1072_210525_TreppeInnenRevitExport_MK:1072_210525_TreppeInnenRevitExport_MK:7935324,Unknown,False,1,0,0.0,0.0,0.0
2P1Lw8yun3pBsrFxTc_j0l,1072_210621_HiLo_Aussengeländer West_mk:1072_210621_HiLo_Aussengeländer West_mk:7935201,Unknown,False,1,0,3.15,3.024,9085714.1966
2P1Lw8yun3pBsrFxTc_j79,1072_211122_HiLo_TerrasseExportPletscher_MK_001:1072_211122_HiLo_TerrasseExportPletscher_MK_001:7935239,Unknown,False,1,0,13.23,166.4334,7540047474.3628
0JcKt5yGn6Lx0h6cIR0YC$,181012_1072_HiLoextendedshapePanelsWiresOnly_rok_MK.3dm:181012_1072_HiLoextendedshapePanelsWiresOnly_rok_MK.3dm:3205382,<Unnamed>,False,1,0,0.01,0.0001,0.0
2yJbbEqSPDc8j9KFU1qo7s,2021-Hilo_ASF_Construction v9_003:2021-Hilo_ASF_Construction v9_003:6549949,<Unnamed>,False,1,0,0.0,9.256,0.0561
3CfkjHPHr7huZjPEhmDFd6,Abzug Sprinkler:Abzug Sprinkler:5700206,Körpermodell,False,1,0,0.19,0.0095,367848.3868
34GTDrn6T9bPcoCQwImKAw,Anschlussgeometrie_FunicularFloorLueftung:Anschlussgeometrie_FunicularFloorLueftung:6210148,Unknown,False,1,0,2.12,0.1696,1602008.3372
0AUqYOipD7ohrIsOnF3NOk,Assembled Stair:Stair:1458173 Landing 1,Stahl,False,1,0,0.96,0.2208,0.0022
0AUqYOipD7ohrIsOnF3NTs,Assembled Stair:Stair:1458173 Run 1,Stahl,False,1,0,3.915,4.6944,0.0656
3R$9pJGeb6MgJpHJQymJSF,Atikkabrett:Atikkabrett:6717985,Massivholz,False,1,0,18.35,116.706,0.1636
3R$9pJGeb6MgJpHJQymSjh,Attika Abdeckung:Attika Abdeckung:6716997,Unknown,False,1,0,8.83,34.6136,0.0719
1lNlPQ7XT5RQ2wbJSTuGUj,Attikablech Galerie Südost:Attikablech Galerie Südost:6350725,Unknown,False,1,0,5.51,3.1958,4949270.2624
1lNlPQ7XT5RQ2wbJSTuGdX,Attikablech Galerie Südwest:Attikablech Galerie Südwest:6351305,Unknown,False,1,0,8.85,35.8425,9739792.5951
3R$9pJGeb6MgJpHJQymJTA,Attikabrett:Attikabrett:6718052,Unknown,False,1,0,5.5,3.3,0.0367
2b2$zMtOD2SQL3ltF3MWGZ,Basic Wall:3-Schichtplatte 27mm C+/C:3384320,3-Schicht-Platte,False,1,0,11.37,5.7987,140514929.3441
3_kqkSEVjFfA5bkOsNwaii,Basic Wall:Brandschutzplatte:5251017,3-Schicht-Platte,False,1,0,4.72,2.4072,51980554.6736
3D$hiogd117g3okR4n43_p,Basic Wall:Brandschutzplatte:5421172,3-Schicht-Platte,False,1,0,3.7,1.8981,0.0531
0XxTIRndPDswCFuTTPaYEK_L1,Basic Wall:Holzfassade hinterlüftet:1434444 (L1),"Holzschalung Vertikal, Nadelholz,  schwarz gestrichen",False,1,1,6.2899,11.9508,0.2384
0XxTIRndPDswCFuTTPaYEK_L2,Basic Wall:Holzfassade hinterlüftet:1434444 (L2),Luft,False,1,2,6.2899,11.9508,0.3576
0XxTIRndPDswCFuTTPaYEK_L3,Basic Wall:Holzfassade hinterlüftet:1434444 (L3),Luft,False,1,3,6.2899,11.9508,0.4768
1dVujdEGf0jAkYJBqtyZ1W,Basic Wall:Technikschnittstelle:6225020,Gipsfaserplatte,False,1,0,3.55,5.2895,131655221.455
08$9xERYLE6RtehkhfI5yK,Basic Wall:Wärmedämmung_Mineralwolle_80:2896771,"Wärmedämmung Mineralwolle, 0.035 W/mK",False,1,0,0.124,0.3255,0.0244
2OOgpQZObEZwXdl1UXorlb,Basic Wall:Wärmedämmung_Mineralwolle_80:5774682,"Wärmedämmung Mineralwolle, 0.035 W/mK",False,1,0,11.77,13.5355,1072795735.3197
3PSzbSor5DzehfFtR_jj_6,Basic Wall:Wärmedämmung_Slentex 70:687731,Wärmedämmung Slentex Aerogel,False,1,0,0.7241,2.2605,0.1582
2lKHuWZur3SwHp3ySgW6UM,Blechabdeckung Brüstung:Blechabdeckung Brüstung:7933804,Unknown,False,1,0,18.38,117.2644,22132119.8899
1GYJkCWSXDPAizLcwxbAKl,Bleche Fassade_V6:Bleche Fassade_V6:4910201,Material 4,False,1,0,16.62,118.833,64572459.004
3WNoAUw3v8hfBwz_zVQKXI,BSH Stütze - rechteckig:BSH 140 x 140:5646328,Brettsperrholz,False,1,0,2.74,0.3836,0.0538
0OrKp320H5Yf_7RHyEphUy,BSH Träger - rechteckig:BSH Holz 240 x 240:2844654,Brettschichtholz C24,False,1,0,5.3,1.26,0.2938
1s7hF4kkb7XRX_dK$UQExS,Contec_NotueberlaufEckig:Contec_NotueberlaufEckig:7131598,3D-Schnittmaterial,False,1,0,0.34,0.102,1036905.6149
2TLYsKbtX0nh0z8PYscOBM,Dachdämmung_V3:Dachdämmung_V3:5659319,Material 2,False,1,0,0.0,77.7005,0.0
0nK9oFqBX9tfLI4$NtgMoA,Einfügepunkt:Einfügepunkt:5139138,Körpermodell,False,1,0,0.06,0.0036,17670.3904
2CLn4ZUSr8B8TuzLO7ROP3,Einlauf Contec Tube:DN110:6763225,3D-Schnittmaterial,False,1,0,0.3,0.072,390889.9137
2BG9j1Bgb2xOV69dnpdgb9,FE TÜR 3 tlg - DK-Fix im Rahmen-DK:Fenster Büro1:1813086,Unknown,False,1,0,3.32,7.5364,374947729.8448
2BG9j1Bgb2xOV69dnpdgeX,FE TÜR 3 tlg - DK-Fix im Rahmen-DK:Fenster Büro2:1812790,Unknown,False,1,0,3.99,9.0573,444627793.8462
2HRNy9Dlv5uw9UESvb_JkV,Floor:3-Schichtplatte 27mm B/C:4895632,3-Schicht-Platte,False,1,0,16.23,77.2548,0.1159
0mZKsgvRH1Mhc20hMTKOGe,Floor:3-Schichtplatte 40mm:5206093,Massivholz,False,1,0,1.21,0.5445,0.0218
0hwsZ_JYbDhgh3xE2hTxxt,Floor:Betonauflager 15cm:3980840,Beton,False,1,0,1.48,0.9324,0.1336
1ToJR57Y16uvjKSTB4E_Uw,Floor:Boden BSP 120 - 5s:1353113,Brettsperrholz,False,1,0,16.66,88.298,2.4818
2ro6NVukjA0hxWwZJgTpIl,Floor:Boden BSP 120 - 5s:729845,Brettsperrholz,False,1,0,7.97,25.1852,0.6181
3PSzbSor5DzehfFtR_jjmV,Floor:Bodenaufbau Hauptgeschoss:687594,Unknown,False,1,0,7.79,56.5554,17.0593
17eMdncQP0cPM7MCmsTKi8,Floor:Bodenaufbau Hauptgeschoss ohne FBH:5900012,Unknown,False,1,0,17.43,115.3866,27.9729
0XxTIRndPDswCFuTTPaYIN,Floor:BSP 160 - 5s:1434703,Brettsperrholz,False,1,0,16.94,94.6946,2.7814
2uvY1DJi929x4ZbMR9rWjH,Floor:Fensterbank 24mm:6737713,"Holzschalung Horizontal, Nadelholz,  schwarz gestrichen",False,1,0,3.2,0.704,0.0169
1ToJR57Y16uvjKSTB4E_TQ_L1,Floor:Galerie Fussbodenaufbau:1353081 (L1),PU Bodenbelag - Sika PS23,False,1,1,16.83,107.712,0.2672
1ToJR57Y16uvjKSTB4E_TQ_L2,Floor:Galerie Fussbodenaufbau:1353081 (L2),Knauf - Vidiwall,False,1,2,16.83,107.712,1.0019
1ToJR57Y16uvjKSTB4E_TQ_L3,Floor:Galerie Fussbodenaufbau:1353081 (L3),Knauf - Brio Heizboden 25,False,1,3,16.83,107.712,1.6699
1ToJR57Y16uvjKSTB4E_TQ_L4,Floor:Galerie Fussbodenaufbau:1353081 (L4),Trittschalldämmung Flumroc 341,False,1,4,16.83,107.712,2.0039
3fl00qHO16BwCmbpQP9mlL,Floor:Gitterrost schwarz:354156,Zink Gitter,False,1,0,4.18,2.4244,0.042
3ZnJlnBePBXQGgUrEPS3c7,Floor:Massivholz 24mm:6301249,Massivholz Fichte,False,1,0,2.05,0.287,0.0068
0plsFTxFrAH8fTRVJG6Lb8,Floor:Mehrschichtplatte 50mm:3167216,3-Schicht-Platte,False,1,0,5.5,3.795,0.1494
3dHkNX9eXDKekm9KvP4T_n,Floor:Terrassenbelag Holzlattung Douglasie:7269453,Terrassenbelag Holz,False,1,0,8.57,19.3682,0.3438
3FWYQdBzL92vc$OVs8UAaq,Haustechnik_Platzhalter:Pury Ausseneinheit:6192195,3D-Schnittmaterial,False,1,0,1.5,1.38,1045304000.0
1Et2c94TXFAwSKPeylnBiH,Montageraum Elektro:Montageraum Elektro:6274127,3D-Schnittmaterial,False,1,0,2.33,0.9087,180483570.0616
1Et2c94TXFAwSKPeylnBlG,Montageraum Elektro1:Montageraum Elektro:6274190,3D-Schnittmaterial,False,1,0,2.33,0.9087,180526558.9719
1Et2c94TXFAwSKPeylnBH_,Rohranschluss_Technikschnttelle_Nest:E-Gelbwasser:6271776,3D-Schnittmaterial,False,1,0,0.12,0.0072,381123.2485
1Et2c94TXFAwSKPeylnBH8,Rohranschluss_Technikschnttelle_Nest:E-Grauwasser leicht:6271766,3D-Schnittmaterial,False,1,0,0.11,0.0099,720182.2496
1Et2c94TXFAwSKPeylnBMe,Rohranschluss_Technikschnttelle_Nest:E-Grauwasser schwer:6271734,3D-Schnittmaterial,False,1,0,0.11,0.0099,690108.5009
1Et2c94TXFAwSKPeylnBHY,Rohranschluss_Technikschnttelle_Nest:E-Regenwasser:6271804,3D-Schnittmaterial,False,1,0,0.11,0.0121,1092715.3863
1Et2c94TXFAwSKPeylnBGM,Rohranschluss_Technikschnttelle_Nest:E-Schmutzwasser:6271816,3D-Schnittmaterial,False,1,0,0.11,0.0121,1025263.3578
1Et2c94TXFAwSKPeylnBGC,Rohranschluss_Technikschnttelle_Nest:E-Schwarzwasser:6271826,3D-Schnittmaterial,False,1,0,0.13,0.0143,1224437.8736
1Et2c94TXFAwSKPeylnBCG,Rohranschluss_Technikschnttelle_Nest:Grauwasser aufbereitet:6272078,3D-Schnittmaterial,False,1,0,0.11,0.0033,59240.3745
1Et2c94TXFAwSKPeylnBIk,Rohranschluss_Technikschnttelle_Nest:Kaltwasser:6271984,3D-Schnittmaterial,False,1,0,0.11,0.0033,68704.813
1Et2c94TXFAwSKPeylnBNx,Rohranschluss_Technikschnttelle_Nest:MTE - Rücklauf:6271653,3D-Schnittmaterial,False,1,0,0.19,0.0095,350239.9119
1Et2c94TXFAwSKPeylnBNl,Rohranschluss_Technikschnttelle_Nest:MTE - Vorlauf:6271665,3D-Schnittmaterial,False,1,0,0.19,0.0095,344132.8984
1Et2c94TXFAwSKPeylnBNY,Rohranschluss_Technikschnttelle_Nest:NTE - Rücklauf:6271676,3D-Schnittmaterial,False,1,0,0.19,0.0114,531475.703
1Et2c94TXFAwSKPeylnBMR,Rohranschluss_Technikschnttelle_Nest:NTE - Vorlauf:6271685,3D-Schnittmaterial,False,1,0,0.19,0.0114,535612.6572
1Et2c94TXFAwSKPeylnBD2,Rohranschluss_Technikschnttelle_Nest:Regenwasser aufbereitet:6272028,3D-Schnittmaterial,False,1,0,0.11,0.0033,59240.3745
1Et2c94TXFAwSKPeylnBC2,Rohranschluss_Technikschnttelle_Nest:Regenwasser Trinkwasser:6272092,3D-Schnittmaterial,False,1,0,0.11,0.0022,42414.706
1YKyzAV3HA3hGaVYlxUqa8,Shell_V12:Shell_V12:5294566,"Concrete, Lightweight",False,1,0,0.0,281.8965,11.5047
1Tv0YGeiT2fAVW5nnqum0c,TU DF 1 - Rahmenstock flächenbündig variabel:DL - H - 900 x 2130 - EI 30:5464826,Unknown,False,1,0,2.13,2.1087,99961716.7232
1a1$QVmKz8nRXZVkIMOOBt,Tür Forster Unico:Ausstattung Sage Glas:2668518,Unknown,False,1,0,2.17,2.6908,128862288.0
