﻿Element Name;Material Descriptor;Layer Number;Type;JSON format;IFC Model;Design Stage;Typology
1072_200731_Funicular Floors Vorspannung 3D_kg.3dm:1072_200731_Funicular Floors Vorspannung 3D_kg.3dm:6206686;Not defined;;IfcBuildingElementProxy;Element;HiLo;Late;Living Lab
1072_210525_TreppeInnenRevitExport_MK:1072_210525_TreppeInnenRevitExport_MK:7935324;Not defined;;IfcBuildingElementProxy;Element;HiLo;Late;Living Lab
1072_210621_HiLo_Aussengeländer West_mk:1072_210621_HiLo_Aussengeländer West_mk:7935201;Not defined;;IfcBuildingElementProxy;Element;HiLo;Late;Living Lab
1072_211122_HiLo_TerrasseExportPletscher_MK_001:1072_211122_HiLo_TerrasseExportPletscher_MK_001:7935239;Not defined;;IfcBuildingElementProxy;Element;HiLo;Late;Living Lab
181012_1072_HiLoextendedshapePanelsWiresOnly_rok_MK.3dm:181012_1072_HiLoextendedshapePanelsWiresOnly_rok_MK.3dm:3205382;<Unnamed>;;IfcRoof;Element;HiLo;Late;Living Lab
2021-Hilo_ASF_Construction v9_003:2021-Hilo_ASF_Construction v9_003:6549949;<Unnamed>;;IfcBuildingElementProxy;Element;HiLo;Late;Living Lab
Abdeckblech gerundet-neu:Abdeckblech gerundet-neu:6385866;<Unnamed>;;IfcBuildingElementProxy;Element;HiLo;Late;Living Lab
Abzug Sprinkler:Abzug Sprinkler:5700206;Körpermodell;;IfcBuildingElementProxy;Element;HiLo;Late;Living Lab
Anschlussgeometrie_FunicularFloorLueftung:Anschlussgeometrie_FunicularFloorLueftung:6210148;Not defined;;IfcBuildingElementProxy;Element;HiLo;Late;Living Lab
Assembled Stair:Stair:1458173 Landing 1;Stahl;;IfcSlab;Element;HiLo;Late;Living Lab
Assembled Stair:Stair:1458173 Run 1;Stahl;;IfcStairFlight;Element;HiLo;Late;Living Lab
Atikkabrett:Atikkabrett:6717985;Massivholz;;IfcSlab;Element;HiLo;Late;Living Lab
Attika Abdeckung:Attika Abdeckung:6716997;Not defined;;IfcSlab;Element;HiLo;Late;Living Lab
Attikablech Galerie Südost:Attikablech Galerie Südost:6350725;Not defined;;IfcWall;Element;HiLo;Late;Living Lab
Attikablech Galerie Südwest:Attikablech Galerie Südwest:6351305;Not defined;;IfcWall;Element;HiLo;Late;Living Lab
Attikabrett:Attikabrett:6718052;Not defined;;IfcSlab;Element;HiLo;Late;Living Lab
Basic Wall:3-Schichtplatte 27mm - Schalplatte:3555236;3-Schicht-Platte;;IfcWallStandardCase;Element;HiLo;Late;Living Lab
Basic Wall:3-Schichtplatte 27mm B/C:5306650;3-Schicht-Platte;;IfcWallStandardCase;Element;HiLo;Late;Living Lab
Basic Wall:3-Schichtplatte 27mm C+/C:2906770;3-Schicht-Platte;;IfcWallStandardCase;Element;HiLo;Late;Living Lab
Basic Wall:3-Schichtplatte 27mm C+/C:3384320;Not defined;;IfcWall;Element;HiLo;Late;Living Lab
Basic Wall:3-Schichtplatte 40mm:3214661;3-Schicht-Platte;;IfcWallStandardCase;Element;HiLo;Late;Living Lab
Basic Wall:Brandschutzplatte 28mm:1935406;Gipsfaserplatte;;IfcWallStandardCase;Element;HiLo;Late;Living Lab
Basic Wall:Brandschutzplatte:5251017;Not defined;;IfcWall;Element;HiLo;Late;Living Lab
Basic Wall:Brandschutzplatte:5421172;3-Schicht-Platte;;IfcWallStandardCase;Element;HiLo;Late;Living Lab
Basic Wall:BSP 140 - 5s:1686981;Not defined;;IfcWall;Element;HiLo;Late;Living Lab
Basic Wall:BSP 140 - 5s:1704117;Brettschichtholz C24;;IfcWallStandardCase;Element;HiLo;Late;Living Lab
Basic Wall:BSP 140 Sichtseite einseitig:1687929;Not defined;;IfcWall;Element;HiLo;Late;Living Lab
Basic Wall:BSP 140 Sichtseite einseitig:1744018;Brettsperrholz;;IfcWallStandardCase;Element;HiLo;Late;Living Lab
Basic Wall:Fensterlaibung 24mm:6644188;Massivholz Fichte, schwarz lasiert;;IfcWallStandardCase;Element;HiLo;Late;Living Lab
Basic Wall:Fensterlaibung 40mm:6514187;Massivholz Fichte, schwarz lasiert;;IfcWallStandardCase;Element;HiLo;Late;Living Lab
Basic Wall:Gipsfaserplatte Vidiwall 15mm:5643525;Gipsfaserplatte;;IfcWallStandardCase;Element;HiLo;Late;Living Lab
Basic Wall:Holzfassade_Hinterlüftet_Laibung:2906806;Holzschalung Vertikal, Nadelholz,  schwarz gestrichen;;IfcWallStandardCase;Element;HiLo;Late;Living Lab
Basic Wall:Holzfassade_Hinterlüftet_Laibung:6527877;Not defined;;IfcWall;Element;HiLo;Late;Living Lab
Basic Wall:Holzfassade_Hinterlüftet_OhneUK:1434021;Holzschalung Vertikal, Nadelholz,  schwarz gestrichen;;IfcWallStandardCase;Element;HiLo;Late;Living Lab
Basic Wall:Innenwandelement Archisonic ohne MDF:3995377;Archisonic Charcoal;;IfcWallStandardCase;Element;HiLo;Late;Living Lab
Basic Wall:KVH Balken 120mm:6158104;Brettschichtholz C24;;IfcWallStandardCase;Element;HiLo;Late;Living Lab
Basic Wall:Massivholz 24mm:6301160;Massivholz Fichte;;IfcWallStandardCase;Element;HiLo;Late;Living Lab
Basic Wall:Purenit Fusspunkt:6169888;Not defined;;IfcWall;Element;HiLo;Late;Living Lab
Basic Wall:Purenit Fusspunkt:6170051;Purenit;;IfcWallStandardCase;Element;HiLo;Late;Living Lab
Basic Wall:PV Fassade Terasse:687807;Körpermodell;;IfcWallStandardCase;Element;HiLo;Late;Living Lab
Basic Wall:Technikschnittstelle:6225020;Not defined;;IfcWall;Element;HiLo;Late;Living Lab
Basic Wall:Wärmedämmung_Mineralwolle_130:1839774;Not defined;;IfcWall;Element;HiLo;Late;Living Lab
Basic Wall:Wärmedämmung_Mineralwolle_130:5438510;Wärmedämmung Mineralwolle, 0.035 W/mK;;IfcWallStandardCase;Element;HiLo;Late;Living Lab
Basic Wall:Wärmedämmung_Mineralwolle_20:4682149;Wärmedämmung Mineralwolle, 0.035 W/mK;;IfcWallStandardCase;Element;HiLo;Late;Living Lab
Basic Wall:Wärmedämmung_Mineralwolle_80:2896771;Wärmedämmung Mineralwolle, 0.035 W/mK;;IfcWallStandardCase;Element;HiLo;Late;Living Lab
Basic Wall:Wärmedämmung_Mineralwolle_80:5774682;Not defined;;IfcWall;Element;HiLo;Late;Living Lab
Basic Wall:Wärmedämmung_Mineralwolle_90:5421574;Wärmedämmung Mineralwolle, 0.035 W/mK;;IfcWallStandardCase;Element;HiLo;Late;Living Lab
Basic Wall:Wärmedämmung_Slentex 70:687731;Wärmedämmung Slentex Aerogel;;IfcWallStandardCase;Element;HiLo;Late;Living Lab
Blechabdeckung Brüstung:Blechabdeckung Brüstung:7933804;Not defined;;IfcWall;Element;HiLo;Late;Living Lab
Bleche Fassade_V6:Bleche Fassade_V6:4910201;Material 4;;IfcBuildingElementProxy;Element;HiLo;Late;Living Lab
BSH Stütze - rechteckig:BSH 140 x 140:5646328;Brettsperrholz;;IfcColumn;Element;HiLo;Late;Living Lab
BSH Stütze - rechteckig:KVH 60 x 60:5755285;Holz Brettschicht - C24 Cl.1;;IfcColumn;Element;HiLo;Late;Living Lab
BSH Träger - rechteckig:BSH Holz 240 x 240:2844654;Brettschichtholz C24;;IfcBeam;Element;HiLo;Late;Living Lab
BSH Träger - rechteckig:Holz 140 x 240:1699118;Brettschichtholz C24;;IfcBeam;Element;HiLo;Late;Living Lab
Contec_NotueberlaufEckig:Contec_NotueberlaufEckig:7131598;3D-Schnittmaterial;;IfcBuildingElementProxy;Element;HiLo;Late;Living Lab
Dachdämmung_V3:Dachdämmung_V3:5659319;Material 2;;IfcBuildingElementProxy;Element;HiLo;Late;Living Lab
Einfügepunkt:Einfügepunkt:5139138;Körpermodell;;IfcBuildingElementProxy;Element;HiLo;Late;Living Lab
Einlauf Contec Tube:DN110:6763225;3D-Schnittmaterial;;IfcBuildingElementProxy;Element;HiLo;Late;Living Lab
Einlauf Contec Tube:DN75:6761910;3D-Schnittmaterial;;IfcBuildingElementProxy;Element;HiLo;Late;Living Lab
FE TÜR 3 tlg - DK-Fix im Rahmen-DK:Fenster Büro1:1813086;Not defined;;IfcWindow;Element;HiLo;Late;Living Lab
FE TÜR 3 tlg - DK-Fix im Rahmen-DK:Fenster Büro2:1812790;Not defined;;IfcWindow;Element;HiLo;Late;Living Lab
Fenster Forster Unico:Kippfenster mit Kettenantrieb - Sage Glas:1718724;Not defined;;IfcWindow;Element;HiLo;Late;Living Lab
Fenster Forster Unico:Kippfenster mit Kettenantrieb - Sage Glas:2684093;<Unnamed>;;IfcWindow;Element;HiLo;Late;Living Lab
Floor:3-Schichplatte 19mm:715156;3-Schicht-Platte;;IfcSlab;Element;HiLo;Late;Living Lab
Floor:3-Schichtplatte 27mm B/C:4895632;3-Schicht-Platte;;IfcSlab;Element;HiLo;Late;Living Lab
Floor:3-Schichtplatte 27mm B/C Rinnen:6153423;3-Schicht-Platte;;IfcSlab;Element;HiLo;Late;Living Lab
Floor:3-Schichtplatte 27mm B/C Rinnen:6154433;3-Schicht-Platte;;IfcSlab;Element;HiLo;Late;Living Lab
Floor:3-Schichtplatte 40mm:5206093;Massivholz;;IfcSlab;Element;HiLo;Late;Living Lab
Floor:Betonauflager 15cm:3980840;Beton;;IfcSlab;Element;HiLo;Late;Living Lab
Floor:Betonauflager:3981555;Beton;;IfcSlab;Element;HiLo;Late;Living Lab
Floor:Boden BSP 120 - 5s:1353113;Brettsperrholz;;IfcSlab;Element;HiLo;Late;Living Lab
Floor:Boden BSP 120 - 5s:729845;Brettsperrholz;;IfcSlab;Element;HiLo;Late;Living Lab
Floor:Bodenaufbau Hauptgeschoss:687594;Not defined;;IfcSlab;Element;HiLo;Late;Living Lab
Floor:Bodenaufbau Hauptgeschoss ohne FBH:5900012;Not defined;;IfcSlab;Element;HiLo;Late;Living Lab
Floor:BSP 160 - 5s:1434703;Brettsperrholz;;IfcSlab;Element;HiLo;Late;Living Lab
Floor:Dachaufbau Brüstung Galerie:5450904;Not defined;;IfcSlab;Element;HiLo;Late;Living Lab
Floor:Fensterbank 24mm:6737713;Holzschalung Horizontal, Nadelholz,  schwarz gestrichen;;IfcSlab;Element;HiLo;Late;Living Lab
Floor:Fensterbank 40mm:7087153;Holzschalung Horizontal, Nadelholz,  schwarz gestrichen;;IfcSlab;Element;HiLo;Late;Living Lab
Floor:Gitterrost schwarz:354156;Zink Gitter;;IfcSlab;Element;HiLo;Late;Living Lab
Floor:Massivholz 24mm:6301249;Massivholz Fichte;;IfcSlab;Element;HiLo;Late;Living Lab
Floor:Mehrschichtplatte 50mm:3167216;3-Schicht-Platte;;IfcSlab;Element;HiLo;Late;Living Lab
Floor:OSB 22mm:4937655;OSB;;IfcSlab;Element;HiLo;Late;Living Lab
Floor:OSB 25mm:5183063;OSB;;IfcSlab;Element;HiLo;Late;Living Lab
Floor:Perimeterdämmung:4784219;Wärmedämmung XPS;;IfcSlab;Element;HiLo;Late;Living Lab
Floor:Terrassenbelag Holzlattung Douglasie:7269453;Terrassenbelag Holz;;IfcSlab;Element;HiLo;Late;Living Lab
Haustechnik_Platzhalter:Pury Ausseneinheit:6192195;3D-Schnittmaterial;;IfcBuildingElementProxy;Element;HiLo;Late;Living Lab
Holz Träger - rechteckig:Alu Eurotec 40 x 60:7547868;Aluminum - Flat - Version 1.1;;IfcBeam;Element;HiLo;Late;Living Lab
Holz Träger - rechteckig:Holz 60 x 200:6746028;Holz - C 24 Cl.1;;IfcBeam;Element;HiLo;Late;Living Lab
Montageraum Elektro:Montageraum Elektro:6274127;3D-Schnittmaterial;;IfcBuildingElementProxy;Element;HiLo;Late;Living Lab
Montageraum Elektro1:Montageraum Elektro:6274190;3D-Schnittmaterial;;IfcBuildingElementProxy;Element;HiLo;Late;Living Lab
Pfosten rechteckig:Forster 60 x 130 - Nur Pfosten:1756080;Stahl, 45-34, Pulverbeschichtung schwarz;;IfcMember;Element;HiLo;Late;Living Lab
Pfosten rechteckig:Forster 60 x 130:1123986;Stahl, 45-34, Pulverbeschichtung schwarz;;IfcMember;Element;HiLo;Late;Living Lab
Pfosten rechteckig:Forster 60 x 90 - Nur Pfosten:2355404;Stahl, 45-34, Pulverbeschichtung schwarz;;IfcMember;Element;HiLo;Late;Living Lab
Pfosten rechteckig:Forster 60 x 90:1123949;Stahl, 45-34, Pulverbeschichtung schwarz;;IfcMember;Element;HiLo;Late;Living Lab
Pfosten rechteckig:ForsterUnico:3969937;Stahl, 45-34, Pulverbeschichtung schwarz;;IfcMember;Element;HiLo;Late;Living Lab
Rohranschluss_Technikschnttelle_Nest:E-Gelbwasser:6271776;3D-Schnittmaterial;;IfcBuildingElementProxy;Element;HiLo;Late;Living Lab
Rohranschluss_Technikschnttelle_Nest:E-Grauwasser leicht:6271766;3D-Schnittmaterial;;IfcBuildingElementProxy;Element;HiLo;Late;Living Lab
Rohranschluss_Technikschnttelle_Nest:E-Grauwasser schwer:6271734;3D-Schnittmaterial;;IfcBuildingElementProxy;Element;HiLo;Late;Living Lab
Rohranschluss_Technikschnttelle_Nest:E-Regenwasser:6271804;3D-Schnittmaterial;;IfcBuildingElementProxy;Element;HiLo;Late;Living Lab
Rohranschluss_Technikschnttelle_Nest:E-Schmutzwasser:6271816;3D-Schnittmaterial;;IfcBuildingElementProxy;Element;HiLo;Late;Living Lab
Rohranschluss_Technikschnttelle_Nest:E-Schwarzwasser:6271826;3D-Schnittmaterial;;IfcBuildingElementProxy;Element;HiLo;Late;Living Lab
Rohranschluss_Technikschnttelle_Nest:Grauwasser aufbereitet:6272078;3D-Schnittmaterial;;IfcBuildingElementProxy;Element;HiLo;Late;Living Lab
Rohranschluss_Technikschnttelle_Nest:HEI - Rücklauf:6271422;3D-Schnittmaterial;;IfcBuildingElementProxy;Element;HiLo;Late;Living Lab
Rohranschluss_Technikschnttelle_Nest:HEI - Vorlauf:6271633;3D-Schnittmaterial;;IfcBuildingElementProxy;Element;HiLo;Late;Living Lab
Rohranschluss_Technikschnttelle_Nest:Kaltwasser:6271984;3D-Schnittmaterial;;IfcBuildingElementProxy;Element;HiLo;Late;Living Lab
Rohranschluss_Technikschnttelle_Nest:MTE - Rücklauf:6271653;3D-Schnittmaterial;;IfcBuildingElementProxy;Element;HiLo;Late;Living Lab
Rohranschluss_Technikschnttelle_Nest:MTE - Vorlauf:6271665;3D-Schnittmaterial;;IfcBuildingElementProxy;Element;HiLo;Late;Living Lab
Rohranschluss_Technikschnttelle_Nest:NTE - Rücklauf:6271676;3D-Schnittmaterial;;IfcBuildingElementProxy;Element;HiLo;Late;Living Lab
Rohranschluss_Technikschnttelle_Nest:NTE - Vorlauf:6271685;3D-Schnittmaterial;;IfcBuildingElementProxy;Element;HiLo;Late;Living Lab
Rohranschluss_Technikschnttelle_Nest:Regenwasser aufbereitet:6272028;3D-Schnittmaterial;;IfcBuildingElementProxy;Element;HiLo;Late;Living Lab
Rohranschluss_Technikschnttelle_Nest:Regenwasser Trinkwasser:6272092;3D-Schnittmaterial;;IfcBuildingElementProxy;Element;HiLo;Late;Living Lab
Shell_V12:Shell_V12:5294566;Concrete, Lightweight;;IfcBuildingElementProxy;Element;HiLo;Late;Living Lab
Systemelement:Contraflam EI30:1753138;Glas EI30;;IfcPlate;Element;HiLo;Late;Living Lab
Systemelement:Dämmelement:1123941;Wärmedämmung druckfest;;IfcPlate;Element;HiLo;Late;Living Lab
Systemelement:SageGlass VSG:1612785;Glas SageGlassClimatop;;IfcPlate;Element;HiLo;Late;Living Lab
Systemelement:SageGlass VSG Sonderform:1124103;Glas SageGlassClimatop;;IfcPlate;Element;HiLo;Late;Living Lab
TU DF 1 - Pfostenstock Falztüre:DL - 900 x 2130:1118965;Not defined;;IfcDoor;Element;HiLo;Late;Living Lab
TU DF 1 - Rahmenstock flächenbündig variabel:DL - H - 900 x 2130 - EI 30:5464826;Not defined;;IfcDoor;Element;HiLo;Late;Living Lab
Tür Forster Unico:Ausstattung Sage Glas:2668518;Not defined;;IfcWindow;Element;HiLo;Late;Living Lab
Basic Wall:Blechverkleidung gedämmt:1829613;Stahl, 45-34, Pulverbeschichtung schwarz;1;IfcWallStandardCase;Target Layer;HiLo;Late;Living Lab
Basic Wall:Blechverkleidung gedämmt:1829613;Wärmedämmung Slentex Aerogel;2;IfcWallStandardCase;Target Layer;HiLo;Late;Living Lab
Basic Wall:Blechverkleidung gedämmt:1829613;Stahl, 45-34, Pulverbeschichtung schwarz;3;IfcWallStandardCase;Target Layer;HiLo;Late;Living Lab
Basic Wall:Holzbau_Archisonic_Vorbauschale:2146702;Archisonic Charcoal;1;IfcWallStandardCase;Target Layer;HiLo;Late;Living Lab
Basic Wall:Holzbau_Archisonic_Vorbauschale:2146702;MDF;2;IfcWallStandardCase;Target Layer;HiLo;Late;Living Lab
Basic Wall:Holzfassade hinterlüftet:1105047;Holzschalung Vertikal, Nadelholz,  schwarz gestrichen;1;IfcWall;Target Layer;HiLo;Late;Living Lab
Basic Wall:Holzfassade hinterlüftet:1105047;Luft;2;IfcWall;Target Layer;HiLo;Late;Living Lab
Basic Wall:Holzfassade hinterlüftet:1105047;Luft;3;IfcWall;Target Layer;HiLo;Late;Living Lab
Basic Wall:Holzfassade hinterlüftet:1434444;Holzschalung Vertikal, Nadelholz,  schwarz gestrichen;1;IfcWallStandardCase;Target Layer;HiLo;Late;Living Lab
Basic Wall:Holzfassade hinterlüftet:1434444;Luft;2;IfcWallStandardCase;Target Layer;HiLo;Late;Living Lab
Basic Wall:Holzfassade hinterlüftet:1434444;Luft;3;IfcWallStandardCase;Target Layer;HiLo;Late;Living Lab
Basic Wall:Innenwandelement Archisonic abnehmbar:687694;Archisonic Charcoal;1;IfcWallStandardCase;Target Layer;HiLo;Late;Living Lab
Basic Wall:Innenwandelement Archisonic abnehmbar:687694;MDF;2;IfcWallStandardCase;Target Layer;HiLo;Late;Living Lab
Basic Wall:Innenwandelement Archisonic abnehmbar mit Einschnitten:7642381;Archisonic Charcoal;1;IfcWallStandardCase;Target Layer;HiLo;Late;Living Lab
Basic Wall:Innenwandelement Archisonic abnehmbar mit Einschnitten:7642381;MDF;2;IfcWallStandardCase;Target Layer;HiLo;Late;Living Lab
Basic Wall:Innenwandelement Archisonic fix:1400196;Archisonic Charcoal;1;IfcWallStandardCase;Target Layer;HiLo;Late;Living Lab
Basic Wall:Innenwandelement Archisonic fix:1400196;MDF;2;IfcWallStandardCase;Target Layer;HiLo;Late;Living Lab
Basic Wall:Innenwandelement Archisonic fix ohne Einschnitte:7643221;Archisonic Charcoal;1;IfcWallStandardCase;Target Layer;HiLo;Late;Living Lab
Basic Wall:Innenwandelement Archisonic fix ohne Einschnitte:7643221;MDF;2;IfcWallStandardCase;Target Layer;HiLo;Late;Living Lab
Basic Wall:Wärmedämmung_200:1434709;Wärmedämmung Mineralwolle, 0.035 W/mK;1;IfcWallStandardCase;Target Layer;HiLo;Late;Living Lab
Basic Wall:Wärmedämmung_200:1434709;Wärmedämmung Mineralwolle, 0.035 W/mK;2;IfcWallStandardCase;Target Layer;HiLo;Late;Living Lab
Basic Wall:Wärmedämmung_200:5056218;Wärmedämmung Mineralwolle, 0.035 W/mK;1;IfcWall;Target Layer;HiLo;Late;Living Lab
Basic Wall:Wärmedämmung_200:5056218;Wärmedämmung Mineralwolle, 0.035 W/mK;2;IfcWall;Target Layer;HiLo;Late;Living Lab
Floor:Dachaufbau Brüstung Dämmung:5758680;Wärmedämmung Mineralwolle, 0.035 W/mK;1;IfcSlab;Target Layer;HiLo;Late;Living Lab
Floor:Dachaufbau Brüstung Dämmung:5758680;Wärmedämmung Mineralwolle, 0.035 W/mK;2;IfcSlab;Target Layer;HiLo;Late;Living Lab
Floor:Dämmung Galerie:1708478;Wärmedämmung Mineralwolle, 0.035 W/mK;1;IfcSlab;Target Layer;HiLo;Late;Living Lab
Floor:Dämmung Galerie:1708478;Wärmedämmung Mineralwolle, 0.035 W/mK;2;IfcSlab;Target Layer;HiLo;Late;Living Lab
Floor:Funicular Floor:687636;Spachtelmasse Boden;1;IfcSlab;Target Layer;HiLo;Late;Living Lab
Floor:Funicular Floor:687636;Beton, Ortbeton;2;IfcSlab;Target Layer;HiLo;Late;Living Lab
Floor:Galerie Fussbodenaufbau:1353081;PU Bodenbelag - Sika PS23;1;IfcSlab;Target Layer;HiLo;Late;Living Lab
Floor:Galerie Fussbodenaufbau:1353081;Knauf - Vidiwall;2;IfcSlab;Target Layer;HiLo;Late;Living Lab
Floor:Galerie Fussbodenaufbau:1353081;Knauf - Brio Heizboden 25;3;IfcSlab;Target Layer;HiLo;Late;Living Lab
Floor:Galerie Fussbodenaufbau:1353081;Trittschalldämmung Flumroc 341;4;IfcSlab;Target Layer;HiLo;Late;Living Lab
