{
  "type": "materials",
  "path": "End of Life / Generisch / Gebäudetechnik",
  "items": [
    {
      "UUID": "4cb14a57-96d5-4f53-891b-13c3c9c54fb8",
      "Name": "End of life copper pipes (sheathed)",
      "Standard Conformity": "'EN 15804+A2 (EF 3.1)'",
      "Country Code": "DE",
      "Declaration owner": "Sphera Solutions GmbH",
      "Reference Quantity": "1",
      "Reference": "kg"
    },
    {
      "UUID": "c4956667-65c1-4790-86a9-17ecc3974301",
      "Name": "End of life copper pipes (blank)",
      "Standard Conformity": "'EN 15804+A2 (EF 3.1)'",
      "Country Code": "DE",
      "Declaration owner": "Sphera Solutions GmbH",
      "Reference Quantity": "1",
      "Reference": "kg"
    },
    {
      "UUID": "ec18b1e0-a652-4453-81a8-80083e8f3184",
      "Name": "End of life stoneware pipe",
      "Standard Conformity": "'EN 15804+A2 (EF 3.1)'",
      "Country Code": "DE",
      "Declaration owner": "Sphera Solutions GmbH",
      "Reference Quantity": "1",
      "Reference": "kg"
    }
  ]
}