{
  "type": "materials",
  "path": "Komponenten von Fenstern und Vorhangfassaden / Dichtungskomponenten / -materialien / Fugendichtungsbänder",
  "items": [
    {
      "UUID": "24f91cc9-f588-4782-b553-8e39f310afc7",
      "Name": "Joint sealing strips, polyisobutylene",
      "Standard Conformity": "'EN 15804+A2 (EF 3.1)'",
      "Country Code": "DE",
      "Declaration owner": "Sphera Solutions GmbH",
      "Reference Quantity": "1",
      "Reference": "kg"
    },
    {
      "UUID": "47030048-dc2f-4ef0-b505-89771807b761",
      "Name": "Joint sealing strips, butyl",
      "Standard Conformity": "'EN 15804+A2 (EF 3.1)'",
      "Country Code": "DE",
      "Declaration owner": "Sphera Solutions GmbH",
      "Reference Quantity": "1",
      "Reference": "kg"
    },
    {
      "UUID": "bacaced7-4299-45f0-93e0-fba6bd3b3e67",
      "Name": "Joint sealing strips, PE/PP foil",
      "Standard Conformity": "'EN 15804+A2 (EF 3.1)'",
      "Country Code": "DE",
      "Declaration owner": "Sphera Solutions GmbH",
      "Reference Quantity": "1",
      "Reference": "kg"
    },
    {
      "UUID": "fd38cced-233c-4d2f-8a16-015f6e364c8b",
      "Name": "Joint sealing strips, fabric",
      "Standard Conformity": "'EN 15804+A2 (EF 3.1)'",
      "Country Code": "DE",
      "Declaration owner": "Sphera Solutions GmbH",
      "Reference Quantity": "1",
      "Reference": "kg"
    }
  ]
}