{
  "type": "materials",
  "path": "Dämmstoffe / Holzfasern / Holzfaserdämmplatte",
  "items": [
    {
      "UUID": "1c22a17e-aca4-4126-9fde-f02c33aa741e",
      "Name": "best wood wood fibre insulation boards",
      "Standard Conformity": "'DIN EN 15804+A2' / 'ISO 14025'",
      "Country Code": "DE",
      "Declaration owner": "Holzwerk Gebr. Schneider GmbH",
      "Register Number": "EPD-HWS-20230344-IBA2-DE",
      "Reference Quantity": "1",
      "Reference": "m3",
      "Density (kg/m3)": "160.0"
    },
    {
      "UUID": "33c70403-553e-442c-ac5b-0ee86cceffd6",
      "Name": "2.10.01 Loose wood-fiber insulation",
      "Standard Conformity": "'EN 15804+A2 (EF 3.1)'",
      "Country Code": "DE",
      "Declaration owner": "Sphera Solutions GmbH",
      "Reference Quantity": "1",
      "Reference": "m3",
      "Density (kg/m3)": "70.0"
    },
    {
      "UUID": "5488d3f3-1e39-4a71-b357-ef605b65ed9c",
      "Name": "Wood fiber insulation - dry process (German average)",
      "Standard Conformity": "'EN 15804+A2' / 'EN 16485'",
      "Country Code": "DE",
      "Declaration owner": "Thünen-Institut für Holzforschung",
      "Reference Quantity": "1",
      "Reference": "m3",
      "Density (kg/m3)": "162.337528085062"
    },
    {
      "UUID": "5bfeefee-ad4c-474e-8efe-fbed20dc776a",
      "Name": "Wood fiber insulation - dry process (German average)",
      "Standard Conformity": "'EN 15804+A2' / 'EN 16485'",
      "Country Code": "DE",
      "Declaration owner": "Thünen-Institut für Holzforschung",
      "Reference Quantity": "1",
      "Reference": "m3"
    },
    {
      "UUID": "65985e6a-dece-43ec-bcb9-2636070c689f",
      "Name": "PAVATEX Dry process wood fibre insulation 110-200 kg/m³",
      "Standard Conformity": "'DIN EN 15804' / 'ISO 14025'",
      "Country Code": "FR",
      "Declaration owner": "Pavafrance SAS PAVATEX",
      "Register Number": "EPD-PAV-20190182-IBA4-DE",
      "Reference Quantity": "1",
      "Reference": "m3",
      "Area Weight (kg/m2)": "12.0",
      "Density (kg/m3)": "200.0"
    },
    {
      "UUID": "77a553ca-357e-4910-b114-5aa912d4d0e2",
      "Name": "best wood wood fibre insulation boards",
      "Standard Conformity": "'DIN EN 15804+A2' / 'ISO 14025'",
      "Country Code": "DE",
      "Declaration owner": "Holzwerk Gebr. Schneider GmbH",
      "Register Number": "EPD-HWS-20230344-IBA1-DE",
      "Reference Quantity": "1",
      "Reference": "m3",
      "Density (kg/m3)": "160.0"
    },
    {
      "UUID": "c91aa879-2826-4078-8bfa-baae349549cb",
      "Name": "Wood fibre board (wet process)",
      "Standard Conformity": "'EN 15804+A2 (EF 3.1)'",
      "Country Code": "DE",
      "Declaration owner": "Sphera Solutions GmbH",
      "Reference Quantity": "1",
      "Reference": "m3",
      "Density (kg/m3)": "160.0"
    },
    {
      "UUID": "ee0c4b18-f9c9-44d1-8766-36db08856a2f",
      "Name": "Wood fiber insulation - dry process (German average)",
      "Standard Conformity": "'EN 15804+A2' / 'EN 16485'",
      "Country Code": "DE",
      "Declaration owner": "Thünen-Institut für Holzforschung",
      "Reference Quantity": "1",
      "Reference": "m3",
      "Density (kg/m3)": "50.0"
    }
  ]
}