{
    "Target Layer of Material Inference": {
        "Material Name": "Archisonic Charcoal",
        "Thickness": 0.012,
        "Thickness Unit": "METRE",
        "Layer Number": 1
    },
    "Building Element Context": {
        "Element Metadata": {
            "Name": "Basic Wall:Holzbau_Archisonic_Vorbauschale:2146702",
            "Type": "IfcWallStandardCase",
            "ObjectType": "Basic Wall:Holzbau_Archisonic_Vorbauschale"
        },
        "Other Material Layers": [
            {
                "Material Name": "MDF",
                "Thickness": 0.012,
                "Thickness Unit": "METRE",
                "Layer Number": 2
            }
        ],
        "Element Property Sets": {
            "Psets Element": {
                "Related to Mass": "False",
                "Room Bounding": "True",
                "Base Constraint": "Level: 00_Eingang",
                "Location Line": "Finish Face: Exterior",
                "Area": "1.3488",
                "Length": "590.0385",
                "Volume": "0.0324",
                "Workset": "Innenausbau",
                "Category": "Walls",
                "Family": "Basic Wall: Holzbau_Archisonic_Vorbauschale",
                "Type": "Basic Wall: Holzbau_Archisonic_Vorbauschale",
                "Phase Created": "Zu Bauen",
                "Structural": "False",
                "Structural Usage": "Non-bearing"
            },
            "Psets Object Type": {
                "Analytical Properties.Roughness": "3.0",
                "Analytical Properties.Absorptance": "0.7",
                "Construction.Function": "Exterior",
                "Data.Unternehmer": "Künzli",
                "Identity Data.Assembly Description": "",
                "Identity Data.Workset": "Wall Types",
                "Identity Data.Description": "TYP E",
                "Identity Data.Type Name": "Holzbau_Archisonic_Vorbauschale",
                "Other.Category": "Walls",
                "Other.Family Name": "Basic Wall"
            }
        }
    },
    "CompilationGroupID": "f17ad5cce9"
}