{
    "Target Layer of Material Inference": {
        "Material Name": "Wärmedämmung Mineralwolle, 0.035 W/mK",
        "Thickness": 0.1,
        "Thickness Unit": "METRE",
        "Layer Number": 2
    },
    "Building Element Context": {
        "Element Metadata": {
            "Name": "Floor:Dämmung Galerie:1708478",
            "Type": "IfcSlab",
            "ObjectType": "Floor:Dämmung Galerie"
        },
        "Other Material Layers": [
            {
                "Material Name": "Wärmedämmung Mineralwolle, 0.035 W/mK",
                "Thickness": 0.1,
                "Thickness Unit": "METRE",
                "Layer Number": 1
            }
        ],
        "Element Property Sets": {
            "Psets Element": {
                "Related to Mass": "False",
                "Level": "Level: 01_Galerie",
                "Room Bounding": "False",
                "Area": "3.8147",
                "Elevation at Bottom": "2445.0",
                "Perimeter": "13569.7735",
                "Thickness": "200.0",
                "Volume": "0.7629",
                "Workset": "Architecture",
                "Category": "Floors",
                "Family": "Floor: Dämmung Galerie",
                "Type": "Floor: Dämmung Galerie",
                "Phase Created": "Zu Bauen",
                "Structural": "False"
            },
            "Psets Object Type": {
                "Analytical Properties.Roughness": "3.0",
                "Analytical Properties.Absorptance": "0.7",
                "Analytical Properties.Heat Transfer Coefficient (U)": "0.17",
                "Analytical Properties.Thermal Mass": "0.6282",
                "Analytical Properties.Thermal Resistance (R)": "5.8824",
                "Construction.Function": "Interior",
                "Data.Unternehmer": "Künzli",
                "Identity Data.Assembly Description": "",
                "Identity Data.Workset": "Floor Types",
                "Identity Data.Type Name": "Dämmung Galerie",
                "Other.Category": "Floors",
                "Other.Family Name": "Floor"
            }
        }
    },
    "CompilationGroupID": "d20d68a4b7"
}