{
  "type": "categories",
  "path": "Gebäudetechnik",
  "items": [
    {
      "name": "Beförderung",
      "path": "Beförderung/index.json"
    },
    {
      "name": "Brandschutz",
      "path": "Brandschutz/index.json"
    },
    {
      "name": "Elektro",
      "path": "Elektro/index.json"
    },
    {
      "name": "Heizung",
      "path": "Heizung/index.json"
    },
    {
      "name": "Klimatisierung und Lüftung",
      "path": "Klimatisierung_und_Lüftung/index.json"
    },
    {
      "name": "Nutzung",
      "path": "Nutzung/index.json"
    },
    {
      "name": "Sanitär",
      "path": "Sanitär/index.json"
    }
  ]
}