{
  "type": "materials",
  "path": "Gebäudetechnik / Klimatisierung und Lüftung / Kältemittel",
  "items": [
    {
      "UUID": "2857b845-c8e2-42bd-98a1-8ec6b81d721b",
      "Name": "Propane (R290)",
      "Standard Conformity": "'EN 15804+A2 (EF 3.1)'",
      "Country Code": "DE",
      "Declaration owner": "Sphera Solutions GmbH",
      "Reference Quantity": "1",
      "Reference": "kg"
    },
    {
      "UUID": "28862311-601b-4bba-a885-6e919522ff41",
      "Name": "Chlorodifluoromethane (R22)",
      "Standard Conformity": "'EN 15804+A2 (EF 3.1)'",
      "Country Code": "DE",
      "Declaration owner": "Sphera Solutions GmbH",
      "Reference Quantity": "1",
      "Reference": "kg"
    },
    {
      "UUID": "29a2e1c9-fcde-4957-b39b-165400a2e7ee",
      "Name": "Ammonia (R717)",
      "Standard Conformity": "'EN 15804+A2 (EF 3.1)'",
      "Country Code": "DE",
      "Declaration owner": "Sphera Solutions GmbH",
      "Reference Quantity": "1",
      "Reference": "kg"
    },
    {
      "UUID": "2c832940-1bcb-49f0-b809-912560fb03b7",
      "Name": "Tetrafluoroethane (R134a)",
      "Standard Conformity": "'EN 15804+A2 (EF 3.1)'",
      "Country Code": "DE",
      "Declaration owner": "Sphera Solutions GmbH",
      "Reference Quantity": "1",
      "Reference": "kg"
    },
    {
      "UUID": "63aa9c75-83a6-49d8-a0bc-ae47c0b5e7f3",
      "Name": "Refrigerant R407c",
      "Standard Conformity": "'EN 15804+A2 (EF 3.1)'",
      "Country Code": "DE",
      "Declaration owner": "Sphera Solutions GmbH",
      "Reference Quantity": "1",
      "Reference": "kg"
    },
    {
      "UUID": "a3763da5-91b7-4dc9-b150-be14df009c83",
      "Name": "Carbon dioxide (R744)",
      "Standard Conformity": "'EN 15804+A2 (EF 3.1)'",
      "Country Code": "DE",
      "Declaration owner": "Sphera Solutions GmbH",
      "Reference Quantity": "1",
      "Reference": "kg"
    },
    {
      "UUID": "a9ab7d02-744c-4269-b3e1-a9fc7304e95e",
      "Name": "Refrigerant R410a",
      "Standard Conformity": "'EN 15804+A2 (EF 3.1)'",
      "Country Code": "DE",
      "Declaration owner": "Sphera Solutions GmbH",
      "Reference Quantity": "1",
      "Reference": "kg"
    },
    {
      "UUID": "b2cdfead-14cf-4819-9ce3-a8e1be8a6cb4",
      "Name": "Tetrafluoropropene (R1234ze)",
      "Standard Conformity": "'EN 15804+A2 (EF 3.1)'",
      "Country Code": "DE",
      "Declaration owner": "Sphera Solutions GmbH",
      "Reference Quantity": "1",
      "Reference": "kg"
    },
    {
      "UUID": "c34de763-3a6c-437d-9b3a-566926f8abc4",
      "Name": "Difluoromethane (R32)",
      "Standard Conformity": "'EN 15804+A2 (EF 3.1)'",
      "Country Code": "DE",
      "Declaration owner": "Sphera Solutions GmbH",
      "Reference Quantity": "1",
      "Reference": "kg"
    },
    {
      "UUID": "f53ffd98-c6cf-4153-b484-4c5d7e233974",
      "Name": "Refrigerant R404a",
      "Standard Conformity": "'EN 15804+A2 (EF 3.1)'",
      "Country Code": "DE",
      "Declaration owner": "Sphera Solutions GmbH",
      "Reference Quantity": "1",
      "Reference": "kg"
    },
    {
      "UUID": "f8feff2f-bcfd-4133-984c-32fc6bb23694",
      "Name": "Lithium bromide",
      "Standard Conformity": "'EN 15804+A2 (EF 3.1)'",
      "Country Code": "DE",
      "Declaration owner": "Sphera Solutions GmbH",
      "Reference Quantity": "1",
      "Reference": "kg"
    }
  ]
}