{
  "type": "materials",
  "path": "Beschichtungen / Lacke und Lasuren / Lacksysteme Metall",
  "items": [
    {
      "UUID": "1e432c19-e88e-41e4-a967-c8964d653ae2",
      "Name": "Hybrid Powder Coating",
      "Standard Conformity": "'DIN EN 15804+A2' / 'ISO 14025'",
      "Country Code": "RER",
      "Declaration owner": "VdL - Verband der deutschen Lack- und Druckfarbenindustrie e.V.",
      "Register Number": "EPD-VDL-20230164-IAG1-DE",
      "Reference Quantity": "1",
      "Reference": "kg",
      "Density (kg/m3)": "1.45"
    },
    {
      "UUID": "37bca81b-c287-4685-a6ba-7b224e7cef02",
      "Name": "Water based lacquer, white",
      "Standard Conformity": "'EN 15804+A2 (EF 3.1)'",
      "Country Code": "DE",
      "Declaration owner": "Sphera Solutions GmbH",
      "Reference Quantity": "1",
      "Reference": "kg"
    },
    {
      "UUID": "48d1a629-79cd-420b-bd06-3cdb04b2d0e8",
      "Name": "Coating powder IGP-DURA@xal 4201",
      "Standard Conformity": "'DIN EN 15804+A2' / 'ISO 14025'",
      "Country Code": "RER",
      "Declaration owner": "IGP Pulvertechnik AG",
      "Register Number": "EPD-IGP-20220253-IAC2-DE",
      "Reference Quantity": "1",
      "Reference": "kg",
      "Density (kg/m3)": "1450.0"
    },
    {
      "UUID": "7a472800-1665-4ccd-aeca-70a9ce340a2b",
      "Name": "Epoxy Powder Coating",
      "Standard Conformity": "'DIN EN 15804+A2' / 'ISO 14025'",
      "Country Code": "RER",
      "Declaration owner": "VdL - Verband der deutschen Lack- und Druckfarbenindustrie e.V.",
      "Register Number": "EPD-VDL-20230165-IAG1-DE",
      "Reference Quantity": "1",
      "Reference": "kg",
      "Density (kg/m3)": "1.45"
    },
    {
      "UUID": "7f340509-9f45-45bb-a34e-1b94d204107c",
      "Name": "Powder coating (outdoor use, white)",
      "Standard Conformity": "'EN 15804+A2 (EF 3.1)'",
      "Country Code": "DE",
      "Declaration owner": "Sphera Solutions GmbH",
      "Reference Quantity": "1",
      "Reference": "kg"
    },
    {
      "UUID": "c307b6f8-af7a-44df-a093-1f8ba2a73fb9",
      "Name": "Solvent based lacquer, white",
      "Standard Conformity": "'EN 15804+A2 (EF 3.1)'",
      "Country Code": "DE",
      "Declaration owner": "Sphera Solutions GmbH",
      "Reference Quantity": "1",
      "Reference": "kg"
    },
    {
      "UUID": "fa9ac293-db88-47a4-9f36-e4e3c7a43c73",
      "Name": "Coating powder IGP-DURA®face, series 58",
      "Standard Conformity": "'DIN EN 15804+A2' / 'ISO 14025'",
      "Country Code": "RER",
      "Declaration owner": "IGP Pulvertechnik AG",
      "Register Number": "EPD-IGP-20220254-IAC1-DE",
      "Reference Quantity": "1",
      "Reference": "kg",
      "Density (kg/m3)": "1450.0"
    }
  ]
}