{
  "type": "materials",
  "path": "Komponenten von Fenstern und Vorhangfassaden / Beschläge / Fenstergriffe",
  "items": [
    {
      "UUID": "346fdda1-e570-45fc-aad2-37653c467db5",
      "Name": "Window handle",
      "Standard Conformity": "'EN 15804+A2 (EF 3.1)'",
      "Country Code": "DE",
      "Declaration owner": "Sphera Solutions GmbH",
      "Reference Quantity": "1",
      "Reference": "pcs."
    },
    {
      "UUID": "573161d4-623a-48f1-b7c0-630938f4fc1f",
      "Name": "Door and window hardware S 111/162 Polyamide",
      "Standard Conformity": "'EN 15804+A2' / 'ISO 14025'",
      "Country Code": "DE",
      "Declaration owner": "HEWI Heinrich Wilke GmbH",
      "Register Number": "EPD-Kiwa-EE-000388-EN, EPD-Kiwa-EE-000388-DE",
      "Reference Quantity": "1",
      "Reference": "pcs."
    },
    {
      "UUID": "b5d12b02-5101-4630-8356-f373cd31c7e6",
      "Name": "Electromechanical accessories - SIEGENIA-AUBI KG - Smart window handle",
      "Standard Conformity": "'EN 15804+A2'",
      "Country Code": "RER",
      "Declaration owner": "SIEGENIA-AUBI KG",
      "Register Number": "EPD-SFS-75.0.01",
      "Reference Quantity": "1",
      "Reference": "pcs."
    },
    {
      "UUID": "e7923b77-f16f-4896-b20e-b14ee99e1f97",
      "Name": "Object fittings - HAFI Beschläge GmbH - Window handles with ball catches",
      "Standard Conformity": "'EN 15804+A2'",
      "Country Code": "DE",
      "Declaration owner": "HAFI Beschläge GmbH",
      "Register Number": "EPD-HEF-52.0",
      "Reference Quantity": "1",
      "Reference": "pcs."
    }
  ]
}