{
  "type": "materials",
  "path": "Holz / Vollholz / Balkenschichtholz (Duo-Triobalken)",
  "items": [
    {
      "UUID": "5845e582-d877-44c2-a8a7-f5c5ef3a6463",
      "Name": "Glued solid timber (German average)",
      "Standard Conformity": "'EN 15804+A2' / 'EN 16485'",
      "Country Code": "DE",
      "Declaration owner": "Thünen-Institut für Holzforschung",
      "Reference Quantity": "1",
      "Reference": "m3",
      "Density (kg/m3)": "500.36"
    },
    {
      "UUID": "aeab0f39-5eab-422f-8c4b-822bb98aa63c",
      "Name": "Laminated wood beam softwood (generic)",
      "Standard Conformity": "'EN 15804+A2 (EF 3.1)'",
      "Country Code": "DE",
      "Declaration owner": "Sphera Solutions GmbH",
      "Reference Quantity": "1",
      "Reference": "m3",
      "Density (kg/m3)": "515.2"
    }
  ]
}