{
  "type": "materials",
  "path": "Komponenten von Fenstern und Vorhangfassaden / Beschläge / Edelstahlbeschläge",
  "items": [
    {
      "UUID": "0e0a816a-100a-455e-a991-bfcbe4a94428",
      "Name": "Object fittings - HAFI Beschläge GmbH - Door handle sets",
      "Standard Conformity": "'EN 15804+A2'",
      "Country Code": "DE",
      "Declaration owner": "HAFI Beschläge GmbH",
      "Register Number": "EPD-HTG-52.0",
      "Reference Quantity": "1",
      "Reference": "pcs."
    },
    {
      "UUID": "13146ba0-9cca-46b7-820d-d24c01fb81dc",
      "Name": "Extension module 90 43",
      "Standard Conformity": "'DIN EN 15804+A2' / 'ISO 14025'",
      "Country Code": "DE",
      "Declaration owner": "dormakaba International Holding GmbH",
      "Register Number": "EPD-DOR-20210197-CBA2-EN",
      "Reference Quantity": "1",
      "Reference": "pcs."
    },
    {
      "UUID": "2b238bb0-68f4-46f6-a1ce-629e91c03974",
      "Name": "Panic and deadbolt locking device",
      "Standard Conformity": "'DIN EN 15804+A2' / 'ISO 14025'",
      "Country Code": "RNA",
      "Declaration owner": "dormakaba International Holding GmbH",
      "Register Number": "EPD-DOR-20210202-CBC1-EN",
      "Reference Quantity": "1",
      "Reference": "pcs."
    }
  ]
}