{
  "type": "materials",
  "path": "Gebäudetechnik / Beförderung / Fahrtreppe",
  "items": [
    {
      "UUID": "a81cb40d-1453-4670-a247-6a368ac63556",
      "Name": "Escalator basic component (independent of lifting height)",
      "Standard Conformity": "'EN 15804+A2 (EF 3.1)'",
      "Country Code": "DE",
      "Declaration owner": "Sphera Solutions GmbH",
      "Reference Quantity": "1",
      "Reference": "pcs."
    },
    {
      "UUID": "bc3826fe-b0e7-49f4-a037-24da26c3705b",
      "Name": "Escalator basic component (dependent on lifting height)",
      "Standard Conformity": "'EN 15804+A2 (EF 3.1)'",
      "Country Code": "DE",
      "Declaration owner": "Sphera Solutions GmbH",
      "Reference Quantity": "1",
      "Reference": "pcs."
    }
  ]
}