{
  "type": "materials",
  "path": "End of Life / Generisch / Metalle",
  "items": [
    {
      "UUID": "4340b8dd-a92b-413f-92ca-0657b8f191e3",
      "Name": "End of Life stainless steel",
      "Standard Conformity": "'EN 15804+A2 (EF 3.1)'",
      "Country Code": "DE",
      "Declaration owner": "Sphera Solutions GmbH",
      "Reference Quantity": "1",
      "Reference": "kg"
    },
    {
      "UUID": "8835b216-e9b0-4d07-8f0d-47af00d4a64a",
      "Name": "End of Life of Aluminium",
      "Standard Conformity": "'EN 15804+A2 (EF 3.1)'",
      "Country Code": "DE",
      "Declaration owner": "Sphera Solutions GmbH",
      "Reference Quantity": "1",
      "Reference": "kg",
      "Density (kg/m3)": "2700.0"
    },
    {
      "UUID": "aef7e06a-2eea-4be1-be5e-7c4201890534",
      "Name": "End of Life steel profile",
      "Standard Conformity": "'EN 15804+A2 (EF 3.1)'",
      "Country Code": "DE",
      "Declaration owner": "Sphera Solutions GmbH",
      "Reference Quantity": "1",
      "Reference": "kg",
      "Density (kg/m3)": "7850.0"
    },
    {
      "UUID": "d63aa653-c3bb-4c7e-8386-d8f67b9a5a50",
      "Name": "End of Life steel sheet galvanized",
      "Standard Conformity": "'EN 15804+A2 (EF 3.1)'",
      "Country Code": "DE",
      "Declaration owner": "Sphera Solutions GmbH",
      "Reference Quantity": "1",
      "Reference": "kg",
      "Density (kg/m3)": "7850.0"
    }
  ]
}