{
  "type": "materials",
  "path": "Holz / Holzböden / Mehrschichtig modulare Bodenbeläge",
  "items": [
    {
      "UUID": "087bd9a0-5556-467c-a9bf-16e51d7ad3a9",
      "Name": "Jumpax® Basic / Heat-Pak®",
      "Standard Conformity": "'EN 15804+A2' / 'ISO 14025'",
      "Country Code": "NL",
      "Declaration owner": "Unifloor B.V.",
      "Register Number": "EPD-Unifloor-256-EN",
      "Reference Quantity": "1",
      "Reference": "qm",
      "Area Weight (kg/m2)": "5.3"
    },
    {
      "UUID": "11863e6a-cf20-4101-8690-7b986b9ebabf",
      "Name": "Jumpax® ME",
      "Standard Conformity": "'EN 15804+A2' / 'ISO 14025'",
      "Country Code": "NL",
      "Declaration owner": "Unifloor B.V.",
      "Register Number": "EPD-Unifloor-259-EN",
      "Reference Quantity": "1",
      "Reference": "qm",
      "Area Weight (kg/m2)": "25.0"
    },
    {
      "UUID": "12672980-e48a-4d53-85a4-2f9cd1372e13",
      "Name": "Jumpax® Top",
      "Standard Conformity": "'EN 15804+A2' / 'ISO 14025'",
      "Country Code": "NL",
      "Declaration owner": "Unifloor B.V.",
      "Register Number": "EPD-Unifloor-262-EN",
      "Reference Quantity": "1",
      "Reference": "qm",
      "Area Weight (kg/m2)": "5.3"
    },
    {
      "UUID": "23fa4545-cd2a-4faa-85c4-ed0429c97fbd",
      "Name": "Amorim Wise Cork Pure UV",
      "Standard Conformity": "'DIN EN 15804+A2' / 'ISO 14025'",
      "Country Code": "PT",
      "Declaration owner": "Amorim Revestimentos, S. A.",
      "Register Number": "EPD-ACF-20220040-ICA1-EN",
      "Reference Quantity": "1",
      "Reference": "qm",
      "Area Weight (kg/m2)": "2.17",
      "Density (kg/m3)": "542.0"
    },
    {
      "UUID": "433040a7-3ea9-42c1-a590-c3b96cc9d472",
      "Name": "Jumpax® Nature",
      "Standard Conformity": "'EN 15804+A2' / 'ISO 14025'",
      "Country Code": "NL",
      "Declaration owner": "Unifloor B.V.",
      "Register Number": "EPD-Unifloor-260-EN",
      "Reference Quantity": "1",
      "Reference": "qm",
      "Area Weight (kg/m2)": "8.3"
    },
    {
      "UUID": "4b68e8bd-f8a8-4290-ac76-96c2bf3007bf",
      "Name": "Twinpanel® Acoustic / Jumpax® Acoustic",
      "Standard Conformity": "'EN 15804+A2' / 'ISO 14025'",
      "Country Code": "NL",
      "Declaration owner": "Unifloor B.V.",
      "Register Number": "EPD Unifloor-284-EN",
      "Reference Quantity": "1",
      "Reference": "qm",
      "Area Weight (kg/m2)": "16.55"
    },
    {
      "UUID": "4dc6ea5e-a0fd-461c-bc7f-10f4607cd037",
      "Name": "Jumpax® Solid / Heat-Pak® Plus",
      "Standard Conformity": "'EN 15804+A2' / 'ISO 14025'",
      "Country Code": "NL",
      "Declaration owner": "Unifloor B.V.",
      "Register Number": "EPD-Kiwa-EE-000277-EN (Rev.1_30.04.2024)",
      "Reference Quantity": "1",
      "Reference": "qm",
      "Area Weight (kg/m2)": "15.8"
    },
    {
      "UUID": "60e7796e-cd49-4d03-a930-014271b30144",
      "Name": "Admonter solid timber multi-layer products",
      "Standard Conformity": "'DIN EN 15804+A2' / 'ISO 14025'",
      "Country Code": "AT",
      "Declaration owner": "STIA Holzindustrie GmbH",
      "Register Number": "EPD-STI-20210176-IBC1-DE",
      "Reference Quantity": "1",
      "Reference": "qm",
      "Area Weight (kg/m2)": "8.125"
    },
    {
      "UUID": "6716b519-0421-45d3-8b7b-87b132916881",
      "Name": "DISANO design floor",
      "Standard Conformity": "'DIN EN 15804+A2' / 'ISO 14025'",
      "Country Code": "DE",
      "Declaration owner": "Hamberger Flooring GmbH & Co. KG",
      "Register Number": "EPD-HAM-20220105-ICB1-DE",
      "Reference Quantity": "1",
      "Reference": "qm",
      "Area Weight (kg/m2)": "6.52",
      "Density (kg/m3)": "905.0"
    },
    {
      "UUID": "6de2f806-dddd-4718-b37e-7852e4c7d80e",
      "Name": "Modular ONE design flooring",
      "Standard Conformity": "'DIN EN 15804+A2' / 'ISO 14025'",
      "Country Code": "DE",
      "Declaration owner": "Parador GmbH",
      "Register Number": "EPD-PAR-20210151-IBC1-DE",
      "Reference Quantity": "1",
      "Reference": "qm",
      "Area Weight (kg/m2)": "6.221",
      "Density (kg/m3)": "777.5"
    },
    {
      "UUID": "7a100a55-391e-4f7e-bca1-5b117c626a5d",
      "Name": "Jumpax® Classic",
      "Standard Conformity": "'EN 15804+A2' / 'ISO 14025'",
      "Country Code": "NL",
      "Declaration owner": "Unifloor B.V.",
      "Register Number": "EPD-Unifloor-257-EN",
      "Reference Quantity": "1",
      "Reference": "qm",
      "Area Weight (kg/m2)": "5.5"
    },
    {
      "UUID": "7b06ebcb-bf35-4ce0-8562-04a31cc7a315",
      "Name": "Amorim Wise Cork Pure PU PF",
      "Standard Conformity": "'DIN EN 15804+A2' / 'ISO 14025'",
      "Country Code": "PT",
      "Declaration owner": "Amorim Revestimentos, S. A.",
      "Register Number": "EPD-ACF-20220041-ICA1-EN",
      "Reference Quantity": "1",
      "Reference": "qm",
      "Area Weight (kg/m2)": "2.1",
      "Density (kg/m3)": "525.0"
    },
    {
      "UUID": "7c828537-8009-4ee4-9ef1-e6fd71d9421f",
      "Name": "EGGER Comfort Flooring",
      "Standard Conformity": "'DIN EN 15804+A2' / 'ISO 14025'",
      "Country Code": "DE",
      "Declaration owner": "Fritz EGGER GmbH & Co. OG",
      "Register Number": "EPD-EGG-20220010-IBC1-DE",
      "Reference Quantity": "1",
      "Reference": "qm",
      "Area Weight (kg/m2)": "7.82",
      "Density (kg/m3)": "7.82"
    },
    {
      "UUID": "8f590594-3d09-4a07-aed4-6e86836acfbd",
      "Name": "Jumpax® Strong",
      "Standard Conformity": "'EN 15804+A2' / 'ISO 14025'",
      "Country Code": "NL",
      "Declaration owner": "Unifloor B.V.",
      "Register Number": "EPD-Unifloor-261-EN",
      "Reference Quantity": "1",
      "Reference": "qm",
      "Area Weight (kg/m2)": "16.0"
    },
    {
      "UUID": "9b7c2880-e1ba-475b-809e-dc9ce72086cc",
      "Name": "Jumpax® HD",
      "Standard Conformity": "'EN 15804+A2' / 'ISO 14025'",
      "Country Code": "NL",
      "Declaration owner": "Unifloor B.V.",
      "Register Number": "EPD-Unifloor-258-EN",
      "Reference Quantity": "1",
      "Reference": "qm",
      "Area Weight (kg/m2)": "6.45"
    },
    {
      "UUID": "a76e756d-faa9-434f-a336-cd3db8e35465",
      "Name": "Marathon Premium®",
      "Standard Conformity": "'EN 15804+A2' / 'ISO 14025'",
      "Country Code": "NL",
      "Declaration owner": "Unifloor B.V.",
      "Register Number": "EPD-Unifloor-263-EN",
      "Reference Quantity": "1",
      "Reference": "qm",
      "Area Weight (kg/m2)": "2.95"
    },
    {
      "UUID": "abbd5ea6-8d70-4047-9cb5-690e23e58fc1",
      "Name": "Lindura® wood flooring",
      "Standard Conformity": "'DIN EN 15804+A2' / 'ISO 14025'",
      "Country Code": "DE",
      "Declaration owner": "MeisterWerke Schulte GmbH",
      "Register Number": "EPD-MWS-20220200-ICC1-DE",
      "Reference Quantity": "1",
      "Reference": "qm",
      "Area Weight (kg/m2)": "10.403",
      "Density (kg/m3)": "946.0"
    },
    {
      "UUID": "bc3f523c-0fc7-4bfe-981e-163c0c453907",
      "Name": "Veneered, wood flooring with HDF carrier (10 mm)",
      "Standard Conformity": "'DIN EN 15804+A2' / 'ISO 14025'",
      "Country Code": "BE",
      "Declaration owner": "Decospan NV",
      "Register Number": "EPD-DEC-20230148-IBA1-EN",
      "Reference Quantity": "1",
      "Reference": "qm",
      "Area Weight (kg/m2)": "9.49",
      "Density (kg/m3)": "850.0"
    },
    {
      "UUID": "f88ae566-9066-4399-83fa-52cc5bcbd5e6",
      "Name": "EGGER Design Flooring",
      "Standard Conformity": "'DIN EN 15804+A2' / 'ISO 14025'",
      "Country Code": "DE",
      "Declaration owner": "Fritz EGGER GmbH & Co. OG",
      "Register Number": "EPD-EGG-20220009-IBC1-DE",
      "Reference Quantity": "1",
      "Reference": "qm",
      "Area Weight (kg/m2)": "6.85",
      "Density (kg/m3)": "6.85"
    },
    {
      "UUID": "fb2d7d7a-d2e4-4b31-82df-d6e6c95e1173",
      "Name": "Veneered, wood flooring with HDF carrier and cork backing (10-12 mm)",
      "Standard Conformity": "'DIN EN 15804+A2' / 'ISO 14025'",
      "Country Code": "BE",
      "Declaration owner": "Decospan NV",
      "Register Number": "EPD-DEC-20230149-IBA1-EN",
      "Reference Quantity": "1",
      "Reference": "qm",
      "Area Weight (kg/m2)": "9.11",
      "Density (kg/m3)": "850.0"
    }
  ]
}