{
  "type": "materials",
  "path": "Gebäudetechnik / Sanitär / Dusch- und Badewannen",
  "items": [
    {
      "UUID": "2556af6f-0e61-42f4-9bca-8bd35c7521e0",
      "Name": "Acrylic bathtubs, shower trays and bath panels",
      "Standard Conformity": "'DIN EN 15804+A2' / 'ISO 14025'",
      "Country Code": "GLO",
      "Declaration owner": "DURAVIT AG",
      "Register Number": "EPD-DUR-20210239-IBC1-DE",
      "Reference Quantity": "1",
      "Reference": "qm",
      "Area Weight (kg/m2)": "17.91"
    },
    {
      "UUID": "c71cd5b5-b766-470f-a04b-4f39408777e9",
      "Name": "Acrylic bath and shower tub",
      "Standard Conformity": "'EN 15804+A2 (EF 3.1)'",
      "Country Code": "DE",
      "Declaration owner": "Sphera Solutions GmbH",
      "Reference Quantity": "1",
      "Reference": "kg"
    }
  ]
}