{
  "type": "materials",
  "path": "Beschichtungen / Reaktionsharze / Reaktionsharze auf Methacrylatbasis",
  "items": [
    {
      "UUID": "374ca550-9556-4a9c-9de5-a9cb80b8b8f1",
      "Name": "Reactive resin based on methacrylate resin",
      "Standard Conformity": "'EN 15804+A2 (EF 3.1)'",
      "Country Code": "DE",
      "Declaration owner": "Sphera Solutions GmbH",
      "Reference Quantity": "1",
      "Reference": "kg"
    },
    {
      "UUID": "7065503d-9548-4d84-a9df-382878ef50a6",
      "Name": "HUS4-MAX and KHC",
      "Standard Conformity": "'DIN EN 15804+A2' / 'ISO 14025'",
      "Country Code": "DE",
      "Declaration owner": "Hilti Aktiengesellschaft",
      "Register Number": "EPD-HIL-20230140-IBA1-EN",
      "Reference Quantity": "1",
      "Reference": "kg",
      "Density (kg/m3)": "1124.0"
    },
    {
      "UUID": "bc2e553e-cc8c-4fca-bff0-6d5323905ac8",
      "Name": "HVU2",
      "Standard Conformity": "'DIN EN 15804+A2' / 'ISO 14025'",
      "Country Code": "DE",
      "Declaration owner": "Hilti Aktiengesellschaft",
      "Register Number": "EPD-HIL-20220124-IBA1-EN",
      "Reference Quantity": "1",
      "Reference": "kg",
      "Density (kg/m3)": "2950.0"
    },
    {
      "UUID": "c1ec7c2b-6d7f-4c7c-adb4-84f39df82ac7",
      "Name": "HIT-HY 200-A V3",
      "Standard Conformity": "'DIN EN 15804+A2' / 'ISO 14025'",
      "Country Code": "DE",
      "Declaration owner": "Hilti Aktiengesellschaft",
      "Register Number": "EPD-HIL-20230038-IBA1-EN",
      "Reference Quantity": "1",
      "Reference": "kg",
      "Density (kg/m3)": "1830.0"
    },
    {
      "UUID": "c69b922e-f456-4d10-8cd9-4c86625b8030",
      "Name": "HIT-MM PLUS",
      "Standard Conformity": "'DIN EN 15804+A2' / 'ISO 14025'",
      "Country Code": "DE",
      "Declaration owner": "Hilti Aktiengesellschaft",
      "Register Number": "EPD-HIL-20230388-IBA4-EN",
      "Reference Quantity": "1",
      "Reference": "kg",
      "Density (kg/m3)": "1710.0"
    },
    {
      "UUID": "cfb80dd8-35a3-403c-9d6a-1bb09d7ae759",
      "Name": "HIT-CT 100",
      "Standard Conformity": "'DIN EN 15804+A2' / 'ISO 14025'",
      "Country Code": "RER",
      "Declaration owner": "Hilti Aktiengesellschaft",
      "Register Number": "EPD-HIL-20230383-IBA6-EN",
      "Reference Quantity": "1",
      "Reference": "kg",
      "Density (kg/m3)": "1845.0"
    }
  ]
}