{
  "type": "materials",
  "path": "Dämmstoffe / Expandiertes Polystyrol (EPS) / EPS weiß",
  "items": [
    {
      "UUID": "121c71e8-0f4c-4529-b72e-331198d15f0f",
      "Name": "2.2.01. EPS rigid foam insulation",
      "Standard Conformity": "'EN 15804+A2 (EF 3.1)'",
      "Country Code": "DE",
      "Declaration owner": "Sphera Solutions GmbH",
      "Reference Quantity": "1",
      "Reference": "m3",
      "Density (kg/m3)": "25.0"
    },
    {
      "UUID": "205b761d-e344-49c3-a3a9-bb1bfd59b916",
      "Name": "Expanded Polystyrene (EPS) Foam Insulation (density 15 kg/m³)",
      "Standard Conformity": "'DIN EN 15804+A2' / 'ISO 14025'",
      "Country Code": "DE",
      "Declaration owner": "Industrieverband Hartschaum e.V., IVH",
      "Register Number": "EPD-IVH-20220129-CBG1-DE",
      "Reference Quantity": "1",
      "Reference": "m3",
      "Density (kg/m3)": "15.0"
    },
    {
      "UUID": "4e83c488-bb36-40b0-bfd4-b2aa7f1c0f04",
      "Name": "Expanded Polystyrene (EPS) Foam Insulation (density 30 kg/m³)",
      "Standard Conformity": "'DIN EN 15804+A2' / 'ISO 14025'",
      "Country Code": "DE",
      "Declaration owner": "Industrieverband Hartschaum e.V., IVH",
      "Register Number": "EPD-IVH-20220132-CBG1-DE",
      "Reference Quantity": "1",
      "Reference": "m3",
      "Density (kg/m3)": "30.0"
    },
    {
      "UUID": "757297f1-9325-4df4-af51-96510be76bf3",
      "Name": "Expanded Polystyrene (EPS) Foam Insulation (density 20 kg/m³)",
      "Standard Conformity": "'DIN EN 15804+A2' / 'ISO 14025'",
      "Country Code": "DE",
      "Declaration owner": "Bundesfachabteilung Qualitätssicherung EPS-Hartschaum BFA QS EPS",
      "Register Number": "EPD-IVH-20220130-CBG1-DE",
      "Reference Quantity": "1",
      "Reference": "m3",
      "Density (kg/m3)": "20.0"
    },
    {
      "UUID": "8f6daa87-b2ee-4eb0-95e0-737ac8c6a59f",
      "Name": "Polystyrene foam filling (cement bound)",
      "Standard Conformity": "'EN 15804+A2 (EF 3.1)'",
      "Country Code": "DE",
      "Declaration owner": "Sphera Solutions GmbH",
      "Reference Quantity": "1",
      "Reference": "m3",
      "Density (kg/m3)": "350.0"
    },
    {
      "UUID": "cb582d00-b984-4bb8-ab2e-5302678a721d",
      "Name": "Expanded Polystyrene (EPS) Foam Insulation (density 25 kg/m³)",
      "Standard Conformity": "'DIN EN 15804+A2' / 'ISO 14025'",
      "Country Code": "DE",
      "Declaration owner": "Industrieverband Hartschaum e.V., IVH",
      "Register Number": "EPD-IVH-20220131-CBG1-DE",
      "Reference Quantity": "1",
      "Reference": "m3",
      "Density (kg/m3)": "25.0"
    },
    {
      "UUID": "f2552bdf-c847-4ef8-9665-c37e8ef4d44d",
      "Name": "Polystyrene foam filling (without binder)",
      "Standard Conformity": "'EN 15804+A2 (EF 3.1)'",
      "Country Code": "DE",
      "Declaration owner": "Sphera Solutions GmbH",
      "Reference Quantity": "1",
      "Reference": "m3",
      "Density (kg/m3)": "15.0"
    }
  ]
}