{
  "type": "materials",
  "path": "End of Life / Generisch / Holz",
  "items": [
    {
      "UUID": "53945e96-502a-4c3f-b487-f087b1fabcb7",
      "Name": "Wood-based products incineration in municipal solid waste plant",
      "Standard Conformity": "'EN 15804+A2 (EF 3.1)'",
      "Country Code": "DE",
      "Declaration owner": "Sphera Solutions GmbH",
      "Reference Quantity": "1",
      "Reference": "kg"
    },
    {
      "UUID": "cf7efcf5-0dad-4c2e-b28b-d83c7f701d74",
      "Name": "Natural wood incineration in municipal solid waste plant",
      "Standard Conformity": "'EN 15804+A2 (EF 3.1)'",
      "Country Code": "DE",
      "Declaration owner": "Sphera Solutions GmbH",
      "Reference Quantity": "1",
      "Reference": "kg"
    }
  ]
}