{
  "type": "materials",
  "path": "Gebäudetechnik / Elektro / Schalter und Steckdosen",
  "items": [
    {
      "UUID": "c2d904ce-485d-4fa2-8606-4e108d0bddcc",
      "Name": "EntriWorX Unit 92 40",
      "Standard Conformity": "'DIN EN 15804+A2' / 'ISO 14025'",
      "Country Code": "DE",
      "Declaration owner": "dormakaba International Holding GmbH",
      "Register Number": "EPD-DOR-20220087-CBA3-EN",
      "Reference Quantity": "1",
      "Reference": "pcs."
    },
    {
      "UUID": "cd14449e-1231-4f12-babc-99bf9a598691",
      "Name": "Electric socket",
      "Standard Conformity": "'EN 15804+A2 (EF 3.1)'",
      "Country Code": "DE",
      "Declaration owner": "Sphera Solutions GmbH",
      "Reference Quantity": "1",
      "Reference": "pcs."
    },
    {
      "UUID": "ec113894-769a-464d-acc7-52b01f0c1775",
      "Name": "Rocker lightswitch",
      "Standard Conformity": "'EN 15804+A2 (EF 3.1)'",
      "Country Code": "DE",
      "Declaration owner": "Sphera Solutions GmbH",
      "Reference Quantity": "1",
      "Reference": "pcs."
    }
  ]
}