{
  "type": "materials",
  "path": "Dämmstoffe / Dämmelemente / Isokörbe",
  "items": [
    {
      "UUID": "465df431-4227-44fe-a5bf-148106f5ad8e",
      "Name": "Schöck Isokorb® (X)T Typ Q",
      "Standard Conformity": "'DIN EN 15804+A2' / 'ISO 14025'",
      "Country Code": "RER",
      "Declaration owner": "Schöck Bauteile GmbH",
      "Register Number": "EPD-SBG-20210313-IBC1-DE",
      "Reference Quantity": "1",
      "Reference": "pcs."
    },
    {
      "UUID": "c5d07bee-d468-4468-bd69-93f019a4123b",
      "Name": "HALFEN Iso-ElemenT HIT-HP/SP",
      "Standard Conformity": "'DIN EN 15804+A2' / 'ISO 14025'",
      "Country Code": "RER",
      "Declaration owner": "Leviat GmbH",
      "Register Number": "EPD-HAL-20230142-IBC1-EN",
      "Reference Quantity": "1",
      "Reference": "m"
    }
  ]
}