{
  "type": "materials",
  "path": "Holz / Holzböden / Kork",
  "items": [
    {
      "UUID": "348671a9-852b-4bb0-bcc3-3847e5e4a843",
      "Name": "Cork slab, 8 mm (generic)",
      "Standard Conformity": "'EN 15804+A2 (EF 3.1)'",
      "Country Code": "DE",
      "Declaration owner": "Sphera Solutions GmbH",
      "Reference Quantity": "1",
      "Reference": "qm",
      "Area Weight (kg/m2)": "3.6"
    },
    {
      "UUID": "b49b3145-9b55-46db-9a28-2359355f398e",
      "Name": "Cork slab, 6 mm (generic)",
      "Standard Conformity": "'EN 15804+A2 (EF 3.1)'",
      "Country Code": "DE",
      "Declaration owner": "Sphera Solutions GmbH",
      "Reference Quantity": "1",
      "Reference": "qm",
      "Area Weight (kg/m2)": "2.7"
    },
    {
      "UUID": "dfb4dceb-e6a4-4fd8-bb42-f06b4e414e38",
      "Name": "Cork slab, 4 mm (generic)",
      "Standard Conformity": "'EN 15804+A2 (EF 3.1)'",
      "Country Code": "DE",
      "Declaration owner": "Sphera Solutions GmbH",
      "Reference Quantity": "1",
      "Reference": "qm",
      "Area Weight (kg/m2)": "1.8"
    }
  ]
}