{
  "type": "materials",
  "path": "Gebäudetechnik / Sanitär / Sanitärkeramik",
  "items": [
    {
      "UUID": "39586b11-8d80-4d0a-b881-64f8e1de1341",
      "Name": "Toilet seat/cover (Duroplast)",
      "Standard Conformity": "'EN 15804+A2 (EF 3.1)'",
      "Country Code": "DE",
      "Declaration owner": "Sphera Solutions GmbH",
      "Reference Quantity": "1",
      "Reference": "pcs."
    },
    {
      "UUID": "b0b0507d-a53c-46cb-a723-0aca14eca582",
      "Name": "Sanitary ceramic",
      "Standard Conformity": "'DIN EN 15804+A2' / 'ISO 14025'",
      "Country Code": "DE",
      "Declaration owner": "DURAVIT AG",
      "Register Number": "EPD-DUR-20210288-IBC1-DE",
      "Reference Quantity": "1000",
      "Reference": "kg"
    },
    {
      "UUID": "f1974493-0668-4b34-880b-21c3f27345bc",
      "Name": "Sanitary ceramic",
      "Standard Conformity": "'EN 15804+A2 (EF 3.1)'",
      "Country Code": "DE",
      "Declaration owner": "Sphera Solutions GmbH",
      "Reference Quantity": "1",
      "Reference": "kg"
    },
    {
      "UUID": "f86b4483-6856-4013-b308-12ff14e587a6",
      "Name": "Ceramic Fine Fireclay ISI",
      "Standard Conformity": "'DIN EN 15804+A2' / 'ISO 14025'",
      "Country Code": "RER",
      "Declaration owner": "Ideal standard International",
      "Register Number": "EPD-IDE-20230006-IBD1-EN",
      "Reference Quantity": "0.001",
      "Reference": "kg",
      "Density (kg/m3)": "2.35"
    }
  ]
}