{
  "type": "materials",
  "path": "Komponenten von Fenstern und Vorhangfassaden / Dichtungskomponenten / -materialien / Elastomer-Fugenbänder",
  "items": [
    {
      "UUID": "1ce3e0f7-c189-469a-903d-1c1948fe2d15",
      "Name": "Elastomer joint tape, polysulfide",
      "Standard Conformity": "'EN 15804+A2 (EF 3.1)'",
      "Country Code": "DE",
      "Declaration owner": "Sphera Solutions GmbH",
      "Reference Quantity": "1",
      "Reference": "kg"
    },
    {
      "UUID": "4ff98099-91cf-44da-8b19-1dcc8b77baa9",
      "Name": "Elastomer joint tape, silicone rubber",
      "Standard Conformity": "'EN 15804+A2 (EF 3.1)'",
      "Country Code": "DE",
      "Declaration owner": "Sphera Solutions GmbH",
      "Reference Quantity": "1",
      "Reference": "kg"
    },
    {
      "UUID": "72b45474-39fa-4723-8069-a58eda55f014",
      "Name": "Elastomer joint tape, polyurethane",
      "Standard Conformity": "'EN 15804+A2 (EF 3.1)'",
      "Country Code": "DE",
      "Declaration owner": "Sphera Solutions GmbH",
      "Reference Quantity": "1",
      "Reference": "kg"
    }
  ]
}