{
  "type": "materials",
  "path": "Holz / Vollholz / Konstruktionsvollholz",
  "items": [
    {
      "UUID": "55a6caa5-0c2f-410f-b752-f78e20ed93fa",
      "Name": "Structural finger jointed solid timber",
      "Standard Conformity": "'DIN EN 15804+A2' / 'ISO 14025'",
      "Country Code": "AT",
      "Declaration owner": "Rubner Holding AG - S.p.A.",
      "Register Number": "EPD-RUB-20230229-IBC1-DE",
      "Reference Quantity": "1",
      "Reference": "m3",
      "Density (kg/m3)": "465.0"
    },
    {
      "UUID": "6b363ddc-f127-4d44-9f4b-54daada07465",
      "Name": "Solid construction timber (generic, 15% moisture / 13% H2O content)",
      "Standard Conformity": "'EN 15804+A2 (EF 3.1)'",
      "Country Code": "DE",
      "Declaration owner": "Sphera Solutions GmbH",
      "Reference Quantity": "1",
      "Reference": "m3",
      "Density (kg/m3)": "529.0"
    },
    {
      "UUID": "792a0e85-3893-4aa3-8613-4898b9838fae",
      "Name": "Structural finger jointed solid timber & GLT® ? Girder Longitudinally Tensiletested",
      "Standard Conformity": "'DIN EN 15804+A2' / 'ISO 14025'",
      "Country Code": "AT",
      "Declaration owner": "HASSLACHER Holding GmbH",
      "Register Number": "EPD-HAS-20210170-IBD1-DE",
      "Reference Quantity": "1",
      "Reference": "m3",
      "Density (kg/m3)": "470.0"
    },
    {
      "UUID": "7aba3603-0689-4da5-8d24-fd92ae398d07",
      "Name": "KVH structural timber (German average)",
      "Standard Conformity": "'EN 15804+A2' / 'EN 16485'",
      "Country Code": "DE",
      "Declaration owner": "Thünen-Institut für Holzforschung",
      "Reference Quantity": "1",
      "Reference": "m3",
      "Density (kg/m3)": "492.92"
    },
    {
      "UUID": "bb838307-4509-4d98-864a-6cb96aaa39a6",
      "Name": "Cross-laminated timber",
      "Standard Conformity": "'DIN EN 15804+A2' / 'ISO 14025'",
      "Country Code": "AT",
      "Declaration owner": "Mayr-Melnhof Holz Holding AG",
      "Register Number": "EPD-MAY-20240070-IBA1-DE",
      "Reference Quantity": "1",
      "Reference": "m3",
      "Density (kg/m3)": "470.0"
    },
    {
      "UUID": "e70d9027-5315-481c-92e2-7b7d8a02eaba",
      "Name": "holzius ? solid wood slab elements",
      "Standard Conformity": "'DIN EN 15804+A2' / 'ISO 14025'",
      "Country Code": "IT",
      "Declaration owner": "Rubner Holding AG - S.p.A.",
      "Register Number": "EPD-HOL-20230236-IBC1-DE",
      "Reference Quantity": "1",
      "Reference": "m3",
      "Density (kg/m3)": "495.0"
    }
  ]
}