{
  "type": "materials",
  "path": "Holz / Holzwerkstoffe / Elemente aus Holzwerkstoffen",
  "items": [
    {
      "UUID": "75cbc83d-9364-4591-84b3-d2b828857cd9",
      "Name": "Kielsteg elements made of wood with inner framework OSB 158.3 kg/m³",
      "Standard Conformity": "'EN 15804+A2' / 'ISO 14025'",
      "Country Code": "AT",
      "Declaration owner": "Kielsteg GmbH",
      "Register Number": "BAU-EPD-Kielsteg-2024-1-Ecoinvent",
      "Reference Quantity": "1",
      "Reference": "m3",
      "Density (kg/m3)": "158.3"
    },
    {
      "UUID": "b3d43cd9-ff27-43f4-8123-b206aa41d5a8",
      "Name": "Kielsteg Elemente aus Holz mit innerem Fachwerk PLY 158 kg/m³",
      "Standard Conformity": "'EN 15804+A2' / 'ISO 14025'",
      "Country Code": "AT",
      "Declaration owner": "Kielsteg GmbH",
      "Register Number": "BAU-EPD-Kielsteg-2024-1-Ecoinvent",
      "Reference Quantity": "1",
      "Reference": "m3",
      "Density (kg/m3)": "158.3"
    }
  ]
}