{
  "type": "materials",
  "path": "Holz / Holzwerkstoffe / 3- und 5-Schichtplatten",
  "items": [
    {
      "UUID": "27f20dc1-5529-4194-8a06-1ae5b7ba6a51",
      "Name": "3- and 5-layer solid wood panel (German average)",
      "Standard Conformity": "'EN 15804+A2' / 'EN 16485'",
      "Country Code": "DE",
      "Declaration owner": "Thünen-Institut für Holzforschung",
      "Reference Quantity": "1",
      "Reference": "m3",
      "Density (kg/m3)": "510.45"
    },
    {
      "UUID": "3489c0eb-415f-4dc8-8c2d-b276f6efebc6",
      "Name": "Five-layer laminated timber board (generic)",
      "Standard Conformity": "'EN 15804+A2 (EF 3.1)'",
      "Country Code": "DE",
      "Declaration owner": "Sphera Solutions GmbH",
      "Reference Quantity": "1",
      "Reference": "m3",
      "Density (kg/m3)": "472.0"
    },
    {
      "UUID": "9d0f1390-089c-4352-87d0-ff0ea5599b12",
      "Name": "Nordpan ? Solid wood panels (Update)",
      "Standard Conformity": "'DIN EN 15804+A2' / 'ISO 14025'",
      "Country Code": "RER",
      "Declaration owner": "Rubner Holding AG - S.p.A.",
      "Register Number": "EPD-NOR-20230235-IBD2-EN",
      "Reference Quantity": "1",
      "Reference": "m3",
      "Density (kg/m3)": "493.0"
    },
    {
      "UUID": "e298e69e-ec22-4c73-b643-7444520133a4",
      "Name": "Three layer laminated timber board (generic)",
      "Standard Conformity": "'EN 15804+A2 (EF 3.1)'",
      "Country Code": "DE",
      "Declaration owner": "Sphera Solutions GmbH",
      "Reference Quantity": "1",
      "Reference": "m3",
      "Density (kg/m3)": "472.0"
    }
  ]
}