{
  "type": "materials",
  "path": "Dämmstoffe / Polyurethan-Hartschaum (PU) / PU Blockschaum",
  "items": [
    {
      "UUID": "88bb132e-6693-4fd4-86c3-673975f3b7dd",
      "Name": "Therma? TR29 / Therma? TT49",
      "Standard Conformity": "'DIN EN 15804+A2' / 'ISO 14025'",
      "Country Code": "RER",
      "Declaration owner": "Kingspan Insulation B.V.",
      "Register Number": "EPD-KIN-20230172-CBA1-EN",
      "Reference Quantity": "1",
      "Reference": "qm",
      "Area Weight (kg/m2)": "7.2",
      "Density (kg/m3)": "60.0"
    },
    {
      "UUID": "b960f95d-466b-4014-9565-64e51407a364",
      "Name": "PUR rigid foam",
      "Standard Conformity": "'EN 15804+A2 (EF 3.1)'",
      "Country Code": "DE",
      "Declaration owner": "Sphera Solutions GmbH",
      "Reference Quantity": "1",
      "Reference": "m3",
      "Density (kg/m3)": "30.0"
    },
    {
      "UUID": "d8155365-47b4-47f9-a790-707d43b05619",
      "Name": "Double skin steel faced sandwich panels with a core made of polyurethane",
      "Standard Conformity": "'DIN EN 15804+A2' / 'ISO 14025'",
      "Country Code": "RER",
      "Declaration owner": "European Association for Panels and Profiles e. V. (PPA-Europe)",
      "Register Number": "EPD-PPA-20240128-CBG2-EN",
      "Reference Quantity": "1",
      "Reference": "qm",
      "Area Weight (kg/m2)": "12.6"
    }
  ]
}