{
  "type": "materials",
  "path": "Gebäudetechnik / Elektro / Kabel",
  "items": [
    {
      "UUID": "1604f900-851d-4785-a409-42a88d753200",
      "Name": "Cable 5-wire",
      "Standard Conformity": "'EN 15804+A2 (EF 3.1)'",
      "Country Code": "DE",
      "Declaration owner": "Sphera Solutions GmbH",
      "Reference Quantity": "1",
      "Reference": "m"
    },
    {
      "UUID": "2eebfe0e-1260-4164-9d77-4bb332b9ef33",
      "Name": "Cable support systems - OBO Bettermann - cable tray",
      "Standard Conformity": "'EN 15804+A2'",
      "Country Code": "RER",
      "Declaration owner": "OBO BETTERMANN GmbH & Co. KG",
      "Register Number": "EPD-KTO-17.0",
      "Reference Quantity": "1",
      "Reference": "m"
    },
    {
      "UUID": "6ebc58ab-397d-4280-9de3-ba92b4bd1f03",
      "Name": "Cable support systems - OBO Bettermann - mesh cable tray",
      "Standard Conformity": "'EN 15804+A2'",
      "Country Code": "RER",
      "Declaration owner": "OBO BETTERMANN GmbH & Co. KG",
      "Register Number": "EPD-KTO-17.0",
      "Reference Quantity": "1",
      "Reference": "m"
    },
    {
      "UUID": "8f7593db-61e3-4e35-878d-349d41988280",
      "Name": "Cable support systems - OBO Bettermann - cable ladder",
      "Standard Conformity": "'EN 15804+A2'",
      "Country Code": "RER",
      "Declaration owner": "OBO BETTERMANN GmbH & Co. KG",
      "Register Number": "EPD-KTO-17.0",
      "Reference Quantity": "1",
      "Reference": "m"
    },
    {
      "UUID": "93ee076c-d564-42a3-8ad7-ec83e339150d",
      "Name": "Cable support systems - OBO Bettermann - wide-span systems",
      "Standard Conformity": "'EN 15804+A2'",
      "Country Code": "RER",
      "Declaration owner": "OBO BETTERMANN GmbH & Co. KG",
      "Register Number": "EPD-KTO-17.0",
      "Reference Quantity": "1",
      "Reference": "m"
    },
    {
      "UUID": "b6e98ada-b4ee-41d6-bc1f-1b6a6a9379f2",
      "Name": "Cable 3-wire",
      "Standard Conformity": "'EN 15804+A2 (EF 3.1)'",
      "Country Code": "DE",
      "Declaration owner": "Sphera Solutions GmbH",
      "Reference Quantity": "1",
      "Reference": "m"
    },
    {
      "UUID": "e4b63ac8-2194-4511-aa59-38132ff71387",
      "Name": "Cable CAT 7",
      "Standard Conformity": "'EN 15804+A2 (EF 3.1)'",
      "Country Code": "DE",
      "Declaration owner": "Sphera Solutions GmbH",
      "Reference Quantity": "1",
      "Reference": "m"
    },
    {
      "UUID": "f52e3411-95da-40e8-8a83-fc95fac0c961",
      "Name": "Cable 1-wire",
      "Standard Conformity": "'EN 15804+A2 (EF 3.1)'",
      "Country Code": "DE",
      "Declaration owner": "Sphera Solutions GmbH",
      "Reference Quantity": "1",
      "Reference": "m"
    }
  ]
}