{
  "type": "materials",
  "path": "Beschichtungen / Fassadenfarben / Dispersion",
  "items": [
    {
      "UUID": "5db23634-51e2-425f-818f-643df5714b22",
      "Name": "StoColor Lotusan®",
      "Standard Conformity": "'EN 15804+A2 (EF 3.0)' / 'ISO 14025'",
      "Country Code": "EU-27",
      "Declaration owner": "Sto SE & Co. KGaA",
      "Register Number": "EPD-Kiwa-EE-000417-EN",
      "Reference Quantity": "1",
      "Reference": "kg",
      "Density (kg/m3)": "1500.0"
    },
    {
      "UUID": "8c5e949d-1b5e-4dc6-b6ae-bfc8e6c863ce",
      "Name": "Applicationpaint emulsion, dispersion paint",
      "Standard Conformity": "'EN 15804+A2 (EF 3.1)'",
      "Country Code": "DE",
      "Declaration owner": "Sphera Solutions GmbH",
      "Reference Quantity": "1",
      "Reference": "kg"
    }
  ]
}