{
  "type": "materials",
  "path": "Komponenten von Fenstern und Vorhangfassaden / Antriebssysteme / mechanisch",
  "items": [
    {
      "UUID": "368476df-7ee1-4559-8fe8-dfdfefa69781",
      "Name": "Floor spring BTS 65",
      "Standard Conformity": "'DIN EN 15804+A2' / 'ISO 14025'",
      "Country Code": "CN",
      "Declaration owner": "dormakaba International Holding GmbH",
      "Register Number": "EPD-DOR-20220165-CBA1-EN",
      "Reference Quantity": "1",
      "Reference": "pcs."
    }
  ]
}