{
  "type": "materials",
  "path": "Dämmstoffe / Stroh / Strohballen",
  "items": [
    {
      "UUID": "00fe2655-02ad-4ded-925a-af9b8f1a27c8",
      "Name": "FASBA e.V. Baustroh 100 kg/m³ GaBi - 2024",
      "Standard Conformity": "'EN 15804+A2 (EF 3.1)' / 'ISO 14025'",
      "Country Code": "DE",
      "Declaration owner": "FASBA e.V.",
      "Register Number": "BAU-EPD-2024-1-GaBi-Baustroh",
      "Reference Quantity": "1",
      "Reference": "m3",
      "Density (kg/m3)": "100.0"
    },
    {
      "UUID": "e45e2b55-a8c4-4037-bc7d-e3718c4e28f3",
      "Name": "2.23.01. Straw insulation",
      "Standard Conformity": "'EN 15804+A2 (EF 3.1)'",
      "Country Code": "DE",
      "Declaration owner": "Sphera Solutions GmbH",
      "Reference Quantity": "1",
      "Reference": "m3",
      "Density (kg/m3)": "100.0"
    }
  ]
}