{
  "type": "materials",
  "path": "Beschichtungen / Lacke und Lasuren / Lacksysteme Holzfassade",
  "items": [
    {
      "UUID": "10c87a16-01f1-4948-9d52-45e364d28534",
      "Name": "Application top coating water based (facade)",
      "Standard Conformity": "'EN 15804+A2 (EF 3.1)'",
      "Country Code": "DE",
      "Declaration owner": "Sphera Solutions GmbH",
      "Reference Quantity": "1",
      "Reference": "kg"
    },
    {
      "UUID": "d0f21725-9c8e-41b7-9e38-83878b95930b",
      "Name": "Application coating water based glaze (facade)",
      "Standard Conformity": "'EN 15804+A2 (EF 3.1)'",
      "Country Code": "DE",
      "Declaration owner": "Sphera Solutions GmbH",
      "Reference Quantity": "1",
      "Reference": "kg"
    }
  ]
}