{
  "type": "materials",
  "path": "Gebäudetechnik / Nutzung / Nutzung Wärmeerzeuger (EnEV)",
  "items": [
    {
      "UUID": "500e3171-60de-4694-ade3-bb0cd3013a17",
      "Name": "Use - 1 kWh of final energy from wood pellets (according to GEG)",
      "Standard Conformity": "'EN 15804+A2 (EF 3.1)'",
      "Country Code": "DE",
      "Declaration owner": "Sphera Solutions GmbH",
      "Reference Quantity": "3.6",
      "Reference": "MJ"
    },
    {
      "UUID": "598f3af6-24a1-47b1-9ca5-16cdffb2d0ed",
      "Name": "Usage - gas heat pump air (20 kW, 0 °C, acc. GEG)",
      "Standard Conformity": "'EN 15804+A2 (EF 3.1)'",
      "Country Code": "DE",
      "Declaration owner": "Sphera Solutions GmbH",
      "Reference Quantity": "3.6",
      "Reference": "MJ"
    },
    {
      "UUID": "6ecefd2c-71c8-44f1-9959-6a8567a661c9",
      "Name": "Use - 1 kWh of final energy from oil low temp. and calorific value (acc. GEG)",
      "Standard Conformity": "'EN 15804+A2 (EF 3.1)'",
      "Country Code": "DE",
      "Declaration owner": "Sphera Solutions GmbH",
      "Reference Quantity": "3.6",
      "Reference": "MJ"
    },
    {
      "UUID": "71065052-0c9e-49d7-9275-5778f1da1e32",
      "Name": "Usage - gas heat pump air (70 kW, 7 °C, acc. GEG)",
      "Standard Conformity": "'EN 15804+A2 (EF 3.1)'",
      "Country Code": "DE",
      "Declaration owner": "Sphera Solutions GmbH",
      "Reference Quantity": "3.6",
      "Reference": "MJ"
    },
    {
      "UUID": "84aa7483-9824-49a9-a3e3-f9fb092ea7b7",
      "Name": "Use - 1 kWh of final energy from gas calorific value (according to GEG)",
      "Standard Conformity": "'EN 15804+A2 (EF 3.1)'",
      "Country Code": "DE",
      "Declaration owner": "Sphera Solutions GmbH",
      "Reference Quantity": "3.6",
      "Reference": "MJ"
    },
    {
      "UUID": "9382de18-767b-45c9-8826-fb5ca7343735",
      "Name": "Usage - gas heat pump air (20 kW, 7 °C, acc. GEG)",
      "Standard Conformity": "'EN 15804+A2 (EF 3.1)'",
      "Country Code": "DE",
      "Declaration owner": "Sphera Solutions GmbH",
      "Reference Quantity": "3.6",
      "Reference": "MJ"
    },
    {
      "UUID": "99b94822-b67a-41e9-b97e-87506985f4d5",
      "Name": "Use - 1 kWh of final energy from wood chips (according to GEG)",
      "Standard Conformity": "'EN 15804+A2 (EF 3.1)'",
      "Country Code": "DE",
      "Declaration owner": "Sphera Solutions GmbH",
      "Reference Quantity": "3.6",
      "Reference": "MJ"
    },
    {
      "UUID": "9bd52359-dccf-4057-81cb-39fc7f3690ce",
      "Name": "Usage - district heating (120-400 kW, according to GEG)",
      "Standard Conformity": "'EN 15804+A2 (EF 3.1)'",
      "Country Code": "DE",
      "Declaration owner": "Sphera Solutions GmbH",
      "Reference Quantity": "3.6",
      "Reference": "MJ"
    },
    {
      "UUID": "c8588c14-1264-4584-a580-f54883fda8b8",
      "Name": "Usage - flat collector (1m² and year), acc. GEG",
      "Standard Conformity": "'EN 15804+A2 (EF 3.1)'",
      "Country Code": "DE",
      "Declaration owner": "Sphera Solutions GmbH",
      "Reference Quantity": "1125.2919908702",
      "Reference": "MJ"
    },
    {
      "UUID": "cb5fc124-57f3-4609-b9ba-20394ca24f0a",
      "Name": "Usage - gas heat pump air (70 kW, 0 °C, acc. GEG)",
      "Standard Conformity": "'EN 15804+A2 (EF 3.1)'",
      "Country Code": "DE",
      "Declaration owner": "Sphera Solutions GmbH",
      "Reference Quantity": "3.6",
      "Reference": "MJ"
    },
    {
      "UUID": "e39565a1-2e1a-4ce2-bc1b-bf678b80bb62",
      "Name": "Usage - district heating (20-120 kW, acc. GEG)",
      "Standard Conformity": "'EN 15804+A2 (EF 3.1)'",
      "Country Code": "DE",
      "Declaration owner": "Sphera Solutions GmbH",
      "Reference Quantity": "3.6",
      "Reference": "MJ"
    },
    {
      "UUID": "e7f3ae4f-5a85-41ac-9f47-5a5afa2e2312",
      "Name": "Use - 1 kWh of final energy from gas low-temperature (according to GEG)",
      "Standard Conformity": "'EN 15804+A2 (EF 3.1)'",
      "Country Code": "DE",
      "Declaration owner": "Sphera Solutions GmbH",
      "Reference Quantity": "3.6",
      "Reference": "MJ"
    },
    {
      "UUID": "f2e46d41-dcb5-4bf2-8759-4ba484a3354c",
      "Name": "Usage - tube collector (1m² and year), acc. GEG",
      "Standard Conformity": "'EN 15804+A2 (EF 3.1)'",
      "Country Code": "DE",
      "Declaration owner": "Sphera Solutions GmbH",
      "Reference Quantity": "1454.48000706215",
      "Reference": "MJ"
    }
  ]
}