{
  "type": "materials",
  "path": "Gebäudetechnik / Klimatisierung und Lüftung / Klimatisierung/Kältemaschinen",
  "items": [
    {
      "UUID": "cc071698-9d73-4315-b470-e13dfcdba10a",
      "Name": "Chiller (500kW)",
      "Standard Conformity": "'EN 15804+A2 (EF 3.1)'",
      "Country Code": "DE",
      "Declaration owner": "Sphera Solutions GmbH",
      "Reference Quantity": "1",
      "Reference": "pcs."
    },
    {
      "UUID": "d6a6a07b-4191-4055-80e7-f1cf99f0b246",
      "Name": "Air conditioning system (per 1 kW)",
      "Standard Conformity": "'EN 15804+A2 (EF 3.1)'",
      "Country Code": "DE",
      "Declaration owner": "Sphera Solutions GmbH",
      "Reference Quantity": "1",
      "Reference": "pcs."
    },
    {
      "UUID": "e0879553-3007-466e-bd9a-005492d6600f",
      "Name": "Blue e, 1 kW",
      "Standard Conformity": "'EN 15804+A2' / 'ISO 14025'",
      "Country Code": "DE",
      "Declaration owner": "RITTAL GmbH & Co. KG",
      "Register Number": "EPD-Kiwa-EE-175929-EN",
      "Reference Quantity": "1",
      "Reference": "pcs."
    },
    {
      "UUID": "e6fbaec2-0f53-41ed-97b5-7495ad42c368",
      "Name": "Blue e+S, 1 kW",
      "Standard Conformity": "'EN 15804+A2' / 'ISO 14025'",
      "Country Code": "DE",
      "Declaration owner": "RITTAL GmbH & Co. KG",
      "Register Number": "EPD-Kiwa-EE-175930-EN",
      "Reference Quantity": "1",
      "Reference": "pcs."
    }
  ]
}