{
  "type": "materials",
  "path": "Holz / Holzwerkstoffe / Funierschichtholz",
  "items": [
    {
      "UUID": "27f4902c-8a26-4a87-b723-f4a650350781",
      "Name": "Laminated veneer board (generic)",
      "Standard Conformity": "'EN 15804+A2 (EF 3.1)'",
      "Country Code": "DE",
      "Declaration owner": "Sphera Solutions GmbH",
      "Reference Quantity": "1",
      "Reference": "m3",
      "Density (kg/m3)": "465.7"
    },
    {
      "UUID": "ac539ecb-0232-4287-b70e-f3468873750f",
      "Name": "Pollmeier LVL",
      "Standard Conformity": "'DIN EN 15804+A2' / 'ISO 14025'",
      "Country Code": "DE",
      "Declaration owner": "Pollmeier Furnierwerkstoffe GmbH",
      "Register Number": "EPD-POL-20230327-IBA3-DE",
      "Reference Quantity": "1",
      "Reference": "m3",
      "Density (kg/m3)": "540.0"
    },
    {
      "UUID": "febd8371-0fb6-494f-9a37-d008226e38fa",
      "Name": "BauBuche",
      "Standard Conformity": "'DIN EN 15804+A2' / 'ISO 14025'",
      "Country Code": "DE",
      "Declaration owner": "Pollmeier Furnierwerkstoffe GmbH",
      "Register Number": "EPD-POL-20230326-IBA1-DE",
      "Reference Quantity": "1",
      "Reference": "m3",
      "Density (kg/m3)": "800.0"
    }
  ]
}