{
  "type": "materials",
  "path": "Dämmstoffe / Polyurethan-Hartschaum (PU) / PU mit Mineralvlies",
  "items": [
    {
      "UUID": "d2ddb24b-d12f-44d5-9317-182e2fcb65e0",
      "Name": "Therma? TW55 R",
      "Standard Conformity": "'DIN EN 15804+A2' / 'ISO 14025'",
      "Country Code": "RER",
      "Declaration owner": "Kingspan Insulation B.V.",
      "Register Number": "EPD-KIN-20230170-CBA1-EN",
      "Reference Quantity": "1",
      "Reference": "qm",
      "Area Weight (kg/m2)": "2.1",
      "Density (kg/m3)": "30.0"
    }
  ]
}