{
  "type": "materials",
  "path": "Dämmstoffe / Schaumglas / Platten",
  "items": [
    {
      "UUID": "0c5b9283-7cd1-4bb5-9028-05bd9f3704de",
      "Name": "GLAPOR cellular glass boards",
      "Standard Conformity": "'DIN EN 15804+A2' / 'ISO 14025'",
      "Country Code": "DE",
      "Declaration owner": "GLAPOR Werk Mitterteich GmbH",
      "Register Number": "EPD-GLP-20230179-CBA2-EN",
      "Reference Quantity": "1",
      "Reference": "m3",
      "Density (kg/m3)": "120.0"
    },
    {
      "UUID": "44d20812-1ed2-4e11-9cf0-54a3b7eb56fa",
      "Name": "FOAMGLAS® T3+",
      "Standard Conformity": "'DIN EN 15804+A2' / 'ISO 14025'",
      "Country Code": "RER",
      "Declaration owner": "Pittsburgh Corning Europe NV",
      "Register Number": "EPD-PCE-20200300-IBB2-EN",
      "Reference Quantity": "1",
      "Reference": "kg",
      "Density (kg/m3)": "100.0"
    },
    {
      "UUID": "7091503e-34e5-44cd-9acb-7c2f16f6097f",
      "Name": "Foam glass insulation material",
      "Standard Conformity": "'EN 15804+A2 (EF 3.1)'",
      "Country Code": "DE",
      "Declaration owner": "Sphera Solutions GmbH",
      "Reference Quantity": "1",
      "Reference": "kg",
      "Density (kg/m3)": "165.0"
    },
    {
      "UUID": "95886630-f9f9-470b-9422-aa27af79df36",
      "Name": "StoSilent Board 205 C",
      "Standard Conformity": "'EN 15804+A2' / 'ISO 14025'",
      "Country Code": "EU-27",
      "Declaration owner": "Sto SE & Co. KGaA",
      "Register Number": "EPD-Kiwa-EE-140082-EN",
      "Reference Quantity": "1",
      "Reference": "qm",
      "Area Weight (kg/m2)": "6.6"
    },
    {
      "UUID": "a213836d-1a3f-4bf7-8d60-8dc7899e069d",
      "Name": "StoSilent Board 100 S, 105 C, 110 S",
      "Standard Conformity": "'EN 15804+A2' / 'ISO 14025'",
      "Country Code": "EU-27",
      "Declaration owner": "Sto SE & Co. KGaA",
      "Register Number": "EPD-Kiwa-EE-140610-EN",
      "Reference Quantity": "1",
      "Reference": "qm",
      "Area Weight (kg/m2)": "6.938"
    },
    {
      "UUID": "c93da4c3-94c9-4c86-b092-610cf1cf012f",
      "Name": "FOAMGLAS® T4+",
      "Standard Conformity": "'DIN EN 15804+A2' / 'ISO 14025'",
      "Country Code": "RER",
      "Declaration owner": "Pittsburgh Corning Europe NV",
      "Register Number": "EPD-PCE-20200299-IBB1-EN",
      "Reference Quantity": "1",
      "Reference": "kg",
      "Density (kg/m3)": "115.0"
    },
    {
      "UUID": "f0b20a40-b4cb-4c34-9f2e-145e3d9af024",
      "Name": "FOAMGLAS® S3",
      "Standard Conformity": "'DIN EN 15804+A2' / 'ISO 14025'",
      "Country Code": "RER",
      "Declaration owner": "Pittsburgh Corning Europe NV",
      "Register Number": "EPD-PCE-20200302-IBA1-EN",
      "Reference Quantity": "1",
      "Reference": "kg",
      "Density (kg/m3)": "130.0"
    },
    {
      "UUID": "f27b04a9-2fa2-4ac2-8c5f-03addd0a643a",
      "Name": "FOAMGLAS® F",
      "Standard Conformity": "'DIN EN 15804+A2' / 'ISO 14025'",
      "Country Code": "RER",
      "Declaration owner": "Pittsburgh Corning Europe NV",
      "Register Number": "EPD-PCE-20200301-IBA1-EN",
      "Reference Quantity": "1",
      "Reference": "kg",
      "Density (kg/m3)": "165.0"
    },
    {
      "UUID": "f8ff7cbf-f3bb-4499-95e2-8268dd84fab1",
      "Name": "FOAMGLAS® T3+",
      "Standard Conformity": "'DIN EN 15804+A2' / 'ISO 14025'",
      "Country Code": "RER",
      "Declaration owner": "Pittsburgh Corning Europe NV",
      "Register Number": "EPD-PCE-20200300-IBB1-EN",
      "Reference Quantity": "1",
      "Reference": "kg",
      "Density (kg/m3)": "100.0"
    }
  ]
}