{
  "type": "materials",
  "path": "Beschichtungen / Innenbeschichtungen / Innenfarben",
  "items": [
    {
      "UUID": "198223f3-acee-40be-93bb-0e7b365cacfc",
      "Name": "Lime colour",
      "Standard Conformity": "'EN 15804+A2 (EF 3.1)'",
      "Country Code": "DE",
      "Declaration owner": "Sphera Solutions GmbH",
      "Reference Quantity": "1",
      "Reference": "kg",
      "Area Weight (kg/m2)": "0.2"
    },
    {
      "UUID": "b0b25f5c-0982-4f75-b75b-bb28f5807b64",
      "Name": "Application paint emulsion, interior, wear resistant",
      "Standard Conformity": "'EN 15804+A2 (EF 3.1)'",
      "Country Code": "DE",
      "Declaration owner": "Sphera Solutions GmbH",
      "Reference Quantity": "1",
      "Reference": "kg"
    }
  ]
}