{
  "type": "materials",
  "path": "Gebäudetechnik / Heizung / Wärmeverteilung und Abgabe",
  "items": [
    {
      "UUID": "0217528c-35f5-47e0-84e5-ef6fb9b411f6",
      "Name": "MAGNA 3 D 80-100/120 (Cast Iron)",
      "Standard Conformity": "'DIN EN 15804+A2' / 'ISO 14025'",
      "Country Code": "DE",
      "Declaration owner": "Grundfos Holding A/S",
      "Register Number": "EPD-GRU-20240191-CBA1-EN",
      "Reference Quantity": "1",
      "Reference": "pcs."
    },
    {
      "UUID": "0a4ea78f-16a8-404b-aa76-975e5069e7f5",
      "Name": "MAGNA 3 D 65-150 (Cast Iron)",
      "Standard Conformity": "'DIN EN 15804+A2' / 'ISO 14025'",
      "Country Code": "DE",
      "Declaration owner": "Grundfos Holding A/S",
      "Register Number": "EPD-GRU-20240190-CBA1-EN",
      "Reference Quantity": "1",
      "Reference": "pcs."
    },
    {
      "UUID": "1a1a7fbd-a92e-4c1b-88bf-f8f65d0e335c",
      "Name": "MAGNA3 100-80/100/120 (Cast Iron)",
      "Standard Conformity": "'DIN EN 15804+A2' / 'ISO 14025'",
      "Country Code": "RER",
      "Declaration owner": "Grundfos Holding A/S",
      "Register Number": "EPD-GRU-20230075-CBC1-EN",
      "Reference Quantity": "1",
      "Reference": "pcs."
    },
    {
      "UUID": "1f385629-8c22-448c-ba07-8d4abac49a5b",
      "Name": "MAGNA3 65-40/60 (Stainless Steel)",
      "Standard Conformity": "'DIN EN 15804+A2' / 'ISO 14025'",
      "Country Code": "RER",
      "Declaration owner": "Grundfos Holding A/S",
      "Register Number": "EPD-GRU-20240014-CBA1-EN",
      "Reference Quantity": "1",
      "Reference": "pcs."
    },
    {
      "UUID": "20030720-2773-419a-89f1-060278286ad7",
      "Name": "Zehnder Charleston Multicolumn Radiator",
      "Standard Conformity": "'EN 15804+A2' / 'ISO 14025'",
      "Country Code": "DE",
      "Declaration owner": "Zehnder Group Deutschland GmbH",
      "Register Number": "EPD-Kiwa-EE-000394-EN",
      "Reference Quantity": "1",
      "Reference": "kg",
      "Density (kg/m3)": "7850.0"
    },
    {
      "UUID": "2096b4ad-e520-4bcc-a1ad-4d78b354a8ce",
      "Name": "MAGNA3 40-120/150/180 (Stainless Steel)",
      "Standard Conformity": "'DIN EN 15804+A2' / 'ISO 14025'",
      "Country Code": "RER",
      "Declaration owner": "Grundfos Holding A/S",
      "Register Number": "EPD-GRU-20240015-CBA1-EN",
      "Reference Quantity": "1",
      "Reference": "pcs."
    },
    {
      "UUID": "25c28a61-6ac7-4a5f-92f6-daf88269711b",
      "Name": "MAGNA3 100-40/60 (Cast Iron)",
      "Standard Conformity": "'DIN EN 15804+A2' / 'ISO 14025'",
      "Country Code": "RER",
      "Declaration owner": "Grundfos Holding A/S",
      "Register Number": "EPD-GRU-20230074-CBC1-EN",
      "Reference Quantity": "1",
      "Reference": "pcs."
    },
    {
      "UUID": "36b822fe-af51-4742-a94e-4159791a9f32",
      "Name": "Underfloor heating system PP (100mm distance)",
      "Standard Conformity": "'EN 15804+A2 (EF 3.1)'",
      "Country Code": "DE",
      "Declaration owner": "Sphera Solutions GmbH",
      "Reference Quantity": "1",
      "Reference": "qm",
      "Area Weight (kg/m2)": "1.9"
    },
    {
      "UUID": "3a9b06e9-50a1-44a3-b923-6b66b89d16e0",
      "Name": "Steel pipe",
      "Standard Conformity": "'EN 15804+A2 (EF 3.1)'",
      "Country Code": "DE",
      "Declaration owner": "Sphera Solutions GmbH",
      "Reference Quantity": "1",
      "Reference": "kg",
      "Density (kg/m3)": "7850.0"
    },
    {
      "UUID": "4a64b834-1c75-40e8-a7c9-cc1fff34a915",
      "Name": "Polybutadiene pipe",
      "Standard Conformity": "'EN 15804+A2 (EF 3.1)'",
      "Country Code": "DE",
      "Declaration owner": "Sphera Solutions GmbH",
      "Reference Quantity": "1",
      "Reference": "kg"
    },
    {
      "UUID": "4b093d9d-14f3-4403-8fa6-099083a57c9e",
      "Name": "MAGNA3 50-40/60/80/100/120 F (Stainless Steel) and MAGNA3 32-120 F (Stainless Steel)",
      "Standard Conformity": "'DIN EN 15804+A2' / 'ISO 14025'",
      "Country Code": "DE",
      "Declaration owner": "Grundfos Holding A/S",
      "Register Number": "EPD-GRU-20240018-CBA3-EN",
      "Reference Quantity": "1",
      "Reference": "pcs."
    },
    {
      "UUID": "58ea368c-24fa-4cf3-9f08-f140a2be6a72",
      "Name": "Underfloor heating system copper (200mm distance)",
      "Standard Conformity": "'EN 15804+A2 (EF 3.1)'",
      "Country Code": "DE",
      "Declaration owner": "Sphera Solutions GmbH",
      "Reference Quantity": "1",
      "Reference": "qm",
      "Area Weight (kg/m2)": "3.3"
    },
    {
      "UUID": "5ad90c89-55b4-495f-9879-9b19356a2d1a",
      "Name": "Mineral wool insulation panel",
      "Standard Conformity": "'EN 15804+A2 (EF 3.1)'",
      "Country Code": "DE",
      "Declaration owner": "Sphera Solutions GmbH",
      "Reference Quantity": "1",
      "Reference": "m3",
      "Density (kg/m3)": "146.4"
    },
    {
      "UUID": "6760ad7b-1996-4fa2-b986-158965d38298",
      "Name": "MAGNA 3 D 65-40/60 (Cast Iron)",
      "Standard Conformity": "'DIN EN 15804+A2' / 'ISO 14025'",
      "Country Code": "DE",
      "Declaration owner": "Grundfos Holding A/S",
      "Register Number": "EPD-GRU-20240163-CBA1-EN",
      "Reference Quantity": "1",
      "Reference": "pcs."
    },
    {
      "UUID": "6c0ae55f-18da-4015-989e-dc3b394022e5",
      "Name": "Underfloor heating system copper (100mm distance)",
      "Standard Conformity": "'EN 15804+A2 (EF 3.1)'",
      "Country Code": "DE",
      "Declaration owner": "Sphera Solutions GmbH",
      "Reference Quantity": "1",
      "Reference": "qm",
      "Area Weight (kg/m2)": "5.7"
    },
    {
      "UUID": "6df87c0f-ba78-4556-ae3d-1a15e8c718cb",
      "Name": "MAGNA3 D 65-80/100/120 (Cast Iron)",
      "Standard Conformity": "'DIN EN 15804+A2' / 'ISO 14025'",
      "Country Code": "DE",
      "Declaration owner": "Grundfos Holding A/S",
      "Register Number": "EPD-GRU-20240167-CBA1-EN",
      "Reference Quantity": "1",
      "Reference": "pcs."
    },
    {
      "UUID": "7093493b-6b5c-42f5-9975-1b9ff71df252",
      "Name": "Steel radiator",
      "Standard Conformity": "'DIN EN 15804+A2' / 'ISO 14025'",
      "Country Code": "RER",
      "Declaration owner": "Kermi GmbH",
      "Register Number": "EPD-KER-20230254-CCB1-DE",
      "Reference Quantity": "1",
      "Reference": "kg",
      "Density (kg/m3)": "30.66"
    },
    {
      "UUID": "74c0a5ae-2c1b-412f-8760-7d43da170d49",
      "Name": "ALPHA2, ALPHA1, ALPHA2 L, ALPHA1.1, ALPHA2.1, ALPHA2.2 (Cast Iron)",
      "Standard Conformity": "'DIN EN 15804+A2' / 'ISO 14025'",
      "Country Code": "RER",
      "Declaration owner": "Grundfos Holding A/S",
      "Register Number": "EPD-GRU-20240021-CCD2-EN",
      "Reference Quantity": "1",
      "Reference": "pcs."
    },
    {
      "UUID": "78c21523-9e8f-453a-8dac-8730439307f1",
      "Name": "MAGNA3 D 80-40/60/80 (Cast Iron)",
      "Standard Conformity": "'DIN EN 15804+A2' / 'ISO 14025'",
      "Country Code": "DE",
      "Declaration owner": "Grundfos Holding A/S",
      "Register Number": "EPD-GRU-20240166-CBA1-EN",
      "Reference Quantity": "1",
      "Reference": "pcs."
    },
    {
      "UUID": "9b6db56a-bf13-4f56-a0aa-44c3119502e1",
      "Name": "Radiator",
      "Standard Conformity": "'EN 15804+A2 (EF 3.1)'",
      "Country Code": "DE",
      "Declaration owner": "Sphera Solutions GmbH",
      "Reference Quantity": "1",
      "Reference": "kg"
    },
    {
      "UUID": "a263b9d9-b356-4bfe-82c4-e26fff10b82a",
      "Name": "MAGNA3 80-100/120 (Cast Iron)",
      "Standard Conformity": "'DIN EN 15804+A2' / 'ISO 14025'",
      "Country Code": "RER",
      "Declaration owner": "Grundfos Holding A/S",
      "Register Number": "EPD-GRU-20230080-CBC1-EN",
      "Reference Quantity": "1",
      "Reference": "pcs."
    },
    {
      "UUID": "a35ffe19-d6bb-4607-b860-66351c5ea9c0",
      "Name": "MAGNA3 65-150 (Stainless Steel)",
      "Standard Conformity": "'DIN EN 15804+A2' / 'ISO 14025'",
      "Country Code": "DE",
      "Declaration owner": "Grundfos Holding A/S",
      "Register Number": "EPD-GRU-20240019-CBA1-EN",
      "Reference Quantity": "1",
      "Reference": "pcs."
    },
    {
      "UUID": "a531d761-fe36-47ab-880e-712b12c9b3b1",
      "Name": "MAGNA3 40-80/100 (Stainless Steel)",
      "Standard Conformity": "'DIN EN 15804+A2' / 'ISO 14025'",
      "Country Code": "RER",
      "Declaration owner": "Grundfos Holding A/S",
      "Register Number": "EPD-GRU-20240016-CBA1-EN",
      "Reference Quantity": "1",
      "Reference": "pcs."
    },
    {
      "UUID": "a713637f-6908-46cd-bd4c-96df53465bc0",
      "Name": "MAGNA3 65-80/100/120 (Stainless Steel)",
      "Standard Conformity": "'DIN EN 15804+A2' / 'ISO 14025'",
      "Country Code": "DE",
      "Declaration owner": "Grundfos Holding A/S",
      "Register Number": "EPD-GRU-20240017-CBA1-EN",
      "Reference Quantity": "1",
      "Reference": "pcs."
    },
    {
      "UUID": "b33e1c3f-9ad8-4b5f-8359-11f80ea7f1c0",
      "Name": "Polypropylene pipe",
      "Standard Conformity": "'EN 15804+A2 (EF 3.1)'",
      "Country Code": "DE",
      "Declaration owner": "Sphera Solutions GmbH",
      "Reference Quantity": "1",
      "Reference": "kg"
    },
    {
      "UUID": "cbaeccda-2f53-4e36-a9d2-00dbb6e12ff4",
      "Name": "MAGNA 3 D 40-120/150/180 (Cast Iron)",
      "Standard Conformity": "'DIN EN 15804+A2' / 'ISO 14025'",
      "Country Code": "DE",
      "Declaration owner": "Grundfos Holding A/S",
      "Register Number": "EPD-GRU-20240164-CBA1-EN",
      "Reference Quantity": "1",
      "Reference": "pcs."
    },
    {
      "UUID": "cce04b3e-07c7-4852-a2a7-46b95d62ae30",
      "Name": "MAGNA 3 D 100-40/60 (Cast Iron)",
      "Standard Conformity": "'DIN EN 15804+A2' / 'ISO 14025'",
      "Country Code": "DE",
      "Declaration owner": "Grundfos Holding A/S",
      "Register Number": "EPD-GRU-20240162-CBA1-EN",
      "Reference Quantity": "1",
      "Reference": "pcs."
    },
    {
      "UUID": "cd20706c-8408-4334-8f2c-65fa2484dc0c",
      "Name": "MAGNA3 D 40-80/100 (Cast Iron)",
      "Standard Conformity": "'DIN EN 15804+A2' / 'ISO 14025'",
      "Country Code": "DE",
      "Declaration owner": "Grundfos Holding A/S",
      "Register Number": "EPD-GRU-20240165-CBA1-EN",
      "Reference Quantity": "1",
      "Reference": "pcs."
    },
    {
      "UUID": "ce17aa80-9649-47ae-abd8-eb45488e4af7",
      "Name": "Underfloor heating system PEX (200mm distance)",
      "Standard Conformity": "'EN 15804+A2 (EF 3.1)'",
      "Country Code": "DE",
      "Declaration owner": "Sphera Solutions GmbH",
      "Reference Quantity": "1",
      "Reference": "qm",
      "Area Weight (kg/m2)": "1.4"
    },
    {
      "UUID": "cf1ee42d-29c7-48d4-9663-5082acdc3359",
      "Name": "EPDM foam (pipe insulation)",
      "Standard Conformity": "'EN 15804+A2 (EF 3.1)'",
      "Country Code": "DE",
      "Declaration owner": "Sphera Solutions GmbH",
      "Reference Quantity": "1",
      "Reference": "m3",
      "Density (kg/m3)": "55.0"
    },
    {
      "UUID": "d40db14f-9662-4ed5-a281-212244f1c06b",
      "Name": "MAGNA 3 D 100-80/100/120 (Cast Iron)",
      "Standard Conformity": "'DIN EN 15804+A2' / 'ISO 14025'",
      "Country Code": "DE",
      "Declaration owner": "Grundfos Holding A/S",
      "Register Number": "EPD-GRU-20240192-CBA1-EN",
      "Reference Quantity": "1",
      "Reference": "pcs."
    },
    {
      "UUID": "daba3305-6fa0-4035-bcd7-0e3534a01586",
      "Name": "Mineral wool pipe jacket",
      "Standard Conformity": "'EN 15804+A2 (EF 3.1)'",
      "Country Code": "DE",
      "Declaration owner": "Sphera Solutions GmbH",
      "Reference Quantity": "1",
      "Reference": "m3",
      "Density (kg/m3)": "151.0"
    },
    {
      "UUID": "e56041d7-4bb8-4529-a477-e93feba56291",
      "Name": "MAGNA3 D 50-40/60/80 (Cast Iron)",
      "Standard Conformity": "'DIN EN 15804+A2' / 'ISO 14025'",
      "Country Code": "DE",
      "Declaration owner": "Grundfos Holding A/S",
      "Register Number": "EPD-GRU-20240168-CBA1-EN",
      "Reference Quantity": "1",
      "Reference": "pcs."
    },
    {
      "UUID": "e787b7b8-6846-4d3f-b72b-d587e6833613",
      "Name": "Underfloor heating system PEX (100mm distance)",
      "Standard Conformity": "'EN 15804+A2 (EF 3.1)'",
      "Country Code": "DE",
      "Declaration owner": "Sphera Solutions GmbH",
      "Reference Quantity": "1",
      "Reference": "qm",
      "Area Weight (kg/m2)": "1.9"
    },
    {
      "UUID": "f4aa8b0b-1b30-4621-9af8-ace815d8ee48",
      "Name": "Underfloor heating system PP (200mm distance)",
      "Standard Conformity": "'EN 15804+A2 (EF 3.1)'",
      "Country Code": "DE",
      "Declaration owner": "Sphera Solutions GmbH",
      "Reference Quantity": "1",
      "Reference": "qm",
      "Area Weight (kg/m2)": "1.4"
    }
  ]
}