{
  "type": "categories",
  "path": "Beschichtungen",
  "items": [
    {
      "name": "Bituminöse Anstriche",
      "path": "Bituminöse_Anstriche/index.json"
    },
    {
      "name": "Fassadenfarben",
      "path": "Fassadenfarben/index.json"
    },
    {
      "name": "Grundierungen",
      "path": "Grundierungen/index.json"
    },
    {
      "name": "Innenbeschichtungen",
      "path": "Innenbeschichtungen/index.json"
    },
    {
      "name": "Lacke und Lasuren",
      "path": "Lacke_und_Lasuren/index.json"
    },
    {
      "name": "Reaktionsharze",
      "path": "Reaktionsharze/index.json"
    }
  ]
}