{
    "Target Layer of Material Inference": {
        "Material Name": "Archisonic Charcoal",
        "Thickness": 0.012,
        "Thickness Unit": "METRE",
        "Layer Number": 1
    },
    "Building Element Context": {
        "Element Metadata": {
            "Name": "Basic Wall:Innenwandelement Archisonic abnehmbar mit Einschnitten:7642381",
            "UID": "1100450",
            "GlobalId": "17oI0mP4L0MAQhxvCbsCkL",
            "Type": "IfcWallStandardCase",
            "ObjectType": "Basic Wall:Innenwandelement Archisonic abnehmbar mit Einschnitten",
            "Classification": "Not defined",
            "Decomposes": {},
            "Is Decomposed By": []
        },
        "Other Material Layers": [
            {
                "Material Name": "MDF",
                "Thickness": 0.012,
                "Thickness Unit": "METRE",
                "Layer Number": 2
            }
        ],
        "Layer Set Metadata": {
            "IfcEntity": "IfcMaterialLayerSetUsage",
            "Layer Set Name": "Basic Wall:Innenwandelement Archisonic abnehmbar mit Einschnitten",
            "Layer Set Description": "Unknown",
            "Layer Set Total Thickness": "Unknown",
            "Layer Direction and Growth description": "Layers are stacked perpendicular to the element's length, growing in the opposite direction from its reference surface."
        },
        "Element Geometry Data": {
            "Quantities (IFC)": {
                "Width": 0.024,
                "Width unit": "METRE",
                "Length": 0.59,
                "Length unit": "METRE",
                "Height": 1.896,
                "Height unit": "METRE",
                "Gross Side Area": 1.1186,
                "Gross Side Area unit": "SQUARE_METRE",
                "Net Side Area": 1.0186,
                "Net Side Area unit": "SQUARE_METRE",
                "Gross Footprint Area": 0.0142,
                "Gross Footprint Area unit": "SQUARE_METRE",
                "Gross Volume": 0.0268,
                "Gross Volume unit": "CUBIC_METRE",
                "Net Volume": 0.0244,
                "Net Volume unit": "CUBIC_METRE"
            },
            "Geometric Representation": [
                "Curve2D",
                "SweptSolid"
            ],
            "Quantities (COMPAS)": {
                "Net Volume": 24447360.0,
                "Net Volume unit": "CUBIC_METRE",
                "Entire Surface Area": 2214208.0,
                "Entire Surface Area unit": "SQUARE_METRE"
            },
            "Bounding Box Dimensions (OBB - local frame)": {
                "X": 0.02,
                "Y": 0.59,
                "Z": 1.9,
                "Bounding Box Dimensions Unit": "METRE"
            },
            "Bounding Box Volume": 0.0224,
            "Real Volume to Bounding Box Volume Ratio": 1091400000.0,
            "Face Count (tessellated element)": {
                "Face Count": 52
            },
            "Vertex Count (tessellated element)": {
                "Vertex Count": 72
            },
            "Edge Count (tessellated element)": {
                "Edge Count": 114
            },
            "Primary Object Axis (Cardinal Direction)": "N"
        },
        "Element Property Sets": {
            "Psets Element": {
                "Related to Mass": "False",
                "Room Bounding": "True",
                "Base Extension Distance": "0.0",
                "Base is Attached": "False",
                "Cross-Section": "Vertical",
                "Location Line": "Core Face: Exterior",
                "Top Extension Distance": "0.0",
                "Top is Attached": "False",
                "Base Constraint": "Level: 01_Galerie",
                "Top Constraint": "Level: 01_Brüstung",
                "Base Offset": "16.0",
                "Top Offset": "-18.0",
                "Unconnected Height": "1896.0",
                "Area": "1.01863999999995",
                "Length": "590.0",
                "Volume": "0.0244473599999987",
                "Edited by": "",
                "Workset": "Innenausbau",
                "Comments": "Echopanel, 24mm, aufgezogen auf Metallrahmen, befestigt an Metallwinkel an Boden und Decke",
                "Category": "Walls",
                "Family": "Basic Wall: Innenwandelement Archisonic abnehmbar mit Einschnitten",
                "Family and Type": "Basic Wall: Innenwandelement Archisonic abnehmbar mit Einschnitten",
                "Type": "Basic Wall: Innenwandelement Archisonic abnehmbar mit Einschnitten",
                "Type Id": "Basic Wall: Innenwandelement Archisonic abnehmbar mit Einschnitten",
                "Phase Created": "Zu Bauen",
                "Enable Analytical Model": "False",
                "Structural": "False",
                "Structural Usage": "Non-bearing"
            },
            "Psets Object Type": {
                "Analytical Properties.Roughness": "3",
                "Analytical Properties.Absorptance": "0.7",
                "Construction.Function": "Exterior",
                "Construction.Wrapping at Ends": "None",
                "Construction.Wrapping at Inserts": "Do not wrap",
                "Construction.Width": "24.0",
                "Data.Unternehmer": "Künzli",
                "Graphics.Coarse Scale Fill Pattern": "<Solid fill",
                "Graphics.Coarse Scale Fill Color": "8421504",
                "Identity Data.Edited by": "",
                "Identity Data.Assembly Code": "",
                "Identity Data.Assembly Description": "",
                "Identity Data.Workset": "Wall Types",
                "Identity Data.Model": "",
                "Identity Data.Cost": "0.0",
                "Identity Data.Description": "TYP B2",
                "Identity Data.Type Name": "Innenwandelement Archisonic abnehmbar mit Einschnitten",
                "Materials and Finishes.Structural Material": "MDF",
                "Other.Category": "Walls",
                "Other.Family Name": "Basic Wall"
            }
        },
        "Element Location": {
            "Storeys Map": {
                "00_Betonplatte": {
                    "Elevation": -0.54,
                    "Unit": "meters"
                },
                "00_Eingang": {
                    "Elevation": 0.0,
                    "Unit": "meters"
                },
                "01_Galerie": {
                    "Elevation": 2.92,
                    "Unit": "meters"
                }
            },
            "Element Located in Storey": "01_Galerie",
            "Spatial Relationship": [
                {
                    "name": "1072",
                    "type": "IfcProject"
                },
                {
                    "name": "Default",
                    "type": "IfcSite"
                },
                {
                    "name": "",
                    "type": "IfcBuilding"
                },
                {
                    "name": "01_Galerie",
                    "type": "IfcBuildingStorey"
                }
            ]
        }
    },
    "CompilationGroupID": "3ece908374"
}