{
    "Target Layer of Material Inference": {
        "Material Name": "Wärmedämmung Mineralwolle, 0.035 W/mK",
        "Thickness": 0.1,
        "Thickness Unit": "METRE",
        "Layer Number": 1
    },
    "Building Element Context": {
        "Element Metadata": {
            "Name": "Basic Wall:Wärmedämmung_200:5056218",
            "UID": "98568",
            "GlobalId": "3Fdt9Q9U97AQifeWSw8yZF",
            "Type": "IfcWall",
            "ObjectType": "Basic Wall:Wärmedämmung_200",
            "Classification": "Not defined",
            "Decomposes": {},
            "Is Decomposed By": []
        },
        "Other Material Layers": [
            {
                "Material Name": "Wärmedämmung Mineralwolle, 0.035 W/mK",
                "Thickness": 0.1,
                "Thickness Unit": "METRE",
                "Layer Number": 2
            }
        ],
        "Layer Set Metadata": {
            "IfcEntity": "IfcMaterialLayerSet"
        },
        "Element Geometry Data": {
            "Quantities (IFC)": {},
            "Geometric Representation": [
                "Brep",
                "Curve2D"
            ],
            "Quantities (COMPAS)": {
                "Net Volume": 353395239.978,
                "Net Volume unit": "CUBIC_METRE",
                "Entire Surface Area": 4977453.4471,
                "Entire Surface Area unit": "SQUARE_METRE"
            },
            "Bounding Box Dimensions (OBB - local frame)": {
                "X": 0.2,
                "Y": 0.61,
                "Z": 2.94,
                "Bounding Box Dimensions Unit": "METRE"
            },
            "Bounding Box Volume": 0.3587,
            "Real Volume to Bounding Box Volume Ratio": 985211151.3186,
            "Face Count (tessellated element)": {
                "Face Count": 32
            },
            "Vertex Count (tessellated element)": {
                "Vertex Count": 54
            },
            "Edge Count (tessellated element)": {
                "Edge Count": 75
            },
            "Primary Object Axis (Cardinal Direction)": "S"
        },
        "Element Property Sets": {
            "Psets Element": {
                "Related to Mass": "False",
                "Room Bounding": "True",
                "Base Constraint": "Level: 00_Betonplatte",
                "Base Extension Distance": "0.0",
                "Base is Attached": "False",
                "Base Offset": "0.0",
                "Cross-Section": "Vertical",
                "Top Constraint": "Level: 01_Galerie",
                "Top Extension Distance": "0.0",
                "Top is Attached": "False",
                "Location Line": "Finish Face: Exterior",
                "Top Offset": "-475.0",
                "Unconnected Height": "2984.99999999991",
                "Area": "1.78542612506561",
                "Length": "709.000000000021",
                "Volume": "0.353395116781952",
                "Edited by": "",
                "Workset": "Architecture",
                "Category": "Walls",
                "Family": "Basic Wall: Wärmedämmung_200",
                "Family and Type": "Basic Wall: Wärmedämmung_200",
                "Type": "Basic Wall: Wärmedämmung_200",
                "Type Id": "Basic Wall: Wärmedämmung_200",
                "Phase Created": "Zu Bauen",
                "Enable Analytical Model": "False",
                "Structural": "False",
                "Structural Usage": "Non-bearing"
            },
            "Psets Object Type": {
                "Analytical Properties.Roughness": "3",
                "Analytical Properties.Absorptance": "0.7",
                "Analytical Properties.Heat Transfer Coefficient (U)": "0.17",
                "Analytical Properties.Thermal Mass": "0.62821035648",
                "Analytical Properties.Thermal Resistance (R)": "5.88235294117647",
                "Construction.Function": "Exterior",
                "Construction.Width": "200.0",
                "Construction.Wrapping at Ends": "None",
                "Construction.Wrapping at Inserts": "Exterior",
                "Data.Unternehmer": "Künzli",
                "Graphics.Coarse Scale Fill Pattern": "<Solid fill",
                "Graphics.Coarse Scale Fill Color": "12632256",
                "Identity Data.Edited by": "",
                "Identity Data.Assembly Code": "",
                "Identity Data.Assembly Description": "",
                "Identity Data.Cost": "0.0",
                "Identity Data.Type Name": "Wärmedämmung_200",
                "Identity Data.Workset": "Wall Types",
                "Other.Category": "Walls",
                "Other.Family Name": "Basic Wall"
            }
        },
        "Element Location": {
            "Storeys Map": {
                "00_Betonplatte": {
                    "Elevation": -0.54,
                    "Unit": "meters"
                },
                "00_Eingang": {
                    "Elevation": 0.0,
                    "Unit": "meters"
                },
                "01_Galerie": {
                    "Elevation": 2.92,
                    "Unit": "meters"
                }
            },
            "Element Located in Storey": "00_Betonplatte",
            "Spatial Relationship": [
                {
                    "name": "1072",
                    "type": "IfcProject"
                },
                {
                    "name": "Default",
                    "type": "IfcSite"
                },
                {
                    "name": "",
                    "type": "IfcBuilding"
                },
                {
                    "name": "00_Betonplatte",
                    "type": "IfcBuildingStorey"
                }
            ]
        }
    },
    "CompilationGroupID": "0087876720"
}