{
    "Target Layer of Material Inference": {
        "Material Name": "Wärmedämmung Slentex Aerogel",
        "Thickness": 0.046,
        "Thickness Unit": "METRE",
        "Layer Number": 2
    },
    "Building Element Context": {
        "Element Metadata": {
            "Name": "Basic Wall:Blechverkleidung gedämmt:1829613",
            "UID": "52443",
            "GlobalId": "291tSfxvP78A2H_8oVGGZ3",
            "Type": "IfcWallStandardCase",
            "ObjectType": "Basic Wall:Blechverkleidung gedämmt",
            "Classification": "Not defined",
            "Decomposes": {},
            "Is Decomposed By": []
        },
        "Other Material Layers": [
            {
                "Material Name": "Stahl, 45-34, Pulverbeschichtung schwarz",
                "Thickness": 0.003,
                "Thickness Unit": "METRE",
                "Layer Number": 1
            },
            {
                "Material Name": "Stahl, 45-34, Pulverbeschichtung schwarz",
                "Thickness": 0.003,
                "Thickness Unit": "METRE",
                "Layer Number": 3
            }
        ],
        "Layer Set Metadata": {
            "IfcEntity": "IfcMaterialLayerSetUsage",
            "Layer Set Name": "Basic Wall:Blechverkleidung gedämmt",
            "Layer Set Description": "Unknown",
            "Layer Set Total Thickness": "Unknown",
            "Layer Direction and Growth description": "Layers are stacked perpendicular to the element's length, defining its thickness."
        },
        "Element Geometry Data": {
            "Quantities (IFC)": {
                "Width": 0.052,
                "Width unit": "METRE",
                "Length": 0.098,
                "Length unit": "METRE",
                "Height": 1.9528,
                "Height unit": "METRE",
                "Gross Side Area": 0.1914,
                "Gross Side Area unit": "SQUARE_METRE",
                "Net Side Area": 0.1914,
                "Net Side Area unit": "SQUARE_METRE",
                "Gross Footprint Area": 0.0051,
                "Gross Footprint Area unit": "SQUARE_METRE",
                "Gross Volume": 0.01,
                "Gross Volume unit": "CUBIC_METRE",
                "Net Volume": 0.01,
                "Net Volume unit": "CUBIC_METRE"
            },
            "Geometric Representation": [
                "Curve2D",
                "SweptSolid"
            ],
            "Quantities (COMPAS)": {
                "Net Volume": 9951482.9502,
                "Net Volume unit": "CUBIC_METRE",
                "Entire Surface Area": 596032.833,
                "Entire Surface Area unit": "SQUARE_METRE"
            },
            "Bounding Box Dimensions (OBB - local frame)": {
                "X": 0.1,
                "Y": 1.95,
                "Z": 0.05,
                "Bounding Box Dimensions Unit": "METRE"
            },
            "Bounding Box Volume": 0.0098,
            "Real Volume to Bounding Box Volume Ratio": 1015457443.9002,
            "Face Count (tessellated element)": {
                "Face Count": 12
            },
            "Vertex Count (tessellated element)": {
                "Vertex Count": 24
            },
            "Edge Count (tessellated element)": {
                "Edge Count": 30
            },
            "Primary Object Axis (Cardinal Direction)": "Undefined"
        },
        "Element Property Sets": {
            "Psets Element": {
                "Related to Mass": "False",
                "Room Bounding": "True",
                "Base Extension Distance": "0.0",
                "Base is Attached": "False",
                "Cross-Section": "Vertical",
                "Location Line": "Core Face: Exterior",
                "Top Extension Distance": "0.0",
                "Top is Attached": "False",
                "Base Constraint": "Level: 01_Brüstung",
                "Top Constraint": "Level: 02_Dachfirst",
                "Base Offset": "-310.000000000001",
                "Top Offset": "-407.197223268921",
                "Unconnected Height": "1952.80277673117",
                "Area": "0.19137467211967",
                "Length": "124.000000000011",
                "Volume": "0.00995148295022286",
                "Edited by": "",
                "Workset": "Architecture",
                "Category": "Walls",
                "Family": "Basic Wall: Blechverkleidung gedämmt",
                "Family and Type": "Basic Wall: Blechverkleidung gedämmt",
                "Type": "Basic Wall: Blechverkleidung gedämmt",
                "Type Id": "Basic Wall: Blechverkleidung gedämmt",
                "Phase Created": "Zu Bauen",
                "Enable Analytical Model": "False",
                "Structural": "False",
                "Structural Usage": "Non-bearing"
            },
            "Psets Object Type": {
                "Analytical Properties.Roughness": "3",
                "Analytical Properties.Absorptance": "0.7",
                "Analytical Properties.Heat Transfer Coefficient (U)": "0.217385003333237",
                "Analytical Properties.Thermal Mass": "2.2448403103104",
                "Analytical Properties.Thermal Resistance (R)": "4.60013333333333",
                "Construction.Function": "Exterior",
                "Construction.Wrapping at Ends": "None",
                "Construction.Wrapping at Inserts": "Do not wrap",
                "Construction.Width": "52.0",
                "Graphics.Coarse Scale Fill Pattern": "<Solid fill",
                "Graphics.Coarse Scale Fill Color": "8421504",
                "Identity Data.Edited by": "",
                "Identity Data.Assembly Code": "",
                "Identity Data.Assembly Description": "",
                "Identity Data.Workset": "Wall Types",
                "Identity Data.Cost": "0.0",
                "Identity Data.Type Name": "Blechverkleidung gedämmt",
                "Other.Category": "Walls",
                "Other.Family Name": "Basic Wall"
            }
        },
        "Element Location": {
            "Storeys Map": {
                "00_Betonplatte": {
                    "Elevation": -0.54,
                    "Unit": "meters"
                },
                "00_Eingang": {
                    "Elevation": 0.0,
                    "Unit": "meters"
                },
                "01_Galerie": {
                    "Elevation": 2.92,
                    "Unit": "meters"
                }
            },
            "Element Located in Storey": "01_Galerie",
            "Spatial Relationship": [
                {
                    "name": "1072",
                    "type": "IfcProject"
                },
                {
                    "name": "Default",
                    "type": "IfcSite"
                },
                {
                    "name": "",
                    "type": "IfcBuilding"
                },
                {
                    "name": "01_Galerie",
                    "type": "IfcBuildingStorey"
                }
            ]
        }
    },
    "CompilationGroupID": "ce0cc1e825"
}