{
    "Target Layer of Material Inference": {
        "Material Name": "Holzschalung Vertikal, Nadelholz,  schwarz gestrichen",
        "Thickness": 0.02,
        "Thickness Unit": "METRE",
        "Layer Number": 1
    },
    "Building Element Context": {
        "Element Metadata": {
            "Name": "Basic Wall:Holzfassade hinterlüftet:1105047",
            "UID": "8497",
            "GlobalId": "3WYMOXWhn94v_FiR6NbhgP",
            "Type": "IfcWall",
            "ObjectType": "Basic Wall:Holzfassade hinterlüftet",
            "Classification": "Not defined",
            "Decomposes": {},
            "Is Decomposed By": []
        },
        "Other Material Layers": [
            {
                "Material Name": "Luft",
                "Thickness": 0.03,
                "Thickness Unit": "METRE",
                "Layer Number": 2
            },
            {
                "Material Name": "Luft",
                "Thickness": 0.04,
                "Thickness Unit": "METRE",
                "Layer Number": 3
            }
        ],
        "Layer Set Metadata": {
            "IfcEntity": "IfcMaterialLayerSet"
        },
        "Element Geometry Data": {
            "Quantities (IFC)": {},
            "Geometric Representation": [
                "Brep",
                "Curve2D"
            ],
            "Quantities (COMPAS)": {
                "Net Volume": 1676854756.6284,
                "Net Volume unit": "CUBIC_METRE",
                "Entire Surface Area": 38900980.2182,
                "Entire Surface Area unit": "SQUARE_METRE"
            },
            "Bounding Box Dimensions (OBB - local frame)": {
                "X": 0.09,
                "Y": 5.94,
                "Z": 3.22,
                "Bounding Box Dimensions Unit": "METRE"
            },
            "Bounding Box Volume": 1.7214,
            "Real Volume to Bounding Box Volume Ratio": 974122665.6375,
            "Face Count (tessellated element)": {
                "Face Count": 24
            },
            "Vertex Count (tessellated element)": {
                "Vertex Count": 38
            },
            "Edge Count (tessellated element)": {
                "Edge Count": 55
            },
            "Primary Object Axis (Cardinal Direction)": "S"
        },
        "Element Property Sets": {
            "Psets Element": {
                "Related to Mass": "False",
                "Room Bounding": "True",
                "Base Constraint": "Level: 00_Betonplatte",
                "Base Extension Distance": "0.0",
                "Base is Attached": "False",
                "Cross-Section": "Vertical",
                "Location Line": "Core Face: Exterior",
                "Top Constraint": "Level: 01_Galerie",
                "Top Extension Distance": "0.0",
                "Top is Attached": "False",
                "Base Offset": "140.0",
                "Top Offset": "-100.0",
                "Unconnected Height": "3219.99999999991",
                "Area": "18.6501531891445",
                "Length": "5923.34435535199",
                "Volume": "1.67685475662844",
                "Edited by": "",
                "Workset": "Architecture",
                "Category": "Walls",
                "Family": "Basic Wall: Holzfassade hinterlüftet",
                "Family and Type": "Basic Wall: Holzfassade hinterlüftet",
                "Type": "Basic Wall: Holzfassade hinterlüftet",
                "Type Id": "Basic Wall: Holzfassade hinterlüftet",
                "Phase Created": "Zu Bauen",
                "Enable Analytical Model": "False",
                "Structural": "False",
                "Structural Usage": "Non-bearing"
            },
            "Psets Object Type": {
                "Analytical Properties.Roughness": "3",
                "Analytical Properties.Absorptance": "0.7",
                "Analytical Properties.Heat Transfer Coefficient (U)": "0.357142857142857",
                "Analytical Properties.Thermal Mass": "0.00783116885376",
                "Analytical Properties.Thermal Resistance (R)": "2.8",
                "Construction.Function": "Exterior",
                "Construction.Wrapping at Ends": "None",
                "Construction.Wrapping at Inserts": "Do not wrap",
                "Construction.Width": "90.0",
                "Data.Unternehmer": "Künzli",
                "Graphics.Coarse Scale Fill Pattern": "<Solid fill",
                "Graphics.Coarse Scale Fill Color": "12632256",
                "Identity Data.Edited by": "",
                "Identity Data.Assembly Code": "",
                "Identity Data.Assembly Description": "",
                "Identity Data.Workset": "Wall Types",
                "Identity Data.Fire Rating": "",
                "Identity Data.Cost": "0.0",
                "Identity Data.Type Name": "Holzfassade hinterlüftet",
                "Other.Category": "Walls",
                "Other.Family Name": "Basic Wall"
            }
        },
        "Element Location": {
            "Storeys Map": {
                "00_Betonplatte": {
                    "Elevation": -0.54,
                    "Unit": "meters"
                },
                "00_Eingang": {
                    "Elevation": 0.0,
                    "Unit": "meters"
                },
                "01_Galerie": {
                    "Elevation": 2.92,
                    "Unit": "meters"
                }
            },
            "Element Located in Storey": "00_Betonplatte",
            "Spatial Relationship": [
                {
                    "name": "1072",
                    "type": "IfcProject"
                },
                {
                    "name": "Default",
                    "type": "IfcSite"
                },
                {
                    "name": "",
                    "type": "IfcBuilding"
                },
                {
                    "name": "00_Betonplatte",
                    "type": "IfcBuildingStorey"
                }
            ]
        }
    },
    "CompilationGroupID": "78593db8a4"
}