{
  "type": "materials",
  "path": "Dämmstoffe / Extrudiertes Polystyrol (XPS) / XPS weiß",
  "items": [
    {
      "UUID": "64318385-991b-4aec-83a4-99c59f6f2471",
      "Name": "Bachl ReXPS - Extruded Polystyrene (XPS) foam board",
      "Standard Conformity": "'DIN EN 15804+A2' / 'ISO 14025'",
      "Country Code": "RER",
      "Declaration owner": "Karl Bachl Kunststoffverarbeitung GmbH & Co. KG",
      "Register Number": "EPD-BAC-20220231-CBA2-DE",
      "Reference Quantity": "1",
      "Reference": "m3",
      "Density (kg/m3)": "32.7"
    },
    {
      "UUID": "8cd435d4-54ad-48c0-8d9e-9015b491bb79",
      "Name": "Bachl ReXPS - Extruded Polystyrene (XPS) foam board",
      "Standard Conformity": "'DIN EN 15804+A2' / 'ISO 14025'",
      "Country Code": "DE",
      "Declaration owner": "Karl Bachl Kunststoffverarbeitung GmbH & Co. KG",
      "Register Number": "EPD-BAC-20220231-CBA1-EN",
      "Reference Quantity": "1",
      "Reference": "m3",
      "Density (kg/m3)": "32.7"
    },
    {
      "UUID": "a118aeff-f158-495c-b9c6-117ba27ac230",
      "Name": "Austrotherm UNIPLATTE®",
      "Standard Conformity": "'DIN EN 15804+A2' / 'ISO 14025'",
      "Country Code": "RER",
      "Declaration owner": "Austrotherm GmbH",
      "Register Number": "EPD-AUS-20220213-CBA2-DE",
      "Reference Quantity": "1",
      "Reference": "qm",
      "Area Weight (kg/m2)": "3.18",
      "Density (kg/m3)": "28.0"
    },
    {
      "UUID": "b452a1d8-b252-4f3b-914d-1b19bd268a2e",
      "Name": "RAVATHERM? XPS (X) extruded polystyrene foam insulation with non-halogenated blowing agents",
      "Standard Conformity": "'DIN EN 15804+A2' / 'ISO 14025'",
      "Country Code": "RER",
      "Declaration owner": "RBS Germany GmbH",
      "Register Number": "EPD-RAV-20230375-CBD1-EN",
      "Reference Quantity": "1",
      "Reference": "m3",
      "Density (kg/m3)": "34.4"
    },
    {
      "UUID": "c4ddfdbc-ee2b-4dd5-a754-b317cf06470a",
      "Name": "Extruded polystyrene (XPS)",
      "Standard Conformity": "'EN 15804+A2 (EF 3.1)'",
      "Country Code": "DE",
      "Declaration owner": "Sphera Solutions GmbH",
      "Reference Quantity": "1",
      "Reference": "m3",
      "Density (kg/m3)": "32.0"
    },
    {
      "UUID": "cddad814-59d9-4e84-9fa9-8b93b17cda9b",
      "Name": "JACKODUR EVO",
      "Standard Conformity": "'DIN EN 15804+A2' / 'ISO 14025'",
      "Country Code": "RER",
      "Declaration owner": "JACKON Insulation GmbH",
      "Register Number": "EPD-JAC-20220371-CBA1-EN",
      "Reference Quantity": "1",
      "Reference": "m3",
      "Density (kg/m3)": "34.37"
    },
    {
      "UUID": "edbea38c-387d-4c0c-acfa-277b8fb861a6",
      "Name": "RAVATHERM XPS (X) PLUS/ULTRA",
      "Standard Conformity": "'DIN EN 15804+A2' / 'ISO 14025'",
      "Country Code": "RER",
      "Declaration owner": "Ravago Building Solutions Germany GmbH",
      "Register Number": "EPD-RAV-20220157-CBD1-EN",
      "Reference Quantity": "1",
      "Reference": "m3",
      "Density (kg/m3)": "41.9"
    }
  ]
}